gene	chromosome	start	end	CNV_value
A2ML1	chr12	8822621	8887001	-0.06245676698558549
AAMP	chr2	218264123	218270257	0.04712961019326936
AAR2	chr20	36236459	36270918	-0.00019598363105757823
AARSD1	chr17	42950526	42964498	0.04205552195059332
ABAT	chr16	8674596	8784575	0.0024196002195725906
ABCA1	chr9	104781006	104928155	0.0002732261691292298
ABCA10	chr17	69147214	69244846	0.0008409202013293028
ABCA3	chr16	2275881	2340746	0.004755963562036013
ABCA4	chr1	93992834	94121148	0.00046837332385327163
ABCA6	chr17	69078702	69141895	0.0005195564121448308
ABCA7	chr19	1039997	1065572	0.0007065477887497425
ABCA9	chr17	68974488	69060949	0.0005195564121448308
ABCB1	chr7	87503017	87713323	0.02361533438366936
ABCB4	chr7	87401697	87480435	0.02361533438366936
ABCB6	chr2	219209772	219218994	0.04712961019326936
ABCC1	chr16	15949577	16143074	0.0013526902526049963
ABCC12	chr16	48081006	48156018	0.0011365189923910432
ABCC2	chr10	99782640	99852594	-0.00031275390490111805
ABCC3	chr17	50634777	50692253	0.06138244893997961
ABCC4	chr13	95019835	95301475	-0.007268806026474949
ABCC6	chr16	16148928	16223522	0.0013526902526049963
ABCC8	chr11	17392498	17476879	0.00039305162882094546
ABCC9	chr12	21797401	21942529	-0.019128248055308644
ABCD1	chrX	153724856	153744755	
ABCD3	chr1	94418389	94518666	0.00046837332385327163
ABCD4	chr14	74285269	74303055	-0.08500630126655599
ABCF3	chr3	184186023	184194012	0.0006244303440802904
ABCG1	chr21	42199689	42297244	-0.0004919134136229591
ABCG2	chr4	88090150	88231628	-0.09024349304344671
ABHD11	chr7	73736094	73738867	0.007364943431711107
ABHD6	chr3	58237532	58295693	-0.034581866126714336
ABI3	chr17	49210411	49223225	0.07535126543253585
ABI3BP	chr3	100749156	100993515	-0.010707034398929586
ABL1	chr9	130713016	130887675	0.08989715278363561
ABL2	chr1	179099330	179229684	-0.0023899609050197826
ABO	chr9	133250401	133276024	0.1262471458481143
ABTB1	chr3	127672935	127680926	-4.6802366466423495e-05
ABTB2	chr11	34150987	34358010	0.0005369828061021761
ACAA2	chr18	49782164	49813953	-0.03381473962030213
ACACA	chr17	37084992	37406836	0.15987255528592378
ACACB	chr12	109116595	109268226	-1.4710326879244473e-05
ACAP1	chr17	7336529	7351477	-0.0831837900968406
ACAP2	chr3	195274745	195443044	0.000763830438812138
ACAT1	chr11	108116695	108147603	-0.01061669625336271
ACE	chr17	63477061	63498380	0.0006450976308161934
ACE2	chrX	15561033	15602148	
ACHE	chr7	100889994	100896974	0.0006075267652087388
ACKR1	chr1	159203307	159206500	-0.0046171018609826465
ACKR3	chr2	236567787	236582354	0.00869518892229871
ACLY	chr17	41866917	41930542	0.14850357945176026
ACOD1	chr13	76948511	76958638	-0.009424855004045435
ACP5	chr19	11574660	11579008	0.02890830333847734
ACPP	chr3	132317369	132368298	-4.961949320535454e-05
ACRBP	chr12	6638075	6647433	-0.067834381043737
ACRV1	chr11	125671522	125680874	-0.0025993242248592827
ACSL4	chrX	109624244	109733403	
ACTA2	chr10	88935074	88991339	-0.00011881564136523367
ACTBL2	chr5	57480018	57482811	0.0009127546266015542
ACTL6A	chr3	179562886	179588407	0.0003967077982037563
ACTL7A	chr9	108862266	108863756	0.0002732261691292298
ACTN1	chr14	68874143	68979440	-0.05764698793466415
ACTN2	chr1	236664141	236764631	0.1126137462508947
ACTN4	chr19	38647649	38731589	8.397444375947614e-06
ACVR1	chr2	157736444	157876330	1.0182691168045107e-06
ACVR1B	chr12	51951699	51997078	-7.851452747788239e-05
ACVR2A	chr2	147844517	147930826	-3.542801878991141e-05
ACVRL1	chr12	51906908	51923361	-7.851452747788239e-05
ACYP2	chr2	53970838	54305300	0.00013370561209632298
ADA	chr20	44619522	44652233	-0.0001576837495814946
ADAM10	chr15	58588809	58749791	0.003778471682409656
ADAM12	chr10	126012381	126388455	-0.08460334718759766
ADAM17	chr2	9488486	9556732	0.0011069364036231303
ADAM28	chr8	24294069	24359014	6.150810544858858e-05
ADAM33	chr20	3667965	3682246	-0.0013010007569408417
ADAM8	chr10	133262420	133276868	
ADAM9	chr8	38996869	39105261	0.00018892072028431134
ADAMDEC1	chr8	24384285	24406013	6.150810544858858e-05
ADAMTS1	chr21	26835755	26845409	-0.0004919134136229591
ADAMTS12	chr5	33523535	33892019	0.002921602584131437
ADAMTS19	chr5	129460281	129738683	0.0028060040347154002
ADAMTS2	chr5	179110853	179345461	-0.00156094931121706
ADAMTS4	chr1	161184302	161199054	-0.026093719491998346
ADAMTS5	chr21	26917922	26967088	-0.0004919134136229591
ADAMTSL3	chr15	83654088	84039842	-0.000611215282787413
ADAR	chr1	154582057	154628013	0.0033458577655039426
ADCY2	chr5	7396138	7830081	0.005386741082788252
ADCYAP1	chr18	904871	912172	-0.029405424639585172
ADCYAP1R1	chr7	31052461	31111479	-7.848620646750028e-05
ADD1	chr4	2843857	2930076	-0.13543776502304397
ADGRA1	chr10	133070929	133131675	-0.08460334718759766
ADGRA2	chr8	37784191	37844896	0.00021480867466759364
ADGRA3	chr4	22345071	22516066	-0.12133224495448075
ADGRB1	chr8	142449430	142545009	0.006421408472578152
ADGRB2	chr1	31727117	31764893	0.002703013181809804
ADGRD1	chr12	130953907	131141469	
ADGRD2	chr9	124451425	124478589	0.027767993957379063
ADGRE1	chr19	6887566	6940459	0.0008890449453730467
ADGRE2	chr19	14732392	14778560	0.022033621157534114
ADGRE5	chr19	14380501	14408725	0.022033621157534114
ADGRG5	chr16	57542643	57591681	0.005952108749636475
ADGRG6	chr6	142301854	142446266	0.0291946762571223
ADGRL1	chr19	14147743	14206187	0.022033621157534114
ADGRL4	chr1	78889764	79282124	0.00042704823914014586
ADGRV1	chr5	90529344	91164437	0.0007951827129060911
ADIPOQ	chr3	186842704	186858463	0.0008641157790360995
ADIPOR1	chr1	202940826	202958572	0.00010796952266883792
ADIPOR2	chr12	1688574	1788674	-0.029111438765546456
ADM	chr11	10305073	10307397	0.0003643558844173163
ADNP	chr20	50888916	50931437	-0.000336274174793978
ADORA1	chr1	203090654	203167405	0.00010796952266883792
ADORA2A	chr22	24417879	24442357	0.0016049039426985318
ADORA2B	chr17	15944917	15975746	-0.0016948967086537437
ADORA3	chr1	111499429	111503633	0.000568165470478334
ADRA1A	chr8	26748150	26867278	0.0001365661769422252
ADRA1B	chr5	159865080	159973012	-0.00665117178142286
ADRA1D	chr20	4220630	4249287	-0.0005827689728791822
ADRA2A	chr10	111077029	111080907	-0.0034312916843590516
ADRA2B	chr2	96112876	96116571	-5.285337936843565e-05
ADRA2C	chr4	3766348	3768526	-0.13004131408159444
ADRB1	chr10	114043866	114046904	-0.0034312916843590516
ADRB2	chr5	148825245	148828687	-7.430581050845983e-05
ADRB3	chr8	37962990	37966599	0.00021480867466759364
ADTRP	chr6	11712054	11807046	-0.00014473675024242463
AEBP1	chr7	44104345	44114562	6.874616514815643e-05
AFAP1L2	chr10	114294824	114404756	-0.0034312916843590516
AFF1	chr4	86935002	87141054	-0.09024349304344671
AFF2	chrX	148500617	149000663	
AFF3	chr2	99545419	100192428	-5.285337936843565e-05
AFG1L	chr6	108294991	108526796	0.026950898656687563
AFM	chr4	73481745	73504001	-0.08953452306266499
AGAP1	chr2	235494043	236131800	0.00869518892229871
AGAP3	chr7	151085831	151144436	-3.2155516831104314e-05
AGER	chr6	32180968	32184322	5.351353544756713e-05
AGMAT	chr1	15571699	15585051	0.000641076214575656
AGO1	chr1	35869808	35930532	0.007090505912763734
AGR3	chr7	16859412	16881987	-0.00026868920080740685
AGRP	chr16	67482571	67483813	0.009100296179279464
AGTR1	chr3	148697784	148743008	0.00010377308115007898
AGTR2	chrX	116170744	116174974	
AGXT	chr2	240868824	240880502	
AHCY	chr20	34280268	34311802	-0.0002779070822181201
AHR	chr7	16916359	17346152	-0.0002791836801827818
AHRR	chr5	271670	438291	0.008541772995529861
AHSG	chr3	186613060	186621318	0.0008641157790360995
AICDA	chr12	8602170	8612867	-0.06245676698558549
AIF1L	chr9	131096476	131123152	0.08989715278363561
AIFM1	chrX	130129362	130165887	
AIM2	chr1	159062484	159147096	-0.0046171018609826465
AIMP2	chr7	6009255	6023834	-4.729841684267593e-05
AIP	chr11	67483026	67491103	0.009529436209786047
AIRE	chr21	44285838	44298648	-0.0004919134136229591
AJAP1	chr1	4654609	4792534	0.0037400227849095987
AKAP11	chr13	42272152	42323261	-0.014834279020482018
AKAP4	chrX	50190777	50201007	
AKAP8	chr19	15353385	15379798	0.008840247738418376
AKR1B1	chr7	134442356	134459284	3.6567375335077536e-05
AKR1C3	chr10	5035354	5107686	-0.032771326480445666
AKT1	chr14	104769349	104795751	-0.05453383912870634
AKT2	chr19	40230317	40285536	4.6450438081048194e-05
AKT3	chr1	243488233	243851079	0.13960872772036745
AKTIP	chr16	53491040	53504411	0.0015930165906617704
ALAD	chr9	113386312	113401290	0.0015528432279981355
ALCAM	chr3	105366909	105576900	-0.010707034398929586
ALDH1B1	chr9	38392702	38398661	-0.04108948254634385
ALDH2	chr12	111766887	111817532	2.481329132138371e-06
ALDH3A2	chr17	19648136	19685760	-8.797099307625445e-05
ALDH7A1	chr5	126531200	126595362	0.0019488247956638896
ALDOA	chr16	30064164	30070457	0.0007237163116299317
ALG11	chr13	52012398	52033600	-0.011062722026995882
ALG13	chrX	111665811	111760649	
ALG2	chr9	99216425	99221942	0.0002732261691292298
ALG6	chr1	63367575	63438553	0.0021664898695518847
ALG9	chr11	111782195	111871581	-0.00712746846657141
ALK	chr2	29192774	29921586	0.0006508387604871469
ALKBH5	chr17	18183078	18209954	-0.00029845357458371027
ALOX12	chr17	6996049	7010754	-0.09502533670864402
ALOX15	chr17	4630919	4642294	-0.09339503926227377
ALOX5	chr10	45374176	45446119	-0.00035699643743521413
ALPK1	chr4	112285509	112442621	-0.05947985058414736
ALPK3	chr15	84816680	84873482	-0.000611215282787413
ALPL	chr1	21509397	21578410	0.0003457959525731649
ALX1	chr12	85280220	85301784	2.240002122937098e-05
ALYREF	chr17	81887835	81891586	0.009892477408176966
AMACR	chr5	33986165	34008104	0.002921602584131437
AMER1	chrX	64185117	64205708	
AMFR	chr16	56361452	56425545	0.0026440657695812153
AMH	chr19	2249309	2252073	0.0003760747592308218
AMIGO1	chr1	109504178	109509738	0.0006559449915593991
AMIGO3	chr3	49716829	49719684	-0.03629245268400803
AMOT	chrX	112774503	112840815	
ANAPC1	chr2	111611639	111884690	-0.00020503510995936638
ANGPT1	chr8	107249482	107498055	0.003194944585899933
ANGPT2	chr8	6499651	6563409	-0.00038707180952460594
ANGPTL2	chr9	127087348	127122635	0.027767993957379063
ANGPTL3	chr1	62597520	62606313	0.0021664898695518847
ANGPTL4	chr19	8363289	8374370	0.002685610915600622
ANGPTL6	chr19	10092338	10102796	0.010294009387855
ANGPTL7	chr1	11189355	11195981	0.0011102918490641844
ANGPTL8	chr19	11237450	11241943	0.02890830333847734
ANK1	chr8	41653220	41896762	0.00018892072028431134
ANKHD1	chr5	140401814	140539856	0.00034501102998870276
ANKK1	chr11	113387779	113400416	-0.00712746846657141
ANKRD11	chr16	89267630	89490561	0.003182299448751606
ANKRD13A	chr12	109999186	110039763	2.481329132138371e-06
ANKRD13D	chr11	67289300	67302485	0.009529436209786047
ANKRD17	chr4	73073376	73258798	-0.08953452306266499
ANKRD30A	chr10	37125725	37384111	-0.001017365306644463
ANKRD40	chr17	50693198	50707914	0.06138244893997961
ANKRD44	chr2	196967017	197311173	0.000960426168522652
ANKRD6	chr6	89433152	89633834	0.013013075087082358
ANKS1A	chr6	34889255	35091406	7.505368373103886e-05
ANKS1B	chr12	98726457	99984654	2.6482969706054517e-05
ANKS6	chr9	98731329	98796965	-0.00010822378975490355
ANKZF1	chr2	219229783	219236679	0.05646305699567348
ANO1	chr11	70078302	70189528	0.0029738692413235233
ANO3	chr11	26188842	26663289	0.0004973024510201649
ANP32E	chr1	150218417	150236156	0.0015460100015327032
ANPEP	chr15	89784895	89815401	-0.0022121996890148905
ANXA10	chr4	168092537	168187736	-0.0004724715012503752
ANXA2	chr15	60347134	60402883	0.0015568326008209817
ANXA3	chr4	78551747	78610451	-0.0881517336029445
ANXA5	chr4	121667946	121696995	-0.02999896749594418
ANXA8	chr10	47460162	47484158	-0.00035699643743521413
AOAH	chr7	36512941	36724549	-7.848620646750028e-05
AOC3	chr17	42851184	42858130	0.04205552195059332
AOX1	chr2	200586014	200677064	0.003669322906443456
AP1B1	chr22	29327680	29423179	0.00019704791692216856
AP1M1	chr19	16197578	16245907	0.008840247738418376
AP1S3	chr2	223751686	223838027	0.05646305699567348
AP2A1	chr19	49766968	49807113	0.00023390334743419146
AP2A2	chr11	924894	1012245	0.0028128049948089157
AP2M1	chr3	184174689	184184091	0.0006244303440802904
AP3B2	chr15	82659281	82709946	-0.000611215282787413
AP3D1	chr19	2100988	2164468	0.0006555979932898493
AP3M2	chr8	42152946	42171673	0.00018892072028431134
AP5B1	chr11	65773898	65780976	0.011935176169608616
APAF1	chr12	98645141	98735433	2.6482969706054517e-05
APC	chr5	112707498	112846239	0.0011284047209025895
APCDD1	chr18	10454635	10489949	-0.03381473962030213
APELA	chr4	164877178	164898965	-0.0004724715012503752
APEX1	chr14	20455191	20457772	-0.007222248875806015
APEX2	chrX	55000363	55009057	
APH1B	chr15	63276018	63309126	0.0015568326008209817
API5	chr11	43311963	43344529	0.000497399835179321
APLF	chr2	68467572	68655862	9.615995443661535e-05
APLN	chrX	129645259	129654956	
APLNR	chr11	57233577	57237314	0.0005550965363730477
APMAP	chr20	24962925	24992751	-0.0003080128710065813
APOB	chr2	21001429	21044073	0.000914035748314104
APOBEC3B	chr22	38982347	38992804	-0.0017559965505127546
APOBEC3C	chr22	39014257	39020352	-0.0017559965505127546
APOBEC3D	chr22	39021113	39033277	-0.0017559965505127546
APOBEC3F	chr22	39040604	39055972	-0.0017559965505127546
APOBEC3G	chr22	39077067	39087743	-0.0017559965505127546
APOC1	chr19	44914247	44919349	5.298845638138706e-05
APOL1	chr22	36253010	36267530	-0.0001650329339043002
APOL2	chr22	36226209	36239954	-0.0001650329339043002
APOL3	chr22	36140330	36166177	-0.0001650329339043002
APOL6	chr22	35648446	35668404	-0.0001650329339043002
APOM	chr6	31652416	31658210	3.978565542470945e-06
APP	chr21	25880550	26171128	-0.0004919134136229591
APPBP2	chr17	60443158	60526242	0.0026461510323501957
APTX	chr9	32886601	33025130	-0.08977454922074052
AQP4	chr18	26852043	26865771	-0.03381473962030213
AQP5	chr12	49961872	49965682	-0.00017525960290996431
AQP7	chr9	33383179	33402682	-0.08977454922074052
AQP8	chr16	25215731	25228932	0.000703216421654597
AQP9	chr15	58138169	58185911	0.003778471682409656
AR	chrX	67544021	67730619	
ARC	chr8	142611049	142614479	0.006421408472578152
ARF1	chr1	228082660	228099212	0.07395991750218409
ARF6	chr14	49893082	49897054	-0.005458685290380866
ARFIP1	chr4	152779937	152918463	-0.002289617241669375
ARG1	chr6	131470832	131584332	0.03271188110894906
ARG2	chr14	67619920	67651708	-0.05764698793466415
ARHGAP26	chr5	142770377	143229011	-7.430581050845983e-05
ARHGAP35	chr19	46860997	47005077	0.0004753199774616822
ARHGAP36	chrX	131058346	131089885	
ARHGEF2	chr1	155946851	156007070	7.442554915724541e-05
ARHGEF7	chr13	111114559	111305737	-0.0045872845668024
ARID1A	chr1	26693236	26782104	0.000777844687109851
ARID3B	chr15	74541177	74598131	7.468911372748236e-05
ARIH1	chr15	72474330	72602987	0.0003296311294962174
ARL4D	chr17	43398993	43401137	0.04205552195059332
ARL8B	chr3	5122245	5180912	-0.15802454912626523
ARMC5	chr16	31458080	31467166	0.0011365189923910432
ARMC7	chr17	75109952	75130272	0.0015271212748442238
ARMH3	chr10	101845599	102056193	-0.0006966712971070071
ARNT	chr1	150809713	150876708	0.0015460100015327032
ARNTL	chr11	13276652	13387266	0.0003643558844173163
ARR3	chrX	70268305	70281840	
ARRB1	chr11	75260122	75351705	9.71009611571417e-05
ARRB2	chr17	4710596	4721499	-0.09339503926227377
ARRDC3	chr5	91368631	91383317	0.0007951827129060911
ART1	chr11	3645128	3664416	0.0011608171382036139
ART3	chr4	76011184	76112802	-0.0881517336029445
ART4	chr12	14825569	14843526	-0.04334391504790958
ARX	chrX	25003694	25016420	
ASCC2	chr22	29788609	29838304	-0.00016659799599544025
ASCC3	chr6	100508194	100881372	0.019877851625399096
ASCL1	chr12	102957674	102960513	2.4294260196879936e-05
ASCL2	chr11	2268495	2270952	0.0028128049948089157
ASF1B	chr19	14119512	14136613	0.022033621157534114
ASH2L	chr8	38105493	38144076	0.00021480867466759364
ASIC1	chr12	50057548	50083611	-0.00017525960290996431
ASPM	chr1	197084127	197146694	-6.551313756498472e-05
ASPN	chr9	92456205	92482506	-0.002214471468870328
ASTN2	chr9	116425225	117415070	0.012185361668547109
ASXL1	chr20	32358330	32439319	-0.0003080128710065813
ATAD3A	chr1	1512162	1534685	0.005415208816122133
ATF1	chr12	50763710	50821162	-7.851452747788239e-05
ATF2	chr2	175072250	175168382	0.00010865467318467648
ATF3	chr1	212565334	212620777	0.012707105603331733
ATF4	chr22	39519695	39522685	-0.0033673850824723446
ATF6	chr1	161766320	161964070	-0.023969194630851873
ATG10	chr5	81972023	82276857	0.0003868854199734932
ATG16L1	chr2	233210051	233295674	0.03235524370282734
ATG2A	chr11	64894546	64917211	0.007507225461540621
ATG5	chr6	106045423	106325791	0.019877851625399096
ATG7	chr3	11272309	11557665	-0.14557824934984856
ATIC	chr2	215311956	215349773	0.03647947861261257
ATL1	chr14	50532509	50633068	-0.00889636089853597
ATL2	chr2	38293954	38377285	0.000544388298365933
ATL3	chr11	63624087	63671921	0.0017269024335820778
ATM	chr11	108222484	108369102	-0.01061669625336271
ATOH1	chr4	93828753	93830966	-0.08924705924435848
ATOH7	chr10	68230595	68232113	6.351525282950847e-05
ATOH8	chr2	85751344	85791383	7.575779268146809e-05
ATP10D	chr4	47485275	47593486	-0.10639008306385227
ATP13A2	chr1	16985958	17011928	0.0005035449590357965
ATP1A1	chr1	116372668	116410261	0.0002546202242965676
ATP2A2	chr12	110280756	110351093	2.481329132138371e-06
ATP2B1	chr12	89588049	89709300	2.240002122937098e-05
ATP5F1A	chr18	46080248	46104334	-0.03381473962030213
ATP5F1C	chr10	7788147	7807815	-0.012873963989598081
ATP6V1B1	chr2	70935900	70965431	9.615995443661535e-05
ATP6V1H	chr8	53715543	53843558	5.9424233657386705e-05
ATP7A	chrX	77910656	78050395	
ATP7B	chr13	51930436	52012125	-0.011062722026995882
ATPAF1	chr1	46632737	46673867	0.03124479520221401
ATPSCKMT	chr5	10225507	10249897	0.005386741082788252
ATR	chr3	142449007	142578733	3.1363944314348633e-06
ATRX	chrX	77504878	77786233	
ATXN1	chr6	16299112	16761491	0.00013478833979989235
ATXN1L	chr16	71845976	71885268	0.023749211551335886
ATXN2	chr12	111443485	111599676	2.481329132138371e-06
ATXN2L	chr16	28823035	28837237	0.0007237163116299317
ATXN3	chr14	92044496	92106621	-0.08132505423898645
ATXN7L2	chr1	109483479	109492804	0.0006559449915593991
AUNIP	chr1	25831913	25859458	0.0003731099274232452
AURKA	chr20	56369389	56392337	-0.00024289513238184648
AURKB	chr17	8204733	8210600	-0.011612086230343648
AURKC	chr19	57230802	57235548	
AVPR1A	chr12	63142759	63150942	0.0001584562263202007
AVPR1B	chr1	206106936	206117699	0.00021408951442403176
AVPR2	chrX	153902531	153907166	
AXIN1	chr16	287440	352723	0.013170713413434622
AXIN2	chr17	65528563	65561648	0.0005195564121448308
AXL	chr19	41219223	41261766	4.6450438081048194e-05
B3GAT1	chr11	134378504	134412242	
B4GAT1	chr11	66345374	66347629	0.011935176169608616
BAALC	chr8	103140713	103230305	0.0010538214892235856
BAAT	chr9	101360417	101383519	0.0002732261691292298
BACE1	chr11	117285207	117316259	-0.007050972372759938
BACE2	chr21	41167801	41282530	-0.0004919134136229591
BACH2	chr6	89926528	90296908	0.013013075087082358
BAD	chr11	64269830	64284704	0.003685000769892627
BAG2	chr6	57172326	57189833	0.009991160828451709
BAG3	chr10	119651370	119677819	-0.01633029471607391
BAG6	chr6	31639028	31652705	3.978565542470945e-06
BAIAP2	chr17	81035122	81117432	0.009892477408176966
BAK1	chr6	33572547	33580293	7.505368373103886e-05
BANK1	chr4	101411286	102074812	-0.08924705924435848
BAP1	chr3	52401008	52410008	-0.03990214767310227
BARD1	chr2	214725646	214809683	0.03647947861261257
BARHL2	chr1	90711539	90717302	0.00046837332385327163
BARX2	chr11	129375848	129452279	-0.0010996818445793187
BATF	chr14	75522455	75546993	-0.08500630126655599
BATF3	chr1	212686417	212699840	0.012707105603331733
BAX	chr19	48954815	48961798	0.0005090292648720886
BAZ2B	chr2	159318979	159616569	1.0182691168045107e-06
BBC3	chr19	47220822	47232766	0.0004753199774616822
BCAM	chr19	44809071	44821421	5.298845638138706e-05
BCAN	chr1	156641390	156659532	7.442554915724541e-05
BCAR1	chr16	75228181	75268053	0.028847593346476106
BCAR3	chr1	93561741	93847150	0.00046837332385327163
BCAR4	chr16	11819829	11828845	0.0013526902526049963
BCAS3	chr17	60677453	61392838	0.0026461510323501957
BCCIP	chr10	125823546	125853695	-0.08460334718759766
BCHE	chr3	165772904	165837462	0.00022161827416828826
BCKDK	chr16	31106107	31112791	0.0007675638341198598
BCL10	chr1	85265776	85276632	0.00042704823914014586
BCL11A	chr2	60450520	60554467	0.00013370561209632298
BCL11B	chr14	99169287	99272197	-0.06720953592301034
BCL2	chr18	63123346	63320128	-0.03381473962030213
BCL2A1	chr15	79960892	79971196	-9.404975875612471e-05
BCL2L1	chr20	31664452	31723989	-0.0003080128710065813
BCL2L11	chr2	111119378	111168445	-0.00020503510995936638
BCL2L12	chr19	49665142	49673916	0.00023390334743419146
BCL2L13	chr22	17628855	17730855	0.013127863213813222
BCL2L2	chr14	23298790	23311759	-0.0044984535589549495
BCL3	chr19	44747705	44760044	5.298845638138706e-05
BCL6	chr3	187721377	187745725	0.000763830438812138
BCL6B	chr17	7023050	7030290	-0.09502533670864402
BCL7B	chr7	73536356	73557690	0.0013359829688630546
BCL7C	chr16	30833626	30894960	0.0007675638341198598
BCOR	chrX	40049815	40177329	
BCORL1	chrX	129981107	130058083	
BCR	chr22	23179704	23318037	0.005238773645112168
BDKRB1	chr14	96256210	96268967	-0.06720953592301034
BDKRB2	chr14	96204679	96244166	-0.06720953592301034
BDNF	chr11	27654893	27722058	0.0004973024510201649
BEAN1	chr16	66427295	66493529	0.01030756366400854
BECN1	chr17	42810134	42833350	0.04205552195059332
BEX2	chrX	103309346	103311046	
BFSP1	chr20	17493905	17569220	-0.0004207955747306463
BFSP2	chr3	133400056	133475222	-4.961949320535454e-05
BHMT	chr5	79111809	79132288	0.0003868854199734932
BICRAL	chr6	42746958	42868560	0.0019089376526115127
BID	chr22	17734138	17774770	0.013127863213813222
BIK	chr22	43110750	43129712	-0.0018171933487532788
BIRC2	chr11	102347211	102378670	-0.007125414384012746
BIRC5	chr17	78214186	78225636	0.005546386178568871
BIRC7	chr20	63235883	63240495	-2.9782016404695846e-05
BLK	chr8	11486894	11564599	-0.00038707180952460594
BLM	chr15	90717346	90816166	-0.0022121996890148905
BLNK	chr10	96191702	96271587	-0.00013691491743080773
BLOC1S2	chr10	100273280	100286680	-0.00031275390490111805
BLVRA	chr7	43758680	43807342	6.874616514815643e-05
BMI1	chr10	22321099	22331484	-0.004173867097552244
BMP2	chr20	6767686	6780246	-0.0005827689728791822
BMP2K	chr4	78776342	78916372	-0.0881517336029445
BMP4	chr14	53949736	53958761	-0.017738258942879087
BMP5	chr6	55753653	55875590	0.007837123110607812
BMP6	chr6	7726099	7881728	-0.00014473675024242463
BMP7	chr20	57168753	57266641	-0.00024289513238184648
BMP8A	chr1	39491636	39529869	0.04020297401217017
BMP8B	chr1	39757182	39788865	0.04020297401217017
BMPER	chr7	33904308	34156427	-7.848620646750028e-05
BMPR1A	chr10	86756601	86932838	-1.3390626304210829e-05
BMPR1B	chr4	94757955	95158448	-0.08924705924435848
BMPR2	chr2	202376327	202567751	0.016602107157850505
BNC1	chr15	83255903	83284714	-0.000611215282787413
BNC2	chr9	16409503	16870843	-0.11639345456569233
BNIP3	chr10	131966455	131982013	-0.08460334718759766
BOLL	chr2	197726879	197786762	0.003669322906443456
BRAF	chr7	140719327	140924928	2.7583275680340674e-05
BRCA1	chr17	43044295	43170245	0.04205552195059332
BRCA2	chr13	32315086	32400266	-0.028512742914652448
BRD3	chr9	134030305	134068535	0.1262471458481143
BRD4	chr19	15235519	15332545	0.008840247738418376
BRDT	chr1	91949371	92014426	0.00046837332385327163
BRI3BP	chr12	124993645	125031231	0.0013663983693762275
BRINP1	chr9	119153458	119369435	0.012185361668547109
BRIP1	chr17	61679139	61863528	0.0026461510323501957
BRIX1	chr5	34915677	34925996	0.002921602584131437
BRSK2	chr11	1389899	1462689	0.0028128049948089157
BSDC1	chr1	32365103	32394731	0.007090505912763734
BST1	chr4	15703065	15738313	-0.12133224495448075
BTAF1	chr10	91923770	92030325	-8.53649829551621e-05
BTBD9	chr6	38168451	38640148	0.00018092631164101414
BTK	chrX	101349447	101390796	
BTLA	chr3	112463966	112499472	-0.0004695229025423783
BTN3A1	chr6	26402237	26415208	0.00019662951581001786
BTNL2	chr6	32393963	32407128	5.351353544756713e-05
BTNL9	chr5	181040225	181061521	-0.00156094931121706
BTRC	chr10	101354033	101557321	-0.0006966712971070071
BUB1	chr2	110637528	110678063	-0.00020503510995936638
BUB1B	chr15	40161023	40221136	0.0026748072224950254
BVES	chr6	105096822	105137157	0.019877851625399096
C1QBP	chr17	5432777	5448830	-0.09502533670864402
C1QL3	chr10	16513734	16521879	-0.012873963989598081
C1QTNF1	chr17	79022814	79049788	0.005546386178568871
C1QTNF6	chr22	37180166	37199385	-0.00046724729277857445
C1QTNF9	chr13	24307166	24322535	-0.0350962107475691
C1RL	chr12	7089587	7109238	-0.06950850039127196
C3AR1	chr12	8056844	8066359	-0.06245676698558549
C4A	chr6	31982057	32002681	5.351353544756713e-05
C4B	chr6	32014795	32035418	5.351353544756713e-05
C5	chr9	120952335	121050275	0.012185361668547109
C5AR1	chr19	47290023	47322066	0.0004753199774616822
C6	chr5	41142234	41261438	0.001815849488023424
C8B	chr1	56929207	56966140	0.011277118241627561
C8G	chr9	136945185	136946975	0.14757171828843765
C9	chr5	39284140	39424868	0.001815849488023424
CA10	chr17	51630313	52160017	0.06138244893997961
CA12	chr15	63321378	63381846	0.0015568326008209817
CA14	chr1	150257251	150265078	0.0015460100015327032
CA4	chr17	60149942	60170899	0.0026461510323501957
CA9	chr9	35673918	35681159	-0.0661003098837146
CABCOCO1	chr10	61662961	61766766	6.351525282950847e-05
CABP4	chr11	67452406	67460313	0.009529436209786047
CABYR	chr18	24138956	24161603	-0.03381473962030213
CACNA1B	chr9	137877782	138124624	
CACNA1C	chr12	1970786	2697950	-0.029111438765546456
CACNA1D	chr3	53328963	53813733	-0.03990214767310227
CACNA1G	chr17	50560715	50627474	0.06138244893997961
CACNA1H	chr16	1153106	1221771	0.013170713413434622
CACNA2D1	chr7	81946444	82443777	0.020501558681540456
CACNG3	chr16	24255553	24362801	0.000703216421654597
CACNG4	chr17	66964707	67033398	0.0005195564121448308
CACNG5	chr17	66835117	66894751	0.0005195564121448308
CACUL1	chr10	118674167	118755249	-0.01633029471607391
CACYBP	chr1	174999163	175012027	-0.0023899609050197826
CAD	chr2	27217369	27243943	0.0006508387604871469
CADM3	chr1	159171609	159203313	-0.0046171018609826465
CADM4	chr19	43622368	43639850	5.298845638138706e-05
CALB1	chr8	90058608	90095475	0.000569577304024539
CALB2	chr16	71358713	71390436	0.023749211551335886
CALCA	chr11	14966668	14972354	0.00039305162882094546
CALCB	chr11	14904997	15082342	0.0003643558844173163
CALCR	chr7	93424487	93574730	0.01237720993829814
CALCRL	chr2	187341964	187448460	0.0003384719219201136
CALM3	chr19	46601074	46610782	0.0004753199774616822
CALML3	chr10	5524961	5526771	-0.032771326480445666
CALR3	chr19	16479057	16496192	0.008840247738418376
CAMK1	chr3	9757347	9769992	-0.14557824934984856
CAMK2A	chr5	150219491	150290291	-0.0005962277913897806
CAMK2B	chr7	44217150	44334577	6.874616514815643e-05
CAMK2D	chr4	113451032	113761927	-0.05947985058414736
CAMK2G	chr10	73812501	73874591	0.00019179728085799943
CAMKV	chr3	49857988	49869935	-0.03629245268400803
CAMP	chr3	48223347	48225491	-0.038138960032055386
CAMSAP2	chr1	200739558	200860704	4.5618617177241594e-05
CAND1	chr12	67269358	67319953	0.00011380248588039864
CANX	chr5	179678628	179731641	-0.00156094931121706
CAPN1	chr11	65180566	65212006	0.007507225461540621
CAPN3	chr15	42359498	42412949	0.002494240172503986
CARD10	chr22	37490362	37519542	-0.00046724729277857445
CARD11	chr7	2906141	3043945	-4.729841684267593e-05
CARD14	chr17	80169992	80209331	0.005546386178568871
CARD8	chr19	48180770	48255946	0.0005427902172196493
CARD9	chr9	136361903	136373681	0.14757171828843765
CARF	chr2	202912214	202988263	0.016602107157850505
CARM1	chr19	10871513	10923070	0.02890830333847734
CARTPT	chr5	71719275	71721048	0.0003661442890861914
CASC15	chr6	21664185	22654455	0.00019662951581001786
CASC8	chr8	127289817	127482139	0.010706999873066765
CASK	chrX	41514934	41923645	
CASP1	chr11	105025443	105035250	-0.007125414384012746
CASP10	chr2	201182898	201229406	0.003669322906443456
CASP2	chr7	143288215	143307696	8.898160696866219e-05
CASP3	chr4	184627696	184649509	-8.575323636440421e-05
CASP6	chr4	109688622	109703583	-0.05947985058414736
CASP7	chr10	113679162	113730907	-0.0034312916843590516
CASP8	chr2	201233443	201287711	0.016602107157850505
CASP8AP2	chr6	89829894	89874436	0.013013075087082358
CASP9	chr1	15490832	15526534	0.000641076214575656
CASQ2	chr1	115700007	115768781	0.0002546202242965676
CASR	chr3	122183683	122291629	-7.295421950521448e-05
CASS4	chr20	56412112	56460387	-0.00024289513238184648
CASZ1	chr1	10636604	10796650	0.0011102918490641844
CAT	chr11	34438934	34472060	0.0005369828061021761
CATSPER2	chr15	43628503	43668118	0.003103282238128842
CAV2	chr7	116287380	116508541	0.00010812442394252517
CAVIN2	chr2	191834310	191847088	0.000960426168522652
CAVIN3	chr11	6318946	6320532	0.0005403327151397394
CBARP	chr19	1228287	1238027	0.0006555979932898493
CBFB	chr16	67028984	67101058	0.01030756366400854
CBL	chr11	119206298	119313926	-0.006122775933771628
CBLB	chr3	105655461	105869552	-0.0020924142439839462
CBLIF	chr11	59829273	59845499	0.000636943795567946
CBLN1	chr16	49277917	49281838	0.0015930165906617704
CBLN3	chr14	24426545	24430954	-0.00380276823861075
CBLN4	chr20	55997357	56005519	-0.00024289513238184648
CBR1	chr21	36069941	36073166	-0.0004919134136229591
CBS	chr21	43053191	43076943	-0.0004919134136229591
CBSL	chr21	6444869	6468040	-0.0004919134136229591
CBWD2	chr2	113437691	113496204	-0.0001850725697362206
CBX1	chr17	48070052	48101478	0.055925875743425474
CBX3	chr7	26201162	26213607	-0.0001702444357241841
CBX5	chr12	54230942	54280133	2.276256388756982e-05
CBX7	chr22	39120167	39152680	-0.0017559965505127546
CC2D1A	chr19	13906201	13930879	0.022033621157534114
CCAR2	chr8	22604632	22621514	-6.835300857451329e-05
CCAT2	chr8	127400399	127402150	0.010706999873066765
CCBE1	chr18	59430939	59697662	-0.03381473962030213
CCDC102B	chr18	68715209	69055189	-0.04047245549436178
CCDC103	chr17	44899142	44905390	0.01956760265630175
CCDC113	chr16	58231157	58283836	0.005952108749636475
CCDC124	chr19	17933015	17943991	0.001261485372987262
CCDC136	chr7	128790757	128822132	6.73725576128317e-05
CCDC137	chr17	81666737	81673904	0.009892477408176966
CCDC14	chr3	123897305	123961408	-7.295421950521448e-05
CCDC141	chr2	178829757	179050086	0.00010865467318467648
CCDC170	chr6	151494017	151621193	0.00887087449816526
CCDC27	chr1	3746460	3771645	0.0037400227849095987
CCDC33	chr15	74202705	74336472	0.0003296311294962174
CCDC43	chr17	44673069	44689779	0.01956760265630175
CCDC50	chr3	191329085	191398659	0.000763830438812138
CCDC51	chr3	48432164	48440456	-0.038138960032055386
CCDC57	chr17	82101460	82212830	
CCDC6	chr10	59788747	59906556	-0.00010822042522412568
CCDC61	chr19	45995461	46021318	0.0004753199774616822
CCDC62	chr12	122774526	122827528	0.0012394304547421924
CCDC7	chr10	32446140	32882874	-0.001017365306644463
CCDC77	chr12	389273	442642	-0.029111438765546456
CCDC80	chr3	112596794	112649530	-0.0004695229025423783
CCDC86	chr11	60842113	60851081	0.000636943795567946
CCDC9	chr19	47255980	47273701	0.0004753199774616822
CCDC91	chr12	28133249	28581511	-0.0034828923766608943
CCK	chr3	42257825	42266185	-0.07944780010754804
CCKAR	chr4	26481396	26490484	-0.11258455425653785
CCKBR	chr11	6259806	6272127	0.0005403327151397394
CCL1	chr17	34360328	34363233	0.0967543444528365
CCL11	chr17	34285742	34288334	0.010672313811506386
CCL13	chr17	34356480	34358610	0.010672313811506386
CCL14	chr17	35983288	35987004	0.0967543444528365
CCL15	chr17	35996440	36001553	0.0967543444528365
CCL16	chr17	35976493	35981497	0.0967543444528365
CCL17	chr16	57404767	57416063	0.005952108749636475
CCL18	chr17	36064272	36072032	0.15987255528592378
CCL19	chr9	34689570	34691276	-0.0661003098837146
CCL20	chr2	227805739	227817564	0.053689149996191114
CCL22	chr16	57358783	57366189	0.0026440657695812153
CCL23	chr17	36013056	36017972	0.15987255528592378
CCL24	chr7	75811665	75823356	0.007364943431711107
CCL25	chr19	8052767	8062650	0.002685610915600622
CCL26	chr7	75769533	75789896	0.007364943431711107
CCL27	chr9	34661880	34664048	-0.0661003098837146
CCL28	chr5	43376645	43412391	0.0015596860181587495
CCL4	chr17	36103827	36105621	0.15987255528592378
CCL5	chr17	35871491	35880793	0.0967543444528365
CCL7	chr17	34270221	34272242	0.010672313811506386
CCL8	chr17	34319435	34321402	0.010672313811506386
CCN1	chr1	85580761	85583950	0.00042704823914014586
CCN2	chr6	131948176	131951372	0.03271188110894906
CCN3	chr8	119416446	119424434	0.008026174640372587
CCN4	chr8	133191039	133231690	0.006421408472578152
CCN5	chr20	44714844	44728509	-0.0001576837495814946
CCNA1	chr13	36431520	36442870	-0.02203826786417181
CCNA2	chr4	121816444	121823933	-0.02999896749594418
CCNB1	chr5	69167135	69178245	0.0006587734706454372
CCNB2	chr15	59105126	59125045	0.003778471682409656
CCNB3	chrX	50202713	50351914	
CCND1	chr11	69641156	69654474	0.0029738692413235233
CCND2	chr12	4273762	4305353	-0.05197670831832469
CCND3	chr6	41934933	42050357	0.0019089376526115127
CCNDBP1	chr15	43185118	43197177	0.002494240172503986
CCNE1	chr19	29811991	29824312	6.731691575353827e-05
CCNO	chr5	55231152	55233608	0.0009127546266015542
CCNT1	chr12	48688458	48716998	-0.0005779008786248526
CCNY	chr10	35247025	35572669	-0.001017365306644463
CCR1	chr3	46201711	46208313	-0.051547819139238144
CCR2	chr3	46353734	46360928	-0.051547819139238144
CCR3	chr3	46163604	46266706	-0.051547819139238144
CCR4	chr3	32951644	32956349	-0.09406176749711218
CCR5	chr3	46370854	46376206	-0.051547819139238144
CCR6	chr6	167111807	167139696	0.002697462043891199
CCR7	chr17	40553769	40565472	0.17382638367056255
CCR8	chr3	39329709	39333680	-0.07944780010754804
CCR9	chr3	45886504	45903175	-0.051547819139238144
CCRL2	chr3	46407166	46412997	-0.051547819139238144
CCT2	chr12	69585426	69601570	3.762811691452807e-05
CCT3	chr1	156308968	156367873	7.442554915724541e-05
CCT5	chr5	10249929	10266389	0.005386741082788252
CCT6A	chr7	56051685	56063989	0.0013359829688630546
CCT7	chr2	73233420	73253021	7.575779268146809e-05
CCT8	chr21	29055805	29073797	-0.0004919134136229591
CD101	chr1	117001750	117036476	0.0002546202242965676
CD109	chr6	73695785	73828316	0.009991160828451709
CD14	chr5	140631728	140633701	3.4528084362653004e-05
CD151	chr11	832887	839831	0.004814412165801134
CD160	chr1	145719471	145739288	0.0004990616359780521
CD163	chr12	7470813	7503893	-0.06950850039127196
CD163L1	chr12	7346685	7479897	-0.06950850039127196
CD177	chr19	43353686	43363172	6.766533940056776e-05
CD180	chr5	67179613	67196799	0.0006587734706454372
CD19	chr16	28931965	28939342	0.0007237163116299317
CD1A	chr1	158254424	158258269	-0.0005464559093229346
CD1B	chr1	158327951	158331531	-0.0005464559093229346
CD1C	chr1	158289923	158294774	-0.0005464559093229346
CD1D	chr1	158178030	158186427	-0.0005464559093229346
CD1E	chr1	158353696	158357553	-0.0005464559093229346
CD2	chr1	116754430	116769229	0.0002546202242965676
CD200	chr3	112332347	112362812	-0.0020924142439839462
CD207	chr2	70830211	70835816	9.615995443661535e-05
CD209	chr19	7739993	7747564	0.002685610915600622
CD22	chr19	35319261	35347361	6.731691575353827e-05
CD226	chr18	69831158	69961803	-0.04047245549436178
CD24	chr6	106969831	106975627	0.026950898656687563
CD244	chr1	160830160	160862887	-0.017348570493744556
CD247	chr1	167430640	167518610	-0.017182168887364152
CD248	chr11	66314494	66317044	0.011935176169608616
CD27	chr12	6444867	6451718	-0.05197670831832469
CD274	chr9	5450503	5470566	-0.12086401876169456
CD276	chr15	73683966	73714514	0.0003296311294962174
CD28	chr2	203706475	203738912	0.016602107157850505
CD2AP	chr6	47477789	47627263	0.004187942225050373
CD2BP2	chr16	30350773	30355308	0.0007675638341198598
CD300A	chr17	74466399	74484794	0.0008409202013293028
CD300C	chr17	74541073	74546115	0.0008409202013293028
CD300E	chr17	74609885	74623738	0.0015271212748442238
CD302	chr2	159768628	159798255	1.0182691168045107e-06
CD320	chr19	8302127	8308358	0.002685610915600622
CD33	chr19	51225064	51243860	0.00024245146391721717
CD34	chr1	207880972	207911402	0.00596049177159256
CD36	chr7	80369575	80679277	0.020501558681540456
CD38	chr4	15778275	15853232	-0.12133224495448075
CD3E	chr11	118304730	118316175	-0.007050972372759938
CD3EAP	chr19	45406209	45410766	0.0002678663191804061
CD3G	chr11	118344344	118355161	-0.007050972372759938
CD4	chr12	6786858	6820799	-0.067834381043737
CD40	chr20	46118278	46129863	-0.0002644559529816326
CD40LG	chrX	136648158	136660390	
CD44	chr11	35138870	35232402	0.0005369828061021761
CD46	chr1	207752057	207795513	0.00596049177159256
CD47	chr3	108043091	108091862	-0.0020924142439839462
CD5	chr11	61102489	61127852	0.0007399777444848059
CD55	chr1	207321376	207386804	0.0009062435663323369
CD58	chr1	116514534	116571039	0.0002546202242965676
CD59	chr11	33703010	33736491	0.0005369828061021761
CD5L	chr1	157830911	157898256	-0.0005464559093229346
CD6	chr11	60971680	61020377	0.0007399777444848059
CD68	chr17	7579491	7582111	-0.050358427928358436
CD7	chr17	82314868	82317608	
CD70	chr19	6583183	6604103	0.0008890449453730467
CD72	chr9	35609979	35646810	-0.0661003098837146
CD79A	chr19	41877279	41881372	4.6450438081048194e-05
CD79B	chr17	63928740	63932354	0.0006450976308161934
CD80	chr3	119524293	119559614	-0.0004695229025423783
CD82	chr11	44564427	44620358	0.000497399835179321
CD83	chr6	14117256	14136918	0.00013478833979989235
CD84	chr1	160541095	160579516	-0.017348570493744556
CD86	chr3	122055362	122121139	-7.295421950521448e-05
CD8A	chr2	86784610	86808396	3.6650204618020156e-05
CD8B	chr2	86815339	86861924	3.6650204618020156e-05
CD93	chr20	23079360	23086324	-0.00033093272859305436
CD96	chr3	111292719	111665750	-0.0020924142439839462
CD99	chrX	2691187	2741309	
CDA	chr1	20589086	20618903	0.0003457959525731649
CDAN1	chr15	42723544	42737128	0.002494240172503986
CDC123	chr10	12195965	12250589	-0.012873963989598081
CDC14A	chr1	100345001	100520277	0.0005739060561435618
CDC20	chr1	43358981	43363203	0.05196342837794612
CDC25A	chr3	48157146	48188417	-0.038138960032055386
CDC25C	chr5	138285265	138338355	0.00034501102998870276
CDC27	chr17	47117703	47189422	0.02591790497108404
CDC34	chr19	531760	542092	0.0007065477887497425
CDC37	chr19	10391133	10420121	0.02192428639306544
CDC42	chr1	22025511	22101360	0.0002534796543138907
CDC42BPG	chr11	64823052	64844653	0.007507225461540621
CDC6	chr17	40287879	40304657	0.17382638367056255
CDC73	chr1	193121958	193254815	-6.551313756498472e-05
CDCA2	chr8	25459199	25507911	6.150810544858858e-05
CDCA3	chr12	6844793	6852066	-0.067834381043737
CDCA7L	chr7	21900899	21945903	-0.0002791836801827818
CDCP1	chr3	45082277	45146422	-0.051547819139238144
CDH1	chr16	68737292	68835541	0.01358975238224288
CDH11	chr16	64943753	65126112	0.01030756366400854
CDH13	chr16	82626965	83800640	0.028847593346476106
CDH16	chr16	66908122	66918917	0.01030756366400854
CDH2	chr18	27950966	28177130	-0.03381473962030213
CDH22	chr20	46173739	46308498	-0.0002644559529816326
CDH23	chr10	71396920	71815947	0.00019179728085799943
CDH3	chr16	68636189	68722616	0.01358975238224288
CDH5	chr16	66366622	66404784	0.01030756366400854
CDH6	chr5	31193686	31329146	0.002921602584131437
CDH7	chr18	65750252	65890337	-0.04047245549436178
CDHR1	chr10	84194537	84219621	-1.3390626304210829e-05
CDHR2	chr5	176542511	176595974	-0.004553560483529834
CDK1	chr10	60778331	60794852	-0.00010822042522412568
CDK10	chr16	89680737	89696354	0.003182299448751606
CDK12	chr17	39461486	39564907	0.17930124314049634
CDK14	chr7	90466424	91210590	0.02361533438366936
CDK16	chrX	47217860	47229997	
CDK17	chr12	96278261	96400480	2.6482969706054517e-05
CDK18	chr1	205504595	205532793	0.00021408951442403176
CDK2	chr12	55966781	55972789	0.000113869904110443
CDK3	chr17	76000906	76005999	0.003162425782313197
CDK4	chr12	57747727	57756013	0.0001584562263202007
CDK5	chr7	151053815	151057897	-3.2155516831104314e-05
CDK5RAP1	chr20	33358839	33401561	-0.0002779070822181201
CDK6	chr7	92604921	92836594	0.02361533438366936
CDK7	chr5	69234795	69277430	0.0006587734706454372
CDK8	chr13	26254104	26405238	-0.0350962107475691
CDK9	chr9	127785679	127790792	0.027767993957379063
CDKAL1	chr6	20534457	21232404	0.00019662951581001786
CDKL1	chr14	50329404	50416461	-0.00889636089853597
CDKL3	chr5	134286350	134371047	0.0013490207609171442
CDKN1A	chr6	36676460	36687339	0.00018092631164101414
CDKN1B	chr12	12715058	12722369	-0.04334391504790958
CDKN1C	chr11	2883213	2885773	0.0011608171382036139
CDKN2A	chr9	21967753	21995301	-0.10830515652353238
CDKN2AIP	chr4	183444635	183449064	-8.575323636440421e-05
CDKN2B	chr9	22002903	22009305	-0.10830515652353238
CDKN3	chr14	54396849	54420218	-0.017738258942879087
CDR2L	chr17	74987632	75005800	0.0015271212748442238
CDSN	chr6	31115087	31120446	3.6332272243724896e-05
CDV3	chr3	133573730	133590261	-4.961949320535454e-05
CDX1	chr5	150166778	150184558	-0.0005962277913897806
CDX2	chr13	27960918	27969315	-0.028512742914652448
CEACAM1	chr19	42507304	42561234	6.766533940056776e-05
CEACAM3	chr19	41796587	41811554	4.6450438081048194e-05
CEACAM8	chr19	42580243	42595055	6.766533940056776e-05
CEBPA	chr19	33299934	33302534	6.731691575353827e-05
CELSR1	chr22	46360834	46537170	-0.0004463302749011595
CELSR2	chr1	109249539	109275751	0.0005739060561435618
CELSR3	chr3	48636463	48662886	-0.03629245268400803
CEMIP2	chr9	71683366	71816690	-0.04108948254634385
CENPA	chr2	26764289	26801067	0.0007906445295729718
CENPB	chr20	3783851	3786740	-0.0013010007569408417
CENPF	chr1	214603195	214664571	0.012707105603331733
CENPV	chr17	16342534	16353656	-0.00029845357458371027
CEP112	chr17	65635537	66192133	0.0005195564121448308
CEP128	chr14	80476983	80959517	-0.0869916729804872
CEP170	chr1	243124428	243255348	0.13960872772036745
CEP19	chr3	196706277	196712250	0.000273025900581927
CEP44	chr4	174283730	174333380	-0.0004724715012503752
CEP55	chr10	93496612	93529092	-8.53649829551621e-05
CEP85	chr1	26234200	26278808	0.000777844687109851
CES1	chr16	55802851	55833337	0.0026440657695812153
CETP	chr16	56961923	56983845	0.0026440657695812153
CFAP20	chr16	58113592	58129381	0.005952108749636475
CFAP43	chr10	104129888	104232364	-0.0009113920687774904
CFAP46	chr10	132808392	132942823	-0.08460334718759766
CFAP47	chrX	35919734	36385317	
CFB	chr6	31945650	31952084	5.351353544756713e-05
CFC1	chr2	130592165	130599575	-0.00015634009817526003
CFDP1	chr16	75293698	75433503	0.028847593346476106
CFH	chr1	196652043	196747504	-6.551313756498472e-05
CFHR1	chr1	196819757	196832189	-6.551313756498472e-05
CFL2	chr14	34709113	34714823	-0.004081637882656571
CFLAR	chr2	201116154	201176687	0.003669322906443456
CFP	chrX	47623172	47630305	
CFTR	chr7	117287120	117715971	0.00010812442394252517
CGAS	chr6	73413515	73452297	0.009991160828451709
CGB3	chr19	49022869	49024333	0.0005090292648720886
CGNL1	chr15	57375967	57550727	0.003778471682409656
CGRRF1	chr14	54509812	54539292	-0.017738258942879087
CH25H	chr10	89205629	89207317	-0.00011881564136523367
CHAD	chr17	50464496	50468906	0.06138244893997961
CHAF1A	chr19	4402640	4445018	0.00042994040518997746
CHAMP1	chr13	114314482	114337626	
CHD3	chr17	7884796	7912760	-0.011612086230343648
CHD5	chr1	6101787	6180321	0.0037400227849095987
CHD7	chr8	60678740	60868028	5.9424233657386705e-05
CHEK1	chr11	125625665	125676255	-0.0025993242248592827
CHEK2	chr22	28687743	28742422	0.00019704791692216856
CHFR	chr12	132822187	132956304	
CHIT1	chr1	203212827	203273641	0.00010796952266883792
CHKA	chr11	68052859	68121444	0.009529436209786047
CHODL	chr21	17901263	18267373	-0.0004919134136229591
CHRAC1	chr8	140511311	140517154	0.006421408472578152
CHRDL2	chr11	74696429	74731385	9.71009611571417e-05
CHRM1	chr11	62908679	62921807	0.0017269024335820778
CHRM2	chr7	136868669	137020255	2.7583275680340674e-05
CHRM3	chr1	239386565	239915452	0.1126137462508947
CHRM4	chr11	46385098	46386608	0.000497399835179321
CHRM5	chr15	33968497	34067458	0.004043780019024639
CHRNA2	chr8	27459756	27479883	0.0001365661769422252
CHRNA3	chr15	78593052	78621295	-9.404975875612471e-05
CHRNA4	chr20	63343223	63378401	-2.9782016404695846e-05
CHRNA5	chr15	78565520	78595269	-9.404975875612471e-05
CHRNA6	chr8	42752620	42796392	0.00017883905557302356
CHRNA7	chr15	31923438	32173018	0.004588924611061515
CHRNB1	chr17	7445061	7457710	-0.0831837900968406
CHRNB2	chr1	154567778	154580013	0.0033458577655039426
CHRNB3	chr8	42697366	42737407	0.00017883905557302356
CHRNB4	chr15	78624111	78727754	-9.404975875612471e-05
CHST8	chr19	33621953	33773509	6.731691575353827e-05
CHSY3	chr5	129904465	130186634	0.0028060040347154002
CHUK	chr10	100188300	100229596	-0.00031275390490111805
CIDEC	chr3	9866711	9880254	-0.14557824934984856
CIITA	chr16	10866222	10943021	0.0024196002195725906
CILP2	chr19	19538248	19546659	0.00011517494160196627
CINP	chr14	102341102	102362916	-0.05453383912870634
CIP2A	chr3	108549864	108589644	-0.0020924142439839462
CISD2	chr4	102868974	102892807	-0.07936724775730437
CKAP2	chr13	52455429	52476628	-0.011062722026995882
CKAP4	chr12	106237881	106304279	2.4294260196879936e-05
CKAP5	chr11	46743048	46846308	0.0005550965363730477
CKS2	chr9	89311195	89316703	-0.002214471468870328
CLCN3	chr4	169612633	169723673	-0.0004724715012503752
CLCN4	chrX	10156945	10237660	
CLCN5	chrX	49922596	50099235	
CLDN1	chr3	190305707	190322446	0.000763830438812138
CLDN18	chr3	137998735	138033655	3.1363944314348633e-06
CLDN5	chr22	19523024	19527545	0.013127863213813222
CLDN7	chr17	7259903	7263983	-0.0831837900968406
CLEC10A	chr17	7074537	7080307	-0.09502533670864402
CLEC12A	chr12	9951316	9995694	-0.05243142402801554
CLEC14A	chr14	38254000	38256093	-0.005458685290380866
CLEC16A	chr16	10944564	11182186	0.0024196002195725906
CLEC2A	chr12	9898673	9932370	-0.05243142402801554
CLEC4A	chr12	8123632	8138607	-0.06245676698558549
CLEC4C	chr12	7729415	7751605	-0.06950850039127196
CLEC4D	chr12	8509475	8522366	-0.06245676698558549
CLEC4M	chr19	7763149	7769605	0.002685610915600622
CLEC5A	chr7	141927357	141947007	8.898160696866219e-05
CLEC6A	chr12	8455962	8478330	-0.06245676698558549
CLEC7A	chr12	10116777	10130258	-0.05243142402801554
CLEC9A	chr12	10030678	10066031	-0.05243142402801554
CLGN	chr4	140388453	140427661	-0.00494972532125631
CLIC3	chr9	136994608	136996568	
CLIC4	chr1	24745382	24844321	0.0003731099274232452
CLIC6	chr21	34669389	34718227	-0.0004919134136229591
CLIP1	chr12	122271432	122422632	0.0012394304547421924
CLK2	chr1	155262868	155278491	0.0009447256351256569
CLK3	chr15	74598500	74645414	7.468911372748236e-05
CLK4	chr5	178602664	178630615	-0.00156094931121706
CLN3	chr16	28474111	28495575	0.000703216421654597
CLN5	chr13	76990660	77019143	-0.007268806026474949
CLNK	chr4	10486395	10684768	-0.13004131408159444
CLOCK	chr4	55427903	55546909	-0.10385182409368528
CLPTM1L	chr5	1317752	1345099	0.008541772995529861
CLPX	chr15	65148219	65185342	0.0015568326008209817
CLSTN1	chr1	9728926	9823984	0.0021068366157584563
CLSTN2	chr3	139935185	140577397	3.1363944314348633e-06
CLSTN3	chr12	7129698	7158945	-0.06950850039127196
CLTC	chr17	59619689	59696956	0.01803529299547653
CMA1	chr14	24505353	24508265	-0.00380276823861075
CMKLR1	chr12	108288044	108339317	-1.4710326879244473e-05
CMSS1	chr3	99817837	100181732	-0.010707034398929586
CMTM5	chr14	23376773	23379772	-0.0044984535589549495
CMTM8	chr3	32238679	32370321	-0.09406176749711218
CMYA5	chr5	79689836	79800240	0.0003868854199734932
CNDP1	chr18	74534500	74587212	-0.04047245549436178
CNGB1	chr16	57882340	57971128	0.005952108749636475
CNGB3	chr8	86553977	86743675	0.000318216303090948
CNIH4	chr1	224356858	224379459	0.03443925606753613
CNKSR3	chr6	154387515	154510685	0.00887087449816526
CNMD	chr13	52703264	52739820	-0.011062722026995882
CNNM1	chr10	99329356	99394330	-0.00031275390490111805
CNNM3	chr2	96816245	96835382	-5.285337936843565e-05
CNOT1	chr16	58519951	58629885	0.005952108749636475
CNP	chr17	41966763	41977740	0.14850357945176026
CNR1	chr6	88139864	88166359	0.013013075087082358
CNR2	chr1	23870515	23913362	0.0003731099274232452
CNRIP1	chr2	68284171	68320051	9.615995443661535e-05
CNST	chr1	246566444	246668595	0.13960872772036745
CNTF	chr11	58622665	58625733	0.000636943795567946
CNTLN	chr9	17134982	17503923	-0.11639345456569233
CNTN2	chr1	205042937	205078289	0.00021408951442403176
CNTN6	chr3	1092658	1404217	-0.15802454912626523
CNTNAP1	chr17	42682531	42699993	0.10463334982052944
CNTNAP3	chr9	39072767	39288315	-0.04108948254634385
CNTNAP4	chr16	76277278	76560757	0.028847593346476106
CNTROB	chr17	7932101	7949920	-0.011612086230343648
COASY	chr17	42561467	42566277	0.10463334982052944
COBLL1	chr2	164653624	164843679	3.715584279173508e-05
COCH	chr14	30874514	30895065	-0.004081637882656571
COIL	chr17	56938199	56961050	0.06138244893997961
COL10A1	chr6	116118909	116158747	0.026950898656687563
COL11A1	chr1	102876467	103108872	0.0005739060561435618
COL17A1	chr10	104031286	104085880	-0.0009113920687774904
COL18A1	chr21	45405165	45513720	-0.0004919134136229591
COL23A1	chr5	178237618	178590393	-0.00156094931121706
COL25A1	chr4	108808725	109302752	-0.05947985058414736
COL2A1	chr12	47972967	48004554	-0.0005779008786248526
COL4A1	chr13	110148963	110307157	-0.0045872845668024
COL4A2	chr13	110305812	110513209	-0.0045872845668024
COL4A3	chr2	227164624	227314792	0.053689149996191114
COL4A4	chr2	227002714	227164453	0.053689149996191114
COL4A5	chrX	108439844	108697545	
COL5A1	chr9	134641803	134844843	0.1262471458481143
COL5A2	chr2	189031898	189225312	0.0003384719219201136
COL7A1	chr3	48564073	48595267	-0.038138960032055386
COLEC12	chr18	316737	500722	-0.029405424639585172
COLQ	chr3	15450133	15521751	-0.12985314947077853
COMP	chr19	18782773	18791305	0.00011517494160196627
COMT	chr22	19941733	19969975	0.013127863213813222
COPS5	chr8	67043079	67083783	-2.9077859236749906e-05
COQ8A	chr1	226897536	226987545	0.07395991750218409
CORIN	chr4	47593999	47838106	-0.10639008306385227
CORO1B	chr11	67435510	67443821	0.009529436209786047
CORO1C	chr12	108645109	108731596	-1.4710326879244473e-05
CORT	chr1	10449719	10451902	0.0011102918490641844
COX6C	chr8	99873200	99893707	0.0010538214892235856
CP	chr3	149162410	149221829	0.00010377308115007898
CPA3	chr3	148865296	148897203	0.00010377308115007898
CPA4	chr7	130293134	130324180	3.6567375335077536e-05
CPA5	chr7	130344816	130368730	3.6567375335077536e-05
CPA6	chr8	67422038	67746378	-2.9077859236749906e-05
CPB2	chr13	46053186	46105033	-0.014834279020482018
CPEB1	chr15	82543201	82648861	-9.404975875612471e-05
CPEB2	chr4	15002674	15070153	-0.12133224495448075
CPEB3	chr10	92046692	92291078	-8.53649829551621e-05
CPLX3	chr15	74826627	74831802	7.468911372748236e-05
CPNE9	chr3	9703826	9729908	-0.15802454912626523
CPS1	chr2	210477682	210679107	0.03647947861261257
CPSF6	chr12	69239569	69274358	3.762811691452807e-05
CPT1A	chr11	68754620	68844410	0.0029738692413235233
CPVL	chr7	28995235	29195451	-7.848620646750028e-05
CPXM2	chr10	123706207	123940267	-0.050259546627500436
CPZ	chr4	8592660	8619759	-0.13004131408159444
CR1	chr1	207496147	207641765	0.00596049177159256
CR2	chr1	207454230	207489895	0.0009062435663323369
CRB2	chr9	123356170	123380324	0.012185361668547109
CREB1	chr2	207529737	207605988	0.03326563509131389
CREB3	chr9	35732598	35736999	-0.0661003098837146
CREB5	chr7	28299321	28825894	-7.848620646750028e-05
CREBBP	chr16	3725054	3880713	0.004755963562036013
CREG1	chr1	167529117	167553805	-0.017182168887364152
CREG2	chr2	101345550	101387503	-0.00011537053516973061
CRH	chr8	66176376	66178464	-2.9077859236749906e-05
CRHR1	chr17	45784280	45835828	0.02591790497108404
CRHR2	chr7	30651942	30700129	-7.848620646750028e-05
CRIPT	chr2	46616416	46630176	0.00017966151107430106
CRK	chr17	1420689	1463162	-0.09771096176374078
CRKL	chr22	20917407	20953747	0.005238773645112168
CRNDE	chr16	54845189	54929189	0.0015930165906617704
CRNN	chr1	152409243	152414263	0.004051103958096159
CRTAC1	chr10	97865000	98030828	-0.00031275390490111805
CRTAM	chr11	122838500	122872643	-0.00449460763659401
CRY2	chr11	45847118	45883248	0.000497399835179321
CRYAA	chr21	43169008	43172805	-0.0004919134136229591
CRYBB3	chr22	25199858	25207359	0.0016049039426985318
CRYBG1	chr6	106360717	106570460	0.019877851625399096
CRYBG3	chr3	97822011	97944984	-0.010707034398929586
CRYGC	chr2	208128137	208129828	0.03326563509131389
CRYGS	chr3	186538441	186546702	0.0008641157790360995
CRYZ	chr1	74705482	74733408	0.0006626652622370595
CRYZL1	chr21	33589341	33643926	-0.0004919134136229591
CSE1L	chr20	49046246	49096960	-0.0002644559529816326
CSF1	chr1	109910242	109930992	0.0006559449915593991
CSF1R	chr5	150053291	150113372	-0.0005962277913897806
CSF2	chr5	132073789	132076170	0.0028060040347154002
CSF2RA	chrX	1268800	1310381	
CSF2RB	chr22	36913628	36940439	-0.00046724729277857445
CSF3	chr17	40015361	40017813	0.17382638367056255
CSF3R	chr1	36466043	36483278	0.020848399463453394
CSK	chr15	74782057	74803198	7.468911372748236e-05
CSNK1A1	chr5	149492982	149551471	-0.0005962277913897806
CSNK1A1L	chr13	37103259	37105664	-0.02203826786417181
CSNK1E	chr22	38290691	38318084	-0.0017559965505127546
CSNK1G1	chr15	64165525	64356173	0.0015568326008209817
CSNK2A1	chr20	472498	543835	-0.0014900675207223041
CSNK2A2	chr16	58157907	58198106	0.005952108749636475
CSNK2B	chr6	31665236	31670343	3.978565542470945e-06
CSPG4	chr15	75674322	75712848	7.468911372748236e-05
CSPP1	chr8	67062426	67196263	-2.9077859236749906e-05
CSRP1	chr1	201483530	201509456	4.5618617177241594e-05
CSRP3	chr11	19182030	19210571	0.00042123636307598975
CST1	chr20	23747553	23751268	-0.00033093272859305436
CST2	chr20	23823769	23826729	-0.00033093272859305436
CST4	chr20	23685640	23689040	-0.00033093272859305436
CST5	chr20	23875934	23879748	-0.00033093272859305436
CST7	chr20	24949269	24959928	-0.00033093272859305436
CTAG1B	chrX	154617609	154619282	
CTBP1	chr4	1211448	1249953	-0.13543776502304397
CTBP2	chr10	124984317	125161170	-0.050259546627500436
CTCF	chr16	67562467	67639177	0.009100296179279464
CTCFL	chr20	57495966	57525652	-0.00017165610921548544
CTDSPL	chr3	37861880	37984469	-0.09406176749711218
CTH	chr1	70411218	70439851	0.0006626652622370595
CTHRC1	chr8	103371538	103382989	0.003194944585899933
CTLA4	chr2	203867771	203873965	0.03326563509131389
CTNNA1	chr5	138610967	138935034	0.00034501102998870276
CTNNA3	chr10	65912523	67696195	6.351525282950847e-05
CTNNAL1	chr9	108942569	109013522	0.0015528432279981355
CTNNB1	chr3	41194741	41260096	-0.07944780010754804
CTNND1	chr11	57753243	57819546	0.000636943795567946
CTNND2	chr5	10971836	11904446	0.005386741082788252
CTRL	chr16	67927640	67932365	0.009100296179279464
CTSA	chr20	45890144	45898820	-0.0002644559529816326
CTSC	chr11	88293592	88337761	-0.00024814774910539056
CTSG	chr14	24573518	24576250	-0.00380276823861075
CTSH	chr15	78921058	78949574	-9.404975875612471e-05
CTSK	chr1	150796208	150808260	0.0015460100015327032
CTSL	chr9	87726109	87731469	-0.012662156586271723
CTTN	chr11	70398404	70436584	0.0029738692413235233
CTTNBP2NL	chr1	112396214	112463456	0.00032075283169663744
CTXN3	chr5	127649044	127658630	0.0019488247956638896
CUBN	chr10	16823966	17129811	-0.012873963989598081
CUEDC2	chr10	102423245	102432584	-0.0009113920687774904
CUL1	chr7	148697914	148801110	8.898160696866219e-05
CUL2	chr10	35008551	35090642	-0.001017365306644463
CUL3	chr2	224470150	224585397	0.053689149996191114
CUL4A	chr13	113208193	113267108	-0.0045872845668024
CUL4B	chrX	120524612	120575794	
CUL5	chr11	108008898	108107761	-0.01061669625336271
CUTA	chr6	33416442	33418317	7.505368373103886e-05
CUX2	chr12	111034165	111350554	2.481329132138371e-06
CUZD1	chr10	122832158	122846175	-0.050259546627500436
CX3CL1	chr16	57372477	57385044	0.005952108749636475
CX3CR1	chr3	39263494	39281735	-0.07944780010754804
CXADR	chr21	17513043	17593579	-0.0004919134136229591
CXCL10	chr4	76021118	76023497	-0.0881517336029445
CXCL11	chr4	76033682	76041415	-0.0881517336029445
CXCL12	chr10	44370165	44386493	-0.00035699643743521413
CXCL13	chr4	77511753	77611834	-0.0881517336029445
CXCL16	chr17	4733533	4739928	-0.09664423698070382
CXCL2	chr4	74097040	74099196	-0.08953452306266499
CXCL5	chr4	73995642	73998677	-0.08953452306266499
CXCL6	chr4	73836640	73849064	-0.08953452306266499
CXCL9	chr4	76001275	76007509	-0.0881517336029445
CXCR1	chr2	218162841	218166962	0.04712961019326936
CXCR2	chr2	218125289	218137251	0.04712961019326936
CXCR3	chrX	71615916	71618511	
CXCR4	chr2	136114349	136118149	-3.542801878991141e-05
CXCR5	chr11	118883892	118897787	-0.006122775933771628
CXCR6	chr3	45940933	45948351	-0.051547819139238144
CYBA	chr16	88643289	88651054	0.003182299448751606
CYBB	chrX	37780059	37813461	
CYBC1	chr17	82442586	82450829	
CYCS	chr7	25118656	25125260	-0.0001702444357241841
CYFIP2	chr5	157266079	157395595	-0.0028293019144329146
CYHR1	chr8	144449582	144465677	
CYLD	chr16	50742050	50801935	0.0015930165906617704
CYP11A1	chr15	74337759	74367646	0.0003296311294962174
CYP11B2	chr8	142910559	142917843	0.0024332502558325063
CYP17A1	chr10	102830531	102837472	-0.0009113920687774904
CYP19A1	chr15	51208057	51338601	0.003396337514813386
CYP1A1	chr15	74719542	74725536	7.468911372748236e-05
CYP1A2	chr15	74748845	74756607	7.468911372748236e-05
CYP1B1	chr2	38066973	38109902	0.000544388298365933
CYP20A1	chr2	203238977	203306026	0.016602107157850505
CYP24A1	chr20	54153446	54173986	-0.00024289513238184648
CYP27A1	chr2	218781749	218815293	0.04712961019326936
CYP27B1	chr12	57762334	57768986	0.0001584562263202007
CYP2A6	chr19	40843541	40850447	4.6450438081048194e-05
CYP2C19	chr10	94762681	94855547	-0.00013691491743080773
CYP2C8	chr10	95036772	95069497	-0.00013691491743080773
CYP2C9	chr10	94938658	94990091	-0.00013691491743080773
CYP2D6	chr22	42126499	42130881	-0.0018171933487532788
CYP2J2	chr1	59893308	59926773	0.011277118241627561
CYP3A5	chr7	99648194	99679998	0.0033934197286916647
CYP46A1	chr14	99684298	99727301	-0.06720953592301034
CYP4F2	chr19	15878023	15898077	0.008840247738418376
CYP7A1	chr8	58490178	58500163	5.9424233657386705e-05
CYREN	chr7	135092363	135170795	2.7583275680340674e-05
CYSLTR1	chrX	78271468	78327691	
CYSLTR2	chr13	48653711	48711226	-0.011062722026995882
CYTH2	chr19	48469208	48482314	0.0005427902172196493
CYTOR	chr2	87454781	87636740	3.6650204618020156e-05
DAAM1	chr14	59188646	59371405	-0.017738258942879087
DAB1	chr1	56994778	58546734	0.011277118241627561
DAB2	chr5	39371675	39462300	0.001815849488023424
DACH1	chr13	71437966	71867204	-0.009424855004045435
DACH2	chrX	86148451	86832604	
DACT2	chr6	168292830	168319777	
DAG1	chr3	49468703	49535618	-0.03629245268400803
DAO	chr12	108858932	108901043	-1.4710326879244473e-05
DAOA	chr13	105465867	105491034	-0.00463512448314386
DAP	chr5	10679230	10761272	0.005386741082788252
DAP3	chr1	155687960	155739010	7.442554915724541e-05
DAPK1	chr9	87497228	87708634	-0.012662156586271723
DAPK3	chr19	3958453	3971123	0.0003760747592308218
DAXX	chr6	33318558	33323016	7.505368373103886e-05
DAZAP1	chr19	1407569	1435687	0.0006555979932898493
DAZAP2	chr12	51238724	51271362	-7.851452747788239e-05
DAZL	chr3	16586792	16670306	-0.11101832035667686
DBN1	chr5	177456608	177474401	-0.004553560483529834
DBR1	chr3	138160988	138174921	3.1363944314348633e-06
DCAF1	chr3	51395867	51500002	-0.0392042182116494
DCDC1	chr11	30830369	31369810	0.0004973024510201649
DCLK1	chr13	35768652	36131306	-0.028512742914652448
DCT	chr13	94436811	94479682	-0.007268806026474949
DCTN1	chr2	74361154	74392087	7.575779268146809e-05
DCX	chrX	111293779	111412429	
DDB1	chr11	61299451	61342596	0.0007399777444848059
DDB2	chr11	47214465	47239240	0.0005550965363730477
DDC	chr7	50458436	50565405	0.0002773504219891991
DDI2	chr1	15617458	15669044	0.0005035449590357965
DDIT3	chr12	57516588	57521737	0.0001584562263202007
DDIT4L	chr4	100185870	100190782	-0.08924705924435848
DDR1	chr6	30876421	30900156	3.6332272243724896e-05
DDR2	chr1	162631373	162787405	-0.023969194630851873
DDX1	chr2	15591178	15631111	0.000914035748314104
DDX10	chr11	108665069	108940927	-0.01061669625336271
DDX19A	chr16	70346861	70373383	0.023749211551335886
DDX20	chr1	111755245	111768000	0.000568165470478334
DDX21	chr10	68956170	68985068	0.00031105841972587744
DDX25	chr11	125903348	125943702	-0.0025993242248592827
DDX27	chr20	49219295	49244077	-0.000336274174793978
DDX28	chr16	68021274	68023442	0.01358975238224288
DDX31	chr9	132592997	132670401	0.08989715278363561
DDX39B	chr6	31530219	31542448	3.978565542470945e-06
DDX3X	chrX	41333284	41364472	
DDX3Y	chrY	12904108	12920478	
DDX43	chr6	73394828	73417566	0.009991160828451709
DDX50	chr10	68901286	68946847	6.351525282950847e-05
DDX51	chr12	132136594	132144319	
DDX53	chrX	22999960	23003589	
DDX55	chr12	123602077	123620943	0.0013663983693762275
DDX58	chr9	32455302	32526208	-0.08977454922074052
DDX6	chr11	118747763	118791164	-0.007050972372759938
DDX60	chr4	168216294	168318804	-0.0004724715012503752
DEFA1	chr8	6977649	6980080	-0.00038707180952460594
DEFA6	chr8	6924697	6926076	-0.00038707180952460594
DEFB103B	chr8	7428888	7430348	-0.00038707180952460594
DEFB4A	chr8	7894677	7896716	-0.00038707180952460594
DEK	chr6	18223860	18264548	0.00013478833979989235
DEPDC7	chr11	33015876	33033582	0.0005369828061021761
DEPTOR	chr8	119873717	120050918	0.008026174640372587
DERL3	chr22	23834503	23839128	0.0016049039426985318
DGAT1	chr8	144314584	144326910	
DGKI	chr7	137381037	137847092	2.7583275680340674e-05
DHCR24	chr1	54849627	54887195	0.011277118241627561
DHCR7	chr11	71428193	71452868	0.0005359031344942022
DHDDS	chr1	26432282	26471306	0.000777844687109851
DHFR	chr5	80626226	80654983	0.0003868854199734932
DHODH	chr16	72008588	72027664	0.023749211551335886
DHRS1	chr14	24290598	24299780	-0.00380276823861075
DHRS2	chr14	23630115	23645639	-0.0044984535589549495
DHX29	chr5	55256055	55307694	0.0009127546266015542
DHX30	chr3	47802909	47850195	-0.038138960032055386
DHX34	chr19	47349315	47382704	0.0005427902172196493
DHX57	chr2	38797729	38875934	0.00031110884704675125
DHX9	chr1	182839347	182887982	-0.0004366405930479371
DIABLO	chr12	122207668	122227456	0.0012394304547421924
DIAPH3	chr13	59665583	60163928	-0.009424855004045435
DICER1	chr14	95086228	95158010	-0.06720953592301034
DIO2	chr14	80197527	80387757	-0.0869916729804872
DIP2A	chr21	46458891	46570015	-0.0004919134136229591
DIP2B	chr12	50504985	50748657	-7.851452747788239e-05
DIRAS3	chr1	68045886	68051631	0.0006626652622370595
DIS3	chr13	72752169	72782096	-0.009424855004045435
DIS3L2	chr2	231961245	232344350	0.03235524370282734
DISC1	chr1	231626815	232041272	0.1126137462508947
DISP1	chr1	222872271	223005995	0.03443925606753613
DKC1	chrX	154762742	154777689	
DKK1	chr10	52314281	52318042	-0.00010822042522412568
DKK3	chr11	11956207	12009769	0.0003643558844173163
DLD	chr7	107891162	107931730	0.00022043217152534913
DLEC1	chr3	38039205	38124025	-0.07944780010754804
DLEU1	chr13	50082169	50906856	-0.011062722026995882
DLEU2	chr13	49956670	50125720	-0.011062722026995882
DLEU7	chr13	50519364	50843939	-0.011062722026995882
DLG1	chr3	197042560	197299330	0.000273025900581927
DLG4	chr17	7189890	7219841	-0.09502533670864402
DLK1	chr14	100725705	100738224	-0.06720953592301034
DLK2	chr6	43450352	43456632	0.0019089376526115127
DLL1	chr6	170282206	170306565	
DLL3	chr19	39498895	39508481	2.5862359169178974e-05
DLL4	chr15	40929340	40939073	0.0026748072224950254
DLX4	chr17	49968970	49974959	0.07535126543253585
DMBX1	chr1	46489836	46516216	0.049390758487010064
DMD	chrX	31097677	33339441	
DMKN	chr19	35497220	35513658	8.397444375947614e-06
DMPK	chr19	45769717	45782552	0.0002678663191804061
DMRT2	chr9	1049858	1057552	-0.12086401876169456
DMWD	chr19	45782947	45792845	0.0002678663191804061
DMXL1	chr5	119037772	119249138	0.0011284047209025895
DMXL2	chr15	51447711	51622833	0.003396337514813386
DNAH1	chr3	52316319	52400491	-0.0392042182116494
DNAH10	chr12	123762188	123935720	0.0013663983693762275
DNAH11	chr7	21543039	21901839	-0.0002791836801827818
DNAH12	chr3	57293699	57544344	-0.034581866126714336
DNAH14	chr1	224896262	225399292	0.03443925606753613
DNAH2	chr17	7717354	7833744	-0.050358427928358436
DNAH5	chr5	13690331	13944543	0.005386741082788252
DNAH7	chr2	195737703	196068837	0.000960426168522652
DNAH8	chr6	38715311	39030792	0.0006825393872440679
DNAH9	chr17	11598470	11969748	-0.0016948967086537437
DNAI1	chr9	34457414	34520988	-0.08977454922074052
DNAJA1	chr9	33025273	33039907	-0.08977454922074052
DNAJA3	chr16	4425805	4456775	0.004755963562036013
DNAJB12	chr10	72332830	72355149	0.00019179728085799943
DNAJB2	chr2	219279267	219286900	0.05646305699567348
DNAJB4	chr1	77979175	78017964	0.0006626652622370595
DNAJB5	chr9	34989641	34998900	-0.0661003098837146
DNAJC10	chr2	182716041	182794464	0.0003384719219201136
DNAJC17	chr15	40765161	40807478	0.0026748072224950254
DNAJC9	chr10	73183362	73247255	0.00019179728085799943
DNASE1L3	chr3	58192257	58214697	-0.034581866126714336
DNM1	chr9	128191655	128255248	0.05472078756268738
DNM2	chr19	10718079	10833488	0.02890830333847734
DNMT1	chr19	10133345	10231286	0.010294009387855
DNMT3A	chr2	25227855	25342590	0.0007906445295729718
DNMT3B	chr20	32762385	32809356	-0.0002779070822181201
DNPEP	chr2	219373527	219400022	0.05646305699567348
DNTT	chr10	96304409	96338564	-0.00013691491743080773
DOC2A	chr16	30005514	30023270	0.0007237163116299317
DOCK9	chr13	98793429	99086625	-0.00463512448314386
DOK5	chr20	54475593	54651169	-0.00024289513238184648
DOK7	chr4	3463306	3501473	-0.13543776502304397
DOT1L	chr19	2163933	2232578	0.0003760747592308218
DPAGT1	chr11	119096503	119108331	-0.006122775933771628
DPF2	chr11	65333852	65354262	0.007507225461540621
DPF3	chr14	72619296	72894116	-0.07266452118779655
DPM1	chr20	50934867	50958555	-0.000336274174793978
DPP4	chr2	161992245	162074215	3.715584279173508e-05
DPP8	chr15	65442463	65517704	0.0015568326008209817
DPPA2	chr3	109293788	109316517	-0.0020924142439839462
DPT	chr1	168695468	168729206	-0.017182168887364152
DPY19L2	chr12	63558913	63668939	0.0001584562263202007
DPYD	chr1	97077743	97995000	0.0005739060561435618
DPYSL2	chr8	26514031	26658178	0.0001365661769422252
DRAM1	chr12	101877580	102012130	2.6482969706054517e-05
DRC1	chr2	26401920	26456711	0.0007906445295729718
DRC3	chr17	17972813	18016889	-0.00029845357458371027
DRD1	chr5	175440036	175444182	-0.00716110184528025
DRD2	chr11	113409605	113475691	-0.00712746846657141
DRD3	chr3	114127580	114199407	-0.0004695229025423783
DRD5	chr4	9781634	9784009	-0.13004131408159444
DRG1	chr22	31399604	31530634	-0.00016659799599544025
DSG1	chr18	31318160	31359246	-0.03381473962030213
DSG2	chr18	31498177	31549008	-0.03381473962030213
DSG3	chr18	31447741	31478702	-0.03381473962030213
DST	chr6	56457987	56954649	0.007837123110607812
DTHD1	chr4	36281622	36345756	-0.11258455425653785
DTL	chr1	212035553	212107400	0.012707105603331733
DTNA	chr18	34493290	34891844	-0.03381473962030213
DTNBP1	chr6	15522801	15663058	0.00013478833979989235
DTX1	chr12	113056709	113098028	0.00017329537330035345
DUOX2	chr15	45092650	45114344	0.003103282238128842
DUOXA1	chr15	45117367	45129938	0.003103282238128842
DUOXA2	chr15	45114326	45118421	0.003103282238128842
DUSP13	chr10	75094432	75109221	7.908439244892513e-05
DUSP23	chr1	159780932	159782543	-0.0046171018609826465
DUSP28	chr2	240560054	240564014	
DUSP5	chr10	110497907	110511533	-0.0034312916843590516
DUSP6	chr12	89347235	89352501	2.240002122937098e-05
DUX4	chr4	190173774	190185942	
DVL1	chr1	1335276	1349418	0.005415208816122133
DVL2	chr17	7225342	7234517	-0.09502533670864402
DVL3	chr3	184155377	184173614	0.0006244303440802904
DYDC1	chr10	80336105	80356755	7.908439244892513e-05
DYNC1H1	chr14	101964573	102056443	-0.05453383912870634
DYRK1A	chr21	37365573	37526358	-0.0004919134136229591
DYRK1B	chr19	39825350	39834201	2.5862359169178974e-05
DZIP1L	chr3	138061990	138115818	3.1363944314348633e-06
E2F1	chr20	33675477	33686385	-0.0002779070822181201
E2F3	chr6	20401879	20493714	0.00019662951581001786
E2F4	chr16	67192155	67198918	0.01030756366400854
E4F1	chr16	2223580	2235742	0.0076711826891900075
EBF1	chr5	158695916	159099916	-0.00665117178142286
EBF2	chr8	25841725	26045413	6.150810544858858e-05
EBI3	chr19	4229523	4237528	0.0003760747592308218
EBP	chrX	48521799	48528716	
ECD	chr10	73130155	73169055	0.00019179728085799943
ECE1	chr1	21217247	21345572	0.0003457959525731649
ECEL1	chr2	232479827	232487834	0.03235524370282734
ECHDC1	chr6	127288712	127343609	0.026991936291005957
ECHS1	chr10	133362485	133373354	
ECM2	chr9	92493554	92536655	-0.002214471468870328
ECPAS	chr9	111360692	111484745	0.0015528432279981355
ECRG4	chr2	106063246	106078155	-0.00011537053516973061
ECSIT	chr19	11505929	11529172	0.02890830333847734
EDA	chrX	69616067	70039472	
EDIL3	chr5	83940554	84384880	0.0007951827129060911
EDN1	chr6	12290361	12297194	0.00013478833979989235
EDNRA	chr4	147480917	147544954	-0.002289617241669375
EDNRB	chr13	77895481	77975529	-0.007268806026474949
EDRF1	chr10	125719515	125764143	-0.050259546627500436
EED	chr11	86244753	86278813	-0.00024814774910539056
EEF1A2	chr20	63488014	63499185	-2.9782016404695846e-05
EEF1AKNMT	chr1	171781660	171814023	-0.00844705524627609
EEF1G	chr11	62559596	62574086	0.0010815157196392648
EFHC1	chr6	52362123	52529886	0.007837123110607812
EFHC2	chrX	44147872	44343672	
EFNB2	chr13	106489745	106535662	-0.00463512448314386
EFR3A	chr8	131904093	132013642	0.010706999873066765
EFR3B	chr2	25042076	25159135	0.0007906445295729718
EFS	chr14	23356403	23365752	-0.0044984535589549495
EFTUD2	chr17	44849948	44899445	0.01956760265630175
EGF	chr4	109912883	110013766	-0.05947985058414736
EGFL6	chrX	13569601	13633575	
EGFL7	chr9	136658856	136672678	0.14757171828843765
EGFL8	chr6	32164595	32168281	5.351353544756713e-05
EGFR	chr7	55019017	55211628	0.0013359829688630546
EGLN1	chr1	231363751	231422287	0.1126137462508947
EGLN3	chr14	33924227	34462774	-0.004081637882656571
EGR2	chr10	62811996	62919900	6.351525282950847e-05
EGR3	chr8	22687659	22693480	-6.835300857451329e-05
EGR4	chr2	73290929	73293701	7.575779268146809e-05
EHBP1	chr2	62673851	63046487	0.00013370561209632298
EHF	chr11	34621093	34661057	0.0005369828061021761
EHMT1	chr9	137618992	137870016	
EHMT2	chr6	31879759	31897687	3.978565542470945e-06
EID1	chr15	48878134	48880173	0.003103282238128842
EIF1AD	chr11	65996545	66002176	0.011935176169608616
EIF1AY	chrY	20575776	20593154	
EIF1B	chr3	40309707	40312424	-0.07944780010754804
EIF2AK2	chr2	37099210	37157065	0.000544388298365933
EIF2AK3	chr2	88556741	88627464	3.6650204618020156e-05
EIF2AK4	chr15	39934115	40035591	0.0026748072224950254
EIF2S1	chr14	67360151	67386516	-0.05764698793466415
EIF3A	chr10	119033670	119080823	-0.01633029471607391
EIF3C	chr16	28688558	28735730	0.000703216421654597
EIF4A1	chr17	7572706	7579006	-0.050358427928358436
EIF4A3	chr17	80134369	80147151	0.005546386178568871
EIF4E	chr4	98871684	98930637	-0.08924705924435848
EIF4EBP1	chr8	38030534	38060365	0.00021480867466759364
EIF4EBP2	chr10	70404145	70428618	0.00031105841972587744
EIF4EBP3	chr5	140547662	140549576	3.4528084362653004e-05
EIF4ENIF1	chr22	31436977	31496108	-0.00016659799599544025
EIF4G1	chr3	184314495	184335358	0.0006244303440802904
EIF5A	chr17	7306999	7312463	-0.0831837900968406
EIF5AL1	chr10	79512601	79516440	7.908439244892513e-05
EIPR1	chr2	3188925	3377882	0.0011069364036231303
ELAC1	chr18	50967991	50988121	-0.03381473962030213
ELAC2	chr17	12991612	13018065	-0.0016948967086537437
ELANE	chr19	851014	856247	0.0007065477887497425
ELAVL1	chr19	7958573	8005659	0.002685610915600622
ELF3	chr1	202007945	202017183	0.00010796952266883792
ELF4	chrX	130064874	130110716	
ELF5	chr11	34478793	34525193	0.0005369828061021761
ELFN1	chr7	1688119	1747954	-4.729841684267593e-05
ELK1	chrX	47635521	47650604	
ELK3	chr12	96194375	96269824	2.6482969706054517e-05
ELK4	chr1	205597556	205632011	0.00021408951442403176
ELMOD1	chr11	107591091	107666779	-0.01061669625336271
ELMOD2	chr4	140524168	140553770	-0.00494972532125631
ELN	chr7	74027789	74069907	0.007364943431711107
ELOB	chr16	2771414	2777297	0.004755963562036013
ELOC	chr8	73939169	73972287	5.047327505746193e-06
ELSPBP1	chr19	47994632	48025154	0.0005427902172196493
EMC1	chr1	19215660	19251527	0.0003457959525731649
EMC4	chr15	34225013	34230156	0.004043780019024639
EMD	chrX	154379273	154381523	
EMP1	chr12	13196723	13219941	-0.04334391504790958
EMP2	chr16	10528422	10580632	0.0024196002195725906
EMSY	chr11	76444923	76553025	9.71009611571417e-05
EMX2	chr10	117542445	117549546	-0.01633029471607391
EN1	chr2	118842171	118847648	-0.0001850725697362206
EN2	chr7	155458129	155464831	
ENG	chr9	127815012	127854756	0.027767993957379063
ENKUR	chr10	24981979	25062279	-0.004173867097552244
ENO2	chr12	6913745	6923698	-0.067834381043737
ENOSF1	chr18	670318	712662	-0.029405424639585172
ENOX1	chr13	43213518	43786908	-0.014834279020482018
ENOX2	chrX	130623369	130903317	
ENPEP	chr4	110365733	110565285	-0.05947985058414736
ENPP1	chr6	131808016	131895155	0.03271188110894906
ENPP2	chr8	119557086	119673453	0.008026174640372587
ENPP3	chr6	131628442	131747418	0.03271188110894906
ENTPD1	chr10	95711779	95877266	-0.00013691491743080773
ENTPD2	chr9	137048107	137054061	
EOMES	chr3	27715949	27722711	-0.09406176749711218
EP300	chr22	41092592	41180077	-0.0033673850824723446
EPAS1	chr2	46293667	46386697	0.00017966151107430106
EPB41L3	chr18	5392381	5630700	-0.029405424639585172
EPCAM	chr2	47345158	47387601	0.00017966151107430106
EPDR1	chr7	37683843	37951936	6.874616514815643e-05
EPG5	chr18	45847609	45967329	-0.03381473962030213
EPHA1	chr7	143390289	143408856	8.898160696866219e-05
EPHA10	chr1	37713880	37765133	0.020848399463453394
EPHA2	chr1	16124337	16156069	0.0005035449590357965
EPHA3	chr3	89107621	89482134	-0.010707034398929586
EPHA4	chr2	221418027	221574202	0.05646305699567348
EPHA7	chr6	93240020	93419559	0.013013075087082358
EPHA8	chr1	22563489	22603595	0.0002534796543138907
EPHB1	chr3	134597801	135260467	-4.961949320535454e-05
EPHB2	chr1	22710839	22921500	0.0002534796543138907
EPHB4	chr7	100802565	100827523	0.0006075267652087388
EPHB6	chr7	142855061	142871094	8.898160696866219e-05
EPHX1	chr1	225810092	225845563	0.03443925606753613
EPHX2	chr8	27490781	27545564	0.0001365661769422252
EPM2AIP1	chr3	36985043	36993131	-0.09406176749711218
EPO	chr7	100720468	100723700	0.0006075267652087388
EPOR	chr19	11377207	11384342	0.02890830333847734
EPS8L3	chr1	109750080	109764027	0.0006559449915593991
ERAP1	chr5	96760810	96808100	0.0007951827129060911
ERAS	chrX	48826513	48830138	
ERBB2	chr17	39687914	39730426	0.17930124314049634
ERBB3	chr12	56076799	56103505	0.000113869904110443
ERBB4	chr2	211375717	212538841	0.03647947861261257
ERC1	chr12	990509	1495933	-0.029111438765546456
ERCC1	chr19	45407333	45478828	0.0002678663191804061
ERCC2	chr19	45349837	45370918	0.0002678663191804061
ERCC3	chr2	127257290	127294166	-0.00015634009817526003
ERCC4	chr16	13920154	13952348	0.0013526902526049963
ERCC5	chr13	102807146	102876001	-0.00463512448314386
ERCC6	chr10	49454470	49539538	-0.00010822042522412568
EREG	chr4	74365145	74388749	-0.08953452306266499
ERFE	chr2	238158970	238168900	0.00869518892229871
ERG	chr21	38380027	38661780	-0.0004919134136229591
ERG28	chr14	75649791	75660876	-0.08500630126655599
ERGIC2	chr12	29337352	29381189	-0.0034828923766608943
ERLIN2	chr8	37736601	37758422	0.00021480867466759364
ERMAP	chr1	42817122	42844991	0.05196342837794612
ERN1	chr17	64039142	64130819	0.0006450976308161934
ERP27	chr12	14914039	14938537	-0.04334391504790958
ERRFI1	chr1	8004404	8026309	0.0021068366157584563
ERVFRD-1	chr6	11102489	11111725	-0.00014473675024242463
ESF1	chr20	13714322	13784886	-0.0004207955747306463
ESM1	chr5	54977867	55022671	0.0015596860181587495
ESR1	chr6	151656691	152129619	0.00887087449816526
ESR2	chr14	64084232	64338112	-0.03559514530806321
ESRRA	chr11	64305497	64316743	0.003685000769892627
ESRRG	chr1	216503246	217137755	0.012707105603331733
ETS1	chr11	128458761	128587558	-0.0025993242248592827
ETV1	chr7	13891229	13991425	-0.00026868920080740685
ETV3	chr1	157121191	157138474	7.442554915724541e-05
ETV5	chr3	186046314	186110318	0.0008641157790360995
ETV6	chr12	11649674	11895377	-0.04334391504790958
EVI2B	chr17	31303770	31314105	0.010672313811506386
EVI5	chr1	92508696	92792404	0.00046837332385327163
EWSR1	chr22	29268009	29300525	0.00019704791692216856
EXO1	chr1	241847967	241895148	0.13960872772036745
EXOSC10	chr1	11066618	11099869	0.0011102918490641844
EYA1	chr8	71197433	71592025	-2.9077859236749906e-05
EYA4	chr6	133240598	133532128	0.03271188110894906
EZH1	chr17	42700275	42745049	0.10463334982052944
EZH2	chr7	148807383	148884321	8.898160696866219e-05
EZHIP	chrX	51406948	51408843	
F11	chr4	186266189	186289681	-8.575323636440421e-05
F11R	chr1	160995211	161021343	-0.017348570493744556
F12	chr5	177402140	177409576	-0.004553560483529834
F13A1	chr6	6144084	6321013	-2.7001233954606018e-05
F2	chr11	46719196	46739506	0.0005550965363730477
F2R	chr5	76716126	76735770	0.0003868854199734932
F2RL1	chr5	76818933	76835315	0.0003868854199734932
F2RL3	chr19	16888999	16892606	0.008840247738418376
F5	chr1	169511951	169586588	-0.017182168887364152
F7	chr13	113105788	113120681	-0.0045872845668024
F8	chrX	154835788	155026940	
FAAH	chr1	46394317	46413848	0.049390758487010064
FABP2	chr4	119317250	119322138	-0.02999896749594418
FABP3	chr1	31365253	31376850	0.002703013181809804
FABP4	chr8	81478419	81483236	0.000318216303090948
FABP7	chr6	122779716	122784074	0.026991936291005957
FADD	chr11	70203163	70207390	0.0029738692413235233
FADS1	chr11	61799627	61829318	0.0007399777444848059
FADS2	chr11	61792980	61867354	0.0007399777444848059
FAF1	chr1	50437028	50960267	0.03124479520221401
FAF2	chr5	176447628	176510074	-0.004553560483529834
FAIM	chr3	138608606	138633376	3.1363944314348633e-06
FAIM2	chr12	49866896	49904217	-0.00017525960290996431
FAM107A	chr3	58564117	58627610	-0.025358627940254137
FAM110A	chr20	833715	857463	-0.0014900675207223041
FAM117B	chr2	202634969	202769757	0.016602107157850505
FAM126B	chr2	200973718	201071671	0.003669322906443456
FAM131C	chr1	16057769	16073651	0.0005035449590357965
FAM161A	chr2	61824848	61854143	0.00013370561209632298
FAM168A	chr11	73400487	73598189	9.71009611571417e-05
FAM193A	chr4	2536631	2732565	-0.13543776502304397
FAM3A	chrX	154506159	154516242	
FAM53C	chr5	138331935	138349729	0.00034501102998870276
FAM76B	chr11	95768953	95790409	-0.001708139029617144
FAM98A	chr2	33583660	33599382	0.000544388298365933
FAM9B	chrX	9024232	9295682	
FANCA	chr16	89737549	89816657	0.003182299448751606
FANCC	chr9	95099054	95426796	-0.00010822378975490355
FANCD2	chr3	10026414	10101930	-0.14557824934984856
FANCI	chr15	89243949	89317261	-0.000611215282787413
FAP	chr2	162170684	162245151	3.715584279173508e-05
FAR1	chr11	13668668	13732346	0.0003643558844173163
FAS	chr10	88990531	89017059	-0.00011881564136523367
FASLG	chr1	172659103	172666876	-0.00844705524627609
FASN	chr17	82078338	82098294	
FAT1	chr4	186587794	186726722	
FAT2	chr5	151504093	151568944	-0.0028293019144329146
FAT3	chr11	92352096	92896470	-0.001708139029617144
FAT4	chr4	125316399	125492932	-0.009430828969627918
FBL	chr19	39834458	39846379	2.5862359169178974e-05
FBLN2	chr3	13549125	13638422	-0.12985314947077853
FBLN5	chr14	91869412	91947987	-0.08132505423898645
FBP1	chr9	94603133	94640249	-0.00010822378975490355
FBXL20	chr17	39252663	39402523	0.17930124314049634
FBXO11	chr2	47789316	47905793	0.00017966151107430106
FBXO16	chr8	28348287	28490278	0.0001365661769422252
FBXO25	chr8	406428	477967	-0.00038707180952460594
FBXO33	chr14	39397669	39432500	-0.005458685290380866
FBXO42	chr1	16246840	16352480	0.0005035449590357965
FBXO43	chr8	100133351	100145817	0.0010538214892235856
FBXO45	chr3	196568611	196589059	0.000273025900581927
FBXW11	chr5	171861549	172006873	-0.00716110184528025
FBXW7	chr4	152320544	152536092	-0.002289617241669375
FCAR	chr19	54874235	54891420	-0.00653054565063833
FCER1A	chr1	159289714	159308224	-0.0046171018609826465
FCER2	chr19	7688758	7702146	0.002685610915600622
FCGBP	chr19	39863323	39934626	4.6450438081048194e-05
FCGR1A	chr1	149782671	149792518	0.0015460100015327032
FCGR2A	chr1	161505430	161524013	-0.026093719491998346
FCGR2B	chr1	161663147	161678654	-0.026093719491998346
FCGR3A	chr1	161541759	161550737	-0.026093719491998346
FCGR3B	chr1	161623196	161631963	-0.026093719491998346
FCMR	chr1	206903317	206923247	0.0009062435663323369
FCN1	chr9	134903232	134917912	0.1262471458481143
FCN2	chr9	134880810	134887523	0.1262471458481143
FCRL1	chr1	157794403	157820120	-0.0005464559093229346
FCRL2	chr1	157745733	157777132	-0.0005464559093229346
FCRL3	chr1	157674321	157700769	-0.0005464559093229346
FCRL4	chr1	157573747	157598085	-0.0005464559093229346
FCRL5	chr1	157513377	157552515	7.442554915724541e-05
FCRLA	chr1	161706972	161714352	-0.023969194630851873
FDFT1	chr8	11795573	11839304	-0.0002917252353298664
FDPS	chr1	155308748	155320666	0.0009447256351256569
FDX1	chr11	110429948	110464884	-0.01061669625336271
FECH	chr18	57544389	57586702	-0.03381473962030213
FEN1	chr11	61792911	61797238	0.0007399777444848059
FENDRR	chr16	86474529	86509099	0.019725674801881296
FER	chr5	108747841	109196841	0.0011284047209025895
FERMT3	chr11	64206678	64223886	0.003685000769892627
FES	chr15	90883695	90895776	-0.0022121996890148905
FETUB	chr3	186635969	186653141	0.0008641157790360995
FEV	chr2	218981087	218985184	0.04712961019326936
FEZ1	chr11	125442881	125592568	-0.0025993242248592827
FEZF1	chr7	122301303	122310691	0.00010812442394252517
FEZF2	chr3	62369681	62374324	-0.025358627940254137
FFAR1	chr19	35351552	35353862	6.731691575353827e-05
FGF1	chr5	142592178	142698070	3.4528084362653004e-05
FGF10	chr5	44300247	44389706	0.0015596860181587495
FGF13	chrX	138614727	139222777	
FGF19	chr11	69698238	69704022	0.0029738692413235233
FGF2	chr4	122826708	122898236	-0.009430828969627918
FGF21	chr19	48755524	48758333	0.0005427902172196493
FGF23	chr12	4368227	4379712	-0.05197670831832469
FGF4	chr11	69771022	69775341	0.0029738692413235233
FGF7	chr15	49423178	49488775	0.003396337514813386
FGF9	chr13	21671073	21704498	-0.0350962107475691
FGFBP2	chr4	15960245	15969309	-0.12133224495448075
FGFR1	chr8	38400215	38468834	0.00018892072028431134
FGFR2	chr10	121478334	121598458	-0.050259546627500436
FGFR3	chr4	1793293	1808872	-0.13543776502304397
FGFR4	chr5	177086905	177098144	-0.004553560483529834
FGR	chr1	27612064	27635185	0.0014289949103799284
FH	chr1	241497603	241519761	0.13960872772036745
FHAD1	chr1	15247272	15400283	0.000641076214575656
FHL1	chrX	136146702	136211359	
FHL2	chr2	105357712	105438513	-0.00011537053516973061
FHL3	chr1	37996770	38005606	0.020848399463453394
FHOD1	chr16	67229387	67247481	0.01030756366400854
FIBCD1	chr9	130902438	130939286	0.08989715278363561
FIBP	chr11	65883741	65888539	0.011935176169608616
FILIP1L	chr3	99830141	100114513	-0.010707034398929586
FIP1L1	chr4	53377641	53460862	-0.10385182409368528
FIRRE	chrX	131688779	131830862	
FKBP11	chr12	48921518	48926474	-0.0005779008786248526
FKBP15	chr9	113161006	113221318	0.0015528432279981355
FKTN	chr9	105558130	105641118	0.0002732261691292298
FLCN	chr17	17212212	17237188	-0.00029845357458371027
FLI1	chr11	128686535	128813267	-0.0010996818445793187
FLII	chr17	18244815	18258738	-0.00029845357458371027
FLNB	chr3	58008400	58172251	-0.034581866126714336
FLNC	chr7	128830377	128859274	6.73725576128317e-05
FLOT2	chr17	28879335	28897733	0.00038603625037614704
FLRT3	chr20	14322985	14337614	-0.0004207955747306463
FLT1	chr13	28300346	28495145	-0.028512742914652448
FLT3	chr13	28003274	28100592	-0.028512742914652448
FLT3LG	chr19	49474207	49486231	0.0005090292648720886
FLT4	chr5	180601506	180649624	-0.00156094931121706
FLYWCH1	chr16	2911937	2951208	0.004755963562036013
FMC1	chr7	139339457	139346328	2.7583275680340674e-05
FMN1	chr15	32765544	33194714	0.004043780019024639
FMN2	chr1	240014348	240475187	0.1126137462508947
FMO3	chr1	171090901	171117819	-0.00844705524627609
FMO5	chr1	147175351	147243050	0.0004990616359780521
FMOD	chr1	203340628	203351758	0.00010796952266883792
FN1	chr2	215360440	215436073	0.03647947861261257
FN3KRP	chr17	82716706	82730328	
FNDC3A	chr13	48975912	49209779	-0.011062722026995882
FNDC3B	chr3	172039578	172401669	0.0003967077982037563
FNDC5	chr1	32862268	32872482	0.007090505912763734
FNTA	chr8	43034194	43085788	0.00017883905557302356
FOLH1	chr11	49145092	49208638	0.0005550965363730477
FOLR1	chr11	72189558	72196323	0.0005359031344942022
FOLR2	chr11	72216601	72221950	0.0005359031344942022
FOSL1	chr11	65892049	65900573	0.011935176169608616
FOXA1	chr14	37589552	37596059	-0.005458685290380866
FOXA2	chr20	22581005	22585455	-0.00033093272859305436
FOXB1	chr15	60004234	60061730	0.0015568326008209817
FOXC1	chr6	1609915	1613897	-2.7001233954606018e-05
FOXC2	chr16	86566829	86569728	0.019725674801881296
FOXD2	chr1	47436017	47440691	0.03124479520221401
FOXE1	chr9	97853226	97856717	-0.00010822378975490355
FOXE3	chr1	47416285	47418052	0.03124479520221401
FOXF1	chr16	86510527	86515422	0.019725674801881296
FOXG1	chr14	28766787	28770277	-0.004081637882656571
FOXI1	chr5	170105897	170109734	-0.00716110184528025
FOXJ1	chr17	76136333	76141245	0.003162425782313197
FOXJ2	chr12	8032716	8055517	-0.06245676698558549
FOXL2	chr3	138944224	138947137	3.1363944314348633e-06
FOXM1	chr12	2857681	2877155	-0.029111438765546456
FOXN1	chr17	28506243	28538896	0.00038603625037614704
FOXO1	chr13	40555667	40666641	-0.02203826786417181
FOXO3	chr6	108559835	108684774	0.026950898656687563
FOXO4	chrX	71095851	71103532	
FOXP1	chr3	70952817	71583993	-0.025358627940254137
FOXP2	chr7	114086327	114693772	0.00010812442394252517
FOXP3	chrX	49250438	49270477	
FOXP4	chr6	41546426	41602384	0.0006825393872440679
FOXRED1	chr11	126269055	126278131	-0.0025993242248592827
FPR1	chr19	51745172	51804110	-4.185476624158715e-06
FPR2	chr19	51752026	51770531	-4.185476624158715e-06
FRA10AC1	chr10	93667883	93702592	-8.53649829551621e-05
FRAS1	chr4	78057323	78544269	-0.0881517336029445
FREM1	chr9	14734666	14910995	-0.11639345456569233
FREM2	chr13	38687077	38887131	-0.02203826786417181
FRMD6	chr14	51489100	51730727	-0.00889636089853597
FRMD7	chrX	132076993	132128020	
FRZB	chr2	182833275	182866637	0.0003384719219201136
FSCN1	chr7	5592816	5606655	-4.729841684267593e-05
FSHR	chr2	48962157	49154527	0.00013370561209632298
FSIP1	chr15	39588357	39782841	0.004043780019024639
FST	chr5	53480626	53487134	0.0015596860181587495
FSTL1	chr3	120392293	120450993	-7.295421950521448e-05
FSTL3	chr19	676392	683392	0.0007065477887497425
FTO	chr16	53701692	54158512	0.0015930165906617704
FUBP3	chr9	130578965	130638352	0.08989715278363561
FUCA1	chr1	23845077	23868294	0.0003731099274232452
FURIN	chr15	90868588	90883458	-0.0022121996890148905
FUS	chr16	31180110	31194871	0.0007675638341198598
FUT2	chr19	48695971	48705951	0.0005427902172196493
FUT3	chr19	5842888	5851474	0.00042994040518997746
FUT4	chr11	94543840	94549898	-0.001708139029617144
FUT7	chr9	137030174	137032088	
FUT8	chr14	65410592	65744121	-0.05764698793466415
FXR2	chr17	7591230	7614897	-0.050358427928358436
FXYD7	chr19	35143250	35154301	6.731691575353827e-05
FYN	chr6	111660332	111873452	0.026950898656687563
FZD1	chr7	91264433	91271326	0.02361533438366936
FZD10	chr12	130162459	130165740	0.0013663983693762275
FZD3	chr8	28494205	28574267	0.0001365661769422252
FZD4	chr11	86945679	86955395	-0.00024814774910539056
FZD6	chr8	103298433	103332866	0.003194944585899933
FZD9	chr7	73433778	73436120	0.0013359829688630546
FZR1	chr19	3506273	3538330	0.0003760747592308218
G6PD	chrX	154531391	154547572	
GAA	chr17	80101556	80119881	0.005546386178568871
GAB1	chr4	143336762	143474568	-0.00494972532125631
GAB2	chr11	78215293	78418348	-0.00024814774910539056
GABBR1	chr6	29555629	29633976	0.00010059273239843745
GABBR2	chr9	98288109	98708935	-0.00010822378975490355
GABRA1	chr5	161847063	161899981	-0.00665117178142286
GABRA2	chr4	46248427	46475230	-0.10639008306385227
GABRA3	chrX	152166234	152451315	
GABRA4	chr4	46918900	46993581	-0.10639008306385227
GABRA5	chr15	26866911	26949208	0.004588924611061515
GABRA6	chr5	161547063	161702593	-0.00665117178142286
GABRB2	chr5	161288429	161549044	-0.00665117178142286
GABRB3	chr15	26543546	26939539	0.004588924611061515
GABRD	chr1	2019329	2030758	0.005415208816122133
GABRG1	chr4	46035769	46124054	-0.10639008306385227
GABRG2	chr5	162000057	162162977	-0.00665117178142286
GABRG3	chr15	26971181	27541984	0.004588924611061515
GABRP	chr5	170763350	170814047	-0.00716110184528025
GABRQ	chrX	152637895	152657542	
GABRR3	chr3	97986673	98035304	-0.010707034398929586
GAD1	chr2	170813213	170861151	2.7187785413258078e-05
GAD2	chr10	26216665	26304558	-0.004173867097552244
GADD45A	chr1	67685201	67688334	0.0021664898695518847
GADD45G	chr9	89605012	89606555	-0.002214471468870328
GAGE1	chrX	49589496	49608536	
GAL	chr11	68683779	68691175	0.0029738692413235233
GALE	chr1	23795599	23800781	0.0002534796543138907
GALK1	chr17	75751594	75765236	0.0015271212748442238
GALNS	chr16	88813734	88856970	0.003182299448751606
GALP	chr19	56176008	56185775	-0.02127600088982327
GALR1	chr18	77249848	77277900	-0.04047245549436178
GANAB	chr11	62624826	62646726	0.0010815157196392648
GANC	chr15	42273233	42356935	0.002494240172503986
GAP43	chr3	115623324	115721490	-0.0004695229025423783
GART	chr21	33503931	33543491	-0.0004919134136229591
GAS2L1	chr22	29306582	29312785	0.00019704791692216856
GAS6	chr13	113820549	113864076	
GATA1	chrX	48786562	48794311	
GATA2	chr3	128479427	128493201	-4.6802366466423495e-05
GATA3	chr10	8045378	8075198	-0.012873963989598081
GATA4	chr8	11676959	11760002	-0.0002917252353298664
GATA6	chr18	22169392	22202528	-0.03381473962030213
GBA	chr1	155234452	155244699	0.0009447256351256569
GBE1	chr3	81489703	81761645	-0.025358627940254137
GBF1	chr10	102245532	102382899	-0.0006966712971070071
GBP1	chr1	89052319	89065230	0.00042704823914014586
GBP5	chr1	89258950	89272804	0.00042704823914014586
GBX2	chr2	236165236	236168386	0.00869518892229871
GCGR	chr17	81804132	81814008	0.009892477408176966
GCH1	chr14	54842008	54902826	-0.017738258942879087
GCKR	chr2	27496839	27523684	0.0006508387604871469
GCLM	chr1	93885199	93909456	0.00046837332385327163
GCM1	chr6	53126961	53148841	0.007837123110607812
GCN1	chr12	120127202	120194715	0.0006123650542522869
GCNT2	chr6	10492223	10629368	-0.00014473675024242463
GCNT4	chr5	75025346	75052558	0.0003661442890861914
GDA	chr9	72114595	72257193	-0.04108948254634385
GDF11	chr12	55743122	55757264	0.000113869904110443
GDF15	chr19	18374731	18389176	0.00011517494160196627
GDF2	chr10	47322454	47327588	-0.00035699643743521413
GDF3	chr12	7689784	7695775	-0.06950850039127196
GDF5	chr20	35433347	35454746	-0.00019598363105757823
GDF6	chr8	96142333	96160806	0.000569577304024539
GDF7	chr2	20667144	20679243	0.000914035748314104
GDF9	chr5	132861181	132866884	0.002963002185801527
GDNF	chr5	37812677	37840041	0.001815849488023424
GFPT1	chr2	69319769	69387254	9.615995443661535e-05
GFRA1	chr10	116056925	116273467	-0.01633029471607391
GGT1	chr22	24556007	24629005	0.0016049039426985318
GH1	chr17	63917200	63918839	0.0006450976308161934
GHITM	chr10	84139509	84153568	-1.3390626304210829e-05
GHR	chr5	42423439	42721878	0.0015596860181587495
GHSR	chr3	172443291	172448456	0.0003967077982037563
GIGYF1	chr7	100679507	100694037	0.0006075267652087388
GIMAP4	chr7	150567369	150573953	-3.2155516831104314e-05
GIMAP5	chr7	150722253	150750033	-3.2155516831104314e-05
GIMAP8	chr7	150450630	150479393	-3.2155516831104314e-05
GIPC1	chr19	14477760	14496149	0.022033621157534114
GIPC2	chr1	77979542	78138444	0.0006626652622370595
GJA1	chr6	121435595	121449727	0.026991936291005957
GJA5	chr1	147756199	147773362	0.0015460100015327032
GJB1	chrX	71215194	71225516	
GJB6	chr13	20221962	20232365	-0.0350962107475691
GJC1	chr17	44798448	44830816	0.01956760265630175
GKN1	chr2	68974573	68980980	9.615995443661535e-05
GLA	chrX	101393273	101408012	
GLB1	chr3	32996609	33097202	-0.09406176749711218
GLCCI1	chr7	7968796	8094272	-0.00026868920080740685
GLDN	chr15	51341655	51408005	0.003396337514813386
GLI1	chr12	57459785	57472268	0.00017640539255839936
GLI2	chr2	120735623	120992653	-0.00015634009817526003
GLI3	chr7	41960949	42237870	6.874616514815643e-05
GLIPR2	chr9	36136536	36163913	-0.04108948254634385
GLOD4	chr17	757097	783390	-0.09771096176374078
GLP1R	chr6	39048781	39091303	0.0006825393872440679
GLRA1	chr5	151822513	151924842	-0.0028293019144329146
GLRA2	chrX	14529298	14731812	
GLRA3	chr4	174636920	174829247	-8.575323636440421e-05
GLRB	chr4	157076125	157172090	-0.0010026307342515081
GLS	chr2	190880821	190965552	0.000960426168522652
GLS2	chr12	56470944	56488414	0.000113869904110443
GLT8D2	chr12	103988984	104064183	2.4294260196879936e-05
GLUD1	chr10	87050202	87094843	-1.3390626304210829e-05
GLYR1	chr16	4803203	4847288	0.0024196002195725906
GMDS	chr6	1623806	2245605	-2.7001233954606018e-05
GMEB1	chr1	28668732	28719353	0.0014289949103799284
GMEB2	chr20	63587602	63627101	-2.9782016404695846e-05
GMFB	chr14	54474484	54489026	-0.017738258942879087
GMPS	chr3	155870650	155944020	0.00020313163958505227
GNA11	chr19	3094362	3123999	0.0003760747592308218
GNAI1	chr7	79768028	80226181	0.020501558681540456
GNAI2	chr3	50226292	50259362	-0.0392042182116494
GNAO1	chr16	56191489	56357444	0.0026440657695812153
GNAQ	chr9	77716097	78031811	-0.012662156586271723
GNAT3	chr7	80458635	80512064	0.020501558681540456
GNB1L	chr22	19783223	19854939	0.013127863213813222
GNB3	chr12	6839954	6847393	-0.067834381043737
GNL2	chr1	37566816	37595937	0.020848399463453394
GNPAT	chr1	231241207	231277973	0.07395991750218409
GNRH1	chr8	25419258	25424654	6.150810544858858e-05
GNRHR	chr4	67739328	67754360	-0.09515876225538379
GNS	chr12	64713445	64759431	0.00011380248588039864
GOLGA2	chr9	128255829	128275995	0.05472078756268738
GOLPH3	chr5	32124716	32174319	0.002921602584131437
GORAB	chr1	170532129	170553446	-0.00844705524627609
GOT1	chr10	99396870	99430624	-0.00031275390490111805
GP1BA	chr17	4932277	4935023	-0.09664423698070382
GP5	chr3	194394821	194398354	0.000763830438812138
GP6	chr19	55013705	55038264	-0.00653054565063833
GPATCH11	chr2	37084451	37099244	0.000544388298365933
GPBP1	chr5	57173948	57264679	0.0009127546266015542
GPBP1L1	chr1	45627304	45688113	0.049390758487010064
GPCPD1	chr20	5544439	5611006	-0.0005827689728791822
GPER1	chr7	1082208	1093815	-4.729841684267593e-05
GPHN	chr14	66507407	67181803	-0.05764698793466415
GPN1	chr2	27628247	27651511	0.0006508387604871469
GPN2	chr1	26876132	26890283	0.000777844687109851
GPR1	chr2	206175316	206218047	0.03326563509131389
GPR101	chrX	137027447	137033847	
GPR12	chr13	26755200	26760786	-0.0350962107475691
GPR135	chr14	59429022	59465342	-0.017738258942879087
GPR137	chr11	64270062	64289500	0.003685000769892627
GPR139	chr16	20031485	20073917	0.0009617560218162
GPR149	chr3	154334943	154430190	0.00020313163958505227
GPR158	chr10	25174802	25602229	-0.004173867097552244
GPR162	chr12	6821624	6829972	-0.067834381043737
GPR17	chr2	127645864	127652639	-0.00015634009817526003
GPR174	chrX	79144663	79175315	
GPR22	chr7	107470018	107475684	0.00022043217152534913
GPR26	chr10	123666355	123697399	-0.050259546627500436
GPR3	chr1	27392622	27395814	0.000777844687109851
GPR34	chrX	41688973	41697275	
GPR37	chr7	124743885	124765792	6.73725576128317e-05
GPR37L1	chr1	202122917	202133592	0.00010796952266883792
GPR39	chr2	132416805	132646582	-3.542801878991141e-05
GPR4	chr19	45589764	45602212	0.0002678663191804061
GPR55	chr2	230907318	230961066	0.03235524370282734
GPR63	chr6	96794125	96837477	0.013013075087082358
GPR83	chr11	94377316	94401419	-0.001708139029617144
GPR85	chr7	113078331	113087778	0.00022043217152534913
GPR88	chr1	100538139	100542021	0.0005739060561435618
GPRASP1	chrX	102651092	102659083	
GPRASP2	chrX	102712176	102717733	
GPRC5B	chr16	19856691	19886167	0.0009617560218162
GPRC5C	chr17	74424851	74451653	0.0008409202013293028
GPRIN2	chr10	46549044	46555530	-0.00035699643743521413
GPT	chr8	144502973	144507174	
GRAMD1A	chr19	34994784	35026471	6.731691575353827e-05
GRAMD2B	chr5	126360132	126496494	0.0019488247956638896
GRB2	chr17	75318076	75405709	0.0015271212748442238
GRB7	chr17	39737927	39747291	0.17382638367056255
GREB1	chr2	11482341	11642788	0.000914035748314104
GREB1L	chr18	21242242	21525417	-0.03381473962030213
GREM1	chr15	32718004	32745106	0.004043780019024639
GREM2	chr1	240489573	240612155	0.13960872772036745
GRHL2	chr8	101492439	101669726	0.0010538214892235856
GRIA1	chr5	153489615	153813869	-0.0028293019144329146
GRIA2	chr4	157204182	157366075	-0.0010026307342515081
GRID1	chr10	85599552	86366795	-1.3390626304210829e-05
GRIK3	chr1	36795527	37034515	0.020848399463453394
GRIK4	chr11	120511700	120988904	-0.00449460763659401
GRIK5	chr19	41998321	42069498	4.6450438081048194e-05
GRIN1	chr9	137139154	137168756	
GRIN2B	chr12	13437942	13981957	-0.04334391504790958
GRIN2C	chr17	74842023	74861504	0.0015271212748442238
GRIN2D	chr19	48394875	48444931	0.0005427902172196493
GRK2	chr11	67266473	67286556	0.009529436209786047
GRK5	chr10	119207571	119459745	-0.01633029471607391
GRM1	chr6	146027646	146437601	0.020430689065113222
GRM2	chr3	51707068	51718613	-0.0392042182116494
GRM3	chr7	86643914	86864884	0.020501558681540456
GRM4	chr6	34018643	34155622	7.505368373103886e-05
GRM5	chr11	88504576	89065945	-0.00024814774910539056
GRM7	chr3	6770001	7741533	-0.15802454912626523
GRM8	chr7	126438598	127253093	6.73725576128317e-05
GRN	chr17	44345246	44353106	0.01956760265630175
GRP	chr18	59220158	59230774	-0.03381473962030213
GRPR	chrX	16123565	16153518	
GRWD1	chr19	48445841	48457022	0.0005427902172196493
GSDMB	chr17	39904595	39919854	0.17382638367056255
GSDMC	chr8	129748196	129786624	0.010706999873066765
GSE1	chr16	85169525	85676204	0.019725674801881296
GSK3A	chr19	42230190	42242625	6.766533940056776e-05
GSK3B	chr3	119821323	120094417	-7.295421950521448e-05
GSR	chr8	30678066	30727846	0.00021480867466759364
GSS	chr20	34928432	34956027	-0.0002779070822181201
GSTM1	chr1	109687814	109709039	0.0006559449915593991
GSTM3	chr1	109733932	109741038	0.0006559449915593991
GSTO1	chr10	104235356	104267459	-0.0009113920687774904
GSTZ1	chr14	77320996	77331597	-0.0869916729804872
GSX2	chr4	54099523	54102498	-0.10385182409368528
GTF2A1L	chr2	48617798	48733148	0.00017966151107430106
GTF2I	chr7	74650231	74760692	0.007364943431711107
GTF2IRD1	chr7	74453790	74602604	0.007364943431711107
GTF3C1	chr16	27459555	27549913	0.000703216421654597
GTPBP1	chr22	38705742	38738299	-0.0017559965505127546
GTPBP10	chr7	90335223	90391455	0.02361533438366936
GTPBP4	chr10	988434	1019932	-0.032771326480445666
GUCA1A	chr6	42155406	42180049	0.0019089376526115127
GUCY1A2	chr11	106674012	107018524	-0.01061669625336271
GUCY2C	chr12	14612632	14696599	-0.04334391504790958
GUCY2D	chr17	8002615	8020342	-0.011612086230343648
GUSB	chr7	65960684	65982215	0.0013359829688630546
GXYLT2	chr3	72888046	72998138	-0.025358627940254137
GYG2	chrX	2828822	2882820	
GYPA	chr4	144109303	144140751	-0.002289617241669375
GYPB	chr4	143996104	144019345	-0.00494972532125631
GYS1	chr19	48968130	48993310	0.0005090292648720886
GZMA	chr5	55102646	55110252	0.0009127546266015542
GZMB	chr14	24630954	24634267	-0.004081637882656571
GZMH	chr14	24606480	24609699	-0.00380276823861075
GZMK	chr5	55024256	55034570	0.0009127546266015542
H19	chr11	1995176	2001470	0.0028128049948089157
HABP2	chr10	113550837	113589602	-0.0034312916843590516
HADHA	chr2	26190635	26244672	0.0007906445295729718
HADHB	chr2	26243170	26290465	0.0007906445295729718
HAMP	chr19	35280716	35285143	6.731691575353827e-05
HAP1	chr17	41717742	41734644	0.14850357945176026
HAS2	chr8	121612116	121641440	0.008026174640372587
HAVCR1	chr5	157029413	157059119	-0.0028293019144329146
HAVCR2	chr5	157085832	157142869	-0.0028293019144329146
HAX1	chr1	154272589	154275875	0.0033458577655039426
HBEGF	chr5	140332843	140346603	0.00034501102998870276
HBG1	chr11	5248079	5249859	0.0005403327151397394
HBS1L	chr6	134960378	135103056	0.0291946762571223
HBZ	chr16	142728	154503	0.013170713413434622
HCAR2	chr12	122701293	122703357	0.0012394304547421924
HCAR3	chr12	122714756	122716811	0.0012394304547421924
HCFC1	chrX	153947557	153971818	
HCK	chr20	32052188	32101856	-0.0003080128710065813
HCN2	chr19	589881	617159	0.0007065477887497425
HCN3	chr1	155277463	155289848	0.0009447256351256569
HCN4	chr15	73319859	73368958	0.0003296311294962174
HCRT	chr17	42184060	42185452	0.10463334982052944
HCRTR1	chr1	31617686	31632518	0.002703013181809804
HCRTR2	chr6	55106460	55282620	0.007837123110607812
HDAC1	chr1	32292083	32333635	0.007090505912763734
HDAC10	chr22	50245183	50251405	-0.0004463302749011595
HDAC2	chr6	113933028	114011308	0.026950898656687563
HDAC3	chr5	141620876	141636849	3.4528084362653004e-05
HDAC4	chr2	239048168	239401654	
HDAC5	chr17	44076746	44123702	0.04205552195059332
HDAC6	chrX	48801377	48824982	
HDAC8	chrX	72329516	72573101	
HDAC9	chr7	18086949	19002416	-0.0002791836801827818
HDC	chr15	50241947	50265965	0.003396337514813386
HEATR3	chr16	50065970	50107272	0.0015930165906617704
HEATR5A	chr14	31291788	31420550	-0.004081637882656571
HEATR5B	chr2	36968383	37084372	0.000544388298365933
HEATR6	chr17	60041008	60078922	0.0026461510323501957
HECA	chr6	139135080	139180802	0.0291946762571223
HECTD4	chr12	112160188	112382439	2.481329132138371e-06
HELLS	chr10	94501434	94613905	-0.00013691491743080773
HEPACAM	chr11	124919205	124936412	-0.0025993242248592827
HERC2	chr15	28111040	28322172	0.004588924611061515
HERC6	chr4	88378739	88443111	-0.09024349304344671
HES1	chr3	194136148	194138732	0.000763830438812138
HES4	chr1	998962	1000172	0.005415208816122133
HES6	chr2	238238267	238240662	0.00869518892229871
HESX1	chr3	57197838	57227606	-0.034581866126714336
HEXA	chr15	72340919	72376476	0.0005011003574818951
HEXB	chr5	74640023	74722647	0.0003661442890861914
HEXIM1	chr17	45148502	45152101	0.02591790497108404
HEY1	chr8	79764010	79767857	0.000318216303090948
HFE	chr6	26087281	26098343	0.00019662951581001786
HGF	chr7	81699010	81770438	0.020501558681540456
HGH1	chr8	144137774	144140851	0.0024332502558325063
HGS	chr17	81683326	81703138	0.009892477408176966
HHEX	chr10	92689955	92695647	-8.53649829551621e-05
HHLA2	chr3	108296490	108378285	-0.0020924142439839462
HIF1A	chr14	61695513	61748259	-0.03559514530806321
HIPK2	chr7	139561570	139777998	2.7583275680340674e-05
HIPK3	chr11	33256672	33357023	0.0005369828061021761
HIVEP2	chr6	142751469	142956698	0.0291946762571223
HK1	chr10	69269984	69401884	0.00031105841972587744
HK2	chr2	74834127	74893359	7.575779268146809e-05
HLX	chr1	220879431	220885059	0.03443925606753613
HMCN1	chr1	185734391	186190949	-0.0004366405930479371
HMGA1	chr6	34236873	34246231	7.505368373103886e-05
HMGA2	chr12	65824131	65966295	0.00011380248588039864
HMGB2	chr4	173331376	173334432	-0.0004724715012503752
HMGB3	chrX	150980509	150990771	
HMGCR	chr5	75336329	75362101	0.0003661442890861914
HMGN3	chr6	79201245	79234738	0.011931072450950287
HMGN5	chrX	81113699	81201913	
HMMR	chr5	163460203	163491941	-0.00665117178142286
HMOX1	chr22	35380361	35394207	-0.0001650329339043002
HMX2	chr10	123148122	123150672	-0.050259546627500436
HNF1A	chr12	120978543	121002512	0.0006123650542522869
HNF1B	chr17	37686431	37745105	0.15987255528592378
HNF4A	chr20	44355700	44434596	-0.0001576837495814946
HNMT	chr2	137964020	138016364	-3.542801878991141e-05
HNRNPA1L2	chr13	52642425	52643796	-0.011062722026995882
HNRNPD	chr4	82352498	82374503	-0.0881517336029445
HNRNPF	chr10	43385617	43409166	-0.00035699643743521413
HNRNPH1	chr5	179614178	179634784	-0.00156094931121706
HNRNPLL	chr2	38561969	38603586	0.00031110884704675125
HNRNPM	chr19	8444767	8489114	0.010294009387855
HNRNPUL1	chr19	41262496	41307787	4.6450438081048194e-05
HOOK3	chr8	42896946	43030535	0.00017883905557302356
HOPX	chr4	56647988	56681899	-0.09515876225538379
HOTAIR	chr12	53962308	53974956	2.276256388756982e-05
HOXA10	chr7	27170592	27180261	-0.0001702444357241841
HOXA11	chr7	27181157	27185232	-0.0001702444357241841
HOXA13	chr7	27193503	27200091	-0.0001702444357241841
HOXA5	chr7	27141052	27143681	-0.0001702444357241841
HOXA9	chr7	27162438	27175180	-0.0001702444357241841
HOXB13	chr17	48724763	48729178	0.055925875743425474
HOXB4	chr17	48575507	48578350	0.055925875743425474
HOXB5	chr17	48591257	48593961	0.055925875743425474
HOXB6	chr17	48595751	48604992	0.055925875743425474
HOXB7	chr17	48607232	48633572	0.055925875743425474
HOXB9	chr17	48621156	48626358	0.055925875743425474
HOXC11	chr12	53973126	53977643	2.276256388756982e-05
HOXC13	chr12	53938831	53946544	2.276256388756982e-05
HOXD10	chr2	176108790	176119942	0.00010865467318467648
HOXD9	chr2	176122719	176124937	0.00010865467318467648
HPCA	chr1	32885994	32898441	0.007090505912763734
HPCAL1	chr2	10302889	10427617	0.0011069364036231303
HPD	chr12	121839527	121863596	0.0006123650542522869
HPGD	chr4	174490175	174523154	-0.0004724715012503752
HPGDS	chr4	94298535	94342876	-0.08924705924435848
HPRT1	chrX	134460165	134520513	
HPS5	chr11	18278668	18322198	0.00042123636307598975
HPSE	chr4	83292461	83335153	-0.0881517336029445
HPSE2	chr10	98457077	99235862	-0.00031275390490111805
HRAS	chr11	532242	537287	0.004814412165801134
HRH1	chr3	11137093	11263557	-0.14557824934984856
HRH2	chr5	175658030	175710756	-0.00716110184528025
HRH3	chr20	62214960	62220278	-0.00017165610921548544
HRH4	chr18	24460637	24479961	-0.03381473962030213
HS3ST2	chr16	22814162	22916338	0.0009617560218162
HS3ST3A1	chr17	13494032	13601929	-0.0016948967086537437
HS3ST5	chr6	114055586	114343045	0.026950898656687563
HS6ST2	chrX	132626016	132961395	
HSD11B1	chr1	209686178	209734949	0.00596049177159256
HSD11B2	chr16	67430652	67437553	0.009100296179279464
HSD17B1	chr17	42549214	42555213	0.10463334982052944
HSD17B10	chrX	53431258	53434370	
HSD17B2	chr16	82035004	82098534	0.028847593346476106
HSD17B6	chr12	56752161	56787790	0.00017640539255839936
HSD3B1	chr1	119507198	119515054	0.0004990616359780521
HSDL1	chr16	84122141	84145192	0.019725674801881296
HSF1	chr8	144291591	144314720	0.0024332502558325063
HSF4	chr16	67164681	67169945	0.01030756366400854
HSPA1L	chr6	31809619	31815283	3.978565542470945e-06
HSPA2	chr14	64535905	64546173	-0.05764698793466415
HSPA4	chr5	133052013	133106449	0.002963002185801527
HSPA6	chr1	161524540	161526894	-0.026093719491998346
HSPA8	chr11	123057489	123063230	-0.00449460763659401
HSPA9	chr5	138553756	138575416	0.00034501102998870276
HSPB11	chr1	53916574	53945929	0.03124479520221401
HSPB3	chr5	54455699	54456377	0.0015596860181587495
HSPB8	chr12	119178642	119221131	0.0006123650542522869
HSPBP1	chr19	55262223	55280381	-0.02127600088982327
HSPD1	chr2	197486584	197516737	0.003669322906443456
HSPG2	chr1	21822244	21937310	0.0003457959525731649
HTATIP2	chr11	20363685	20383783	0.00042123636307598975
HTR1A	chr5	63960356	63962507	0.0006587734706454372
HTR1B	chr6	77461753	77463773	0.011931072450950287
HTR1D	chr1	23191895	23194729	0.0002534796543138907
HTR1E	chr6	86937528	87016679	0.011931072450950287
HTR2A	chr13	46831550	46897076	-0.014834279020482018
HTR2B	chr2	231108230	231125042	0.03235524370282734
HTR2C	chrX	114584078	114910061	
HTR3A	chr11	113974881	113990313	-0.00712746846657141
HTR4	chr5	148451032	148677235	-7.430581050845983e-05
HTR5A	chr7	155070324	155087392	
HTR6	chr1	19664875	19680966	0.0003457959525731649
HTR7	chr10	90740823	90858039	-0.00011881564136523367
HTRA1	chr10	122458551	122514907	-0.050259546627500436
HTRA2	chr2	74529377	74533348	7.575779268146809e-05
HTT	chr4	3041422	3243960	-0.13543776502304397
HUWE1	chrX	53532096	53686728	
HYOU1	chr11	119044188	119057227	-0.006122775933771628
IARS2	chr1	220094132	220148041	0.03443925606753613
ICA1	chr7	8113184	8262687	-0.00026868920080740685
ICAM1	chr19	10271093	10286615	0.010294009387855
ICAM2	chr17	64002594	64020634	0.0006450976308161934
ICAM3	chr19	10333776	10339661	0.02192428639306544
ICAM4	chr19	10286955	10288522	0.02192428639306544
ICAM5	chr19	10289952	10296778	0.02192428639306544
ICOS	chr2	203936763	203961577	0.03326563509131389
ICOSLG	chr21	44217014	44240966	-0.0004919134136229591
ID4	chr6	19837370	19842197	0.00013478833979989235
IDE	chr10	92451684	92574093	-8.53649829551621e-05
IDH1	chr2	208236227	208266074	0.03326563509131389
IDH2	chr15	90083045	90102504	-0.0022121996890148905
IDO1	chr8	39902275	39928790	0.00018892072028431134
IDUA	chr4	986997	1004564	-0.13543776502304397
IFI16	chr1	158999968	159055155	-0.0046171018609826465
IFI35	chr17	43006725	43014456	0.04205552195059332
IFI44L	chr1	78619922	78646145	0.0006626652622370595
IFIH1	chr2	162267074	162318684	3.715584279173508e-05
IFIT1	chr10	89392546	89406487	-0.00011881564136523367
IFIT2	chr10	89283694	89309271	-0.00011881564136523367
IFIT3	chr10	89327997	89340971	-0.00011881564136523367
IFITM1	chr11	313506	315272	0.004814412165801134
IFNA1	chr9	21440439	21441316	-0.10830515652353238
IFNA17	chr9	21227243	21228222	-0.10830515652353238
IFNA2	chr9	21384255	21385398	-0.10830515652353238
IFNA7	chr9	21201469	21202205	-0.10830515652353238
IFNA8	chr9	21409117	21410185	-0.10830515652353238
IFNAR1	chr21	33324429	33359864	-0.0004919134136229591
IFNAR2	chr21	33229901	33265675	-0.0004919134136229591
IFNB1	chr9	21077104	21077942	-0.10830515652353238
IFNG	chr12	68154768	68159740	0.00011380248588039864
IFNGR1	chr6	137197484	137219449	0.0291946762571223
IFNGR2	chr21	33402896	33479348	-0.0004919134136229591
IFNL1	chr19	39296407	39298673	2.5862359169178974e-05
IFNL2	chr19	39268514	39270092	2.5862359169178974e-05
IFNL3	chr19	39243553	39245129	2.5862359169178974e-05
IFNW1	chr9	21140214	21142145	-0.10830515652353238
IFRD1	chr7	112422968	112481017	0.00022043217152534913
IFT57	chr3	108160812	108222435	-0.0020924142439839462
IGBP1	chrX	70133447	70166324	
IGF1	chr12	102395874	102481744	2.4294260196879936e-05
IGF1R	chr15	98648539	98964530	-0.0022121996890148905
IGF2	chr11	2129112	2141238	0.0028128049948089157
IGF2BP1	chr17	48997385	49056145	0.07535126543253585
IGF2BP2	chr3	185643739	185825056	0.0008641157790360995
IGF2BP3	chr7	23310209	23470491	-0.0002791836801827818
IGF2R	chr6	159969099	160113507	0.002697462043891199
IGFBP1	chr7	45888360	45893660	0.0002773504219891991
IGFBP2	chr2	216632828	216664436	0.04712961019326936
IGFN1	chr1	201190824	201228952	4.5618617177241594e-05
IGHE	chr14	105597691	105601728	
IGSF1	chrX	131273506	131578899	
IGSF3	chr1	116574399	116667755	0.0002546202242965676
IGSF8	chr1	160091340	160098943	-0.017348570493744556
IGSF9B	chr11	133896438	133956985	-0.0010996818445793187
IHH	chr2	219054424	219060921	0.04712961019326936
IKBKB	chr8	42271302	42332653	0.00017883905557302356
IKBKE	chr1	206470476	206496889	0.0009062435663323369
IKBKG	chrX	154541199	154565046	
IKZF1	chr7	50304068	50405101	0.0002773504219891991
IKZF2	chr2	212999691	213152427	0.03647947861261257
IKZF3	chr17	39757718	39864312	0.17382638367056255
IKZF4	chr12	56007659	56038435	0.000113869904110443
IL10	chr1	206767602	206774541	0.0009062435663323369
IL10RA	chr11	117986348	118003037	-0.007050972372759938
IL10RB	chr21	33266367	33310187	-0.0004919134136229591
IL11	chr19	55364382	55370463	-0.02127600088982327
IL11RA	chr9	34650702	34661892	-0.0661003098837146
IL12A	chr3	159988835	159996019	0.00022161827416828826
IL12B	chr5	159314780	159330487	-0.00665117178142286
IL12RB1	chr19	18058995	18098944	0.001261485372987262
IL12RB2	chr1	67307364	67397090	0.0021664898695518847
IL13	chr5	132656263	132661110	0.002963002185801527
IL13RA1	chrX	118727133	118794535	
IL13RA2	chrX	115003975	115019977	
IL15	chr4	141636583	141733987	-0.00494972532125631
IL15RA	chr10	5943639	5978187	-0.032771326480445666
IL16	chr15	81159575	81314058	-9.404975875612471e-05
IL17A	chr6	52186375	52190638	0.007837123110607812
IL17B	chr5	149371324	149404202	-0.0005962277913897806
IL17D	chr13	20702127	20723098	-0.0350962107475691
IL17F	chr6	52236681	52244500	0.007837123110607812
IL17RA	chr22	17084954	17115694	0.013127863213813222
IL17RB	chr3	53846568	53865794	-0.03990214767310227
IL18	chr11	112143253	112164096	-0.00712746846657141
IL18BP	chr11	71998613	72005715	0.0005359031344942022
IL18R1	chr2	102311529	102398775	-0.00011537053516973061
IL18RAP	chr2	102418689	102452565	-0.00011537053516973061
IL19	chr1	206770764	206842981	0.0009062435663323369
IL1A	chr2	112773925	112784493	-0.00020503510995936638
IL1B	chr2	112829751	112836816	-0.0001850725697362206
IL1F10	chr2	113067970	113075843	-0.0001850725697362206
IL1R1	chr2	102064544	102179874	-0.00011537053516973061
IL1RAP	chr3	190514051	190659750	0.000763830438812138
IL1RL1	chr2	102311502	102352037	-0.00011537053516973061
IL1RL2	chr2	102187006	102240002	-0.00011537053516973061
IL1RN	chr2	113107214	113134016	-0.0001850725697362206
IL2	chr4	122451470	122456725	-0.009430828969627918
IL20	chr1	206865354	206869223	0.0009062435663323369
IL21	chr4	122610108	122621066	-0.009430828969627918
IL21R	chr16	27402174	27452042	0.000703216421654597
IL22	chr12	68248242	68253604	0.00011380248588039864
IL22RA1	chr1	24119771	24143140	0.0003731099274232452
IL23A	chr12	56334174	56340410	0.000113869904110443
IL23R	chr1	67138907	67259979	0.0021664898695518847
IL24	chr1	206897443	206904139	0.0009062435663323369
IL25	chr14	23372809	23376403	-0.0044984535589549495
IL26	chr12	68201349	68225810	0.00011380248588039864
IL2RA	chr10	6010689	6062370	-0.032771326480445666
IL2RB	chr22	37125843	37175054	-0.00046724729277857445
IL2RG	chrX	71107404	71112108	
IL3	chr5	132060655	132063204	0.0028060040347154002
IL31	chr12	122172029	122174221	0.0012394304547421924
IL33	chr9	6215786	6257983	-0.11639345456569233
IL34	chr16	70579895	70660682	0.023749211551335886
IL36G	chr2	112973203	112985658	-0.0001850725697362206
IL37	chr2	112912971	112918882	-0.0001850725697362206
IL3RA	chrX	1336616	1382689	
IL4	chr5	132673986	132682678	0.002963002185801527
IL4R	chr16	27313668	27364778	0.000703216421654597
IL5	chr5	132541445	132556838	0.002963002185801527
IL5RA	chr3	3066326	3126613	-0.15802454912626523
IL6	chr7	22725884	22732002	-0.0002791836801827818
IL6R	chr1	154405193	154469450	0.0033458577655039426
IL6ST	chr5	55935095	55995022	0.0009127546266015542
IL7	chr8	78675743	78805523	5.047327505746193e-06
IL7R	chr5	35852695	35879603	0.001815849488023424
IL9	chr5	135892246	135895841	0.0013490207609171442
IL9R	chrX	155997581	156010817	
ILDR2	chr1	166895711	166975540	-0.023969194630851873
ILF3	chr19	10654261	10692417	0.02192428639306544
ILK	chr11	6603708	6610874	0.0005403327151397394
IMMT	chr2	86143932	86195770	3.6650204618020156e-05
IMPDH1	chr7	128392277	128410252	6.73725576128317e-05
IMPDH2	chr3	49024325	49029408	-0.03629245268400803
IMPG1	chr6	75921114	76072678	0.009991160828451709
INA	chr10	103277138	103290346	-0.0009113920687774904
INCA1	chr17	4988130	4997610	-0.09664423698070382
ING1	chr13	110712736	110723339	-0.0045872845668024
INHA	chr2	219569162	219575711	0.05646305699567348
INHBA	chr7	41667168	41705834	6.874616514815643e-05
INHBB	chr2	120346136	120351803	-0.0001850725697362206
INKA2	chr1	111680630	111755824	0.000568165470478334
INMT	chr7	30697985	30757602	-7.848620646750028e-05
INO80D	chr2	205993721	206086303	0.03326563509131389
INPP4B	chr4	142023160	142847432	-0.00494972532125631
INPP5D	chr2	233059967	233207903	0.03235524370282734
INPPL1	chr11	72223701	72239147	0.0005359031344942022
INSC	chr11	15112424	15247208	0.00039305162882094546
INSL3	chr19	17816512	17821574	0.001261485372987262
INSL4	chr9	5231419	5235304	-0.12086401876169456
INSM1	chr20	20368104	20370949	-0.0004207955747306463
INSR	chr19	7112255	7294414	0.0008890449453730467
INSRR	chr1	156840063	156859117	7.442554915724541e-05
INVS	chr9	100099243	100302175	0.0002732261691292298
IPO11	chr5	62403972	62628582	0.0006587734706454372
IPO5	chr13	97953658	98024296	-0.007268806026474949
IPO7	chr11	9384652	9448127	0.0003643558844173163
IPO9	chr1	201829149	201884291	4.5618617177241594e-05
IPP	chr1	45694324	45750653	0.049390758487010064
IQGAP1	chr15	90388242	90502239	-0.0022121996890148905
IQGAP2	chr5	76403285	76708132	0.0003868854199734932
IQSEC1	chr3	12897043	13283281	-0.12985314947077853
IRAK1	chrX	154010506	154019902	
IRAK2	chr3	10164919	10243745	-0.14557824934984856
IRF1	chr5	132481609	132490777	0.0028060040347154002
IRF2BP1	chr19	45883608	45886141	0.0004753199774616822
IRF2BPL	chr14	77024543	77028708	-0.08500630126655599
IRF3	chr19	49659569	49665875	0.00023390334743419146
IRF4	chr6	391752	411443	-2.7001233954606018e-05
IRF5	chr7	128937457	128950038	6.73725576128317e-05
IRF7	chr11	612553	615983	0.004814412165801134
IRF8	chr16	85899162	85922606	0.019725674801881296
IRGM	chr5	150846523	150900736	-0.0005962277913897806
IRGQ	chr19	43584369	43596135	6.766533940056776e-05
IRS1	chr2	226731317	226799759	0.053689149996191114
IRS2	chr13	109752695	109786583	-0.0045872845668024
IRS4	chrX	108732482	108736409	
IRX1	chr5	3595832	3601403	0.005386741082788252
ISL1	chr5	51383448	51394730	0.0015596860181587495
ISOC2	chr19	55452985	55462343	-0.02127600088982327
ITCH	chr20	34363241	34540748	-0.0002779070822181201
ITGA1	chr5	52787916	52959209	0.0015596860181587495
ITGA2	chr5	52989340	53094779	0.0015596860181587495
ITGA2B	chr17	44372180	44389649	0.01956760265630175
ITGA3	chr17	50055968	50090481	0.07535126543253585
ITGA4	chr2	181457202	181538940	0.00010865467318467648
ITGA5	chr12	54395261	54419266	2.276256388756982e-05
ITGA6	chr2	172427354	172506459	2.7187785413258078e-05
ITGA8	chr10	15513954	15719922	-0.012873963989598081
ITGAD	chr16	31393335	31426505	0.0011365189923910432
ITGAE	chr17	3714628	3801188	-0.09339503926227377
ITGAL	chr16	30472719	30523185	0.0007675638341198598
ITGAM	chr16	31259967	31332892	0.0011365189923910432
ITGAV	chr2	186590056	186680901	0.0003384719219201136
ITGAX	chr16	31355134	31382997	0.0011365189923910432
ITGB1BP2	chrX	71301750	71305371	
ITGB2	chr21	44885953	44931989	-0.0004919134136229591
ITGB3	chr17	47253846	47313735	0.02591790497108404
ITGB4	chr17	75721328	75757818	0.0015271212748442238
ITGB5	chr3	124761948	124901418	-4.6802366466423495e-05
ITGB6	chr2	160099667	160200313	1.0182691168045107e-06
ITGB7	chr12	53191323	53207282	2.276256388756982e-05
ITIH1	chr3	52777595	52792068	-0.03990214767310227
ITIH5	chr10	7559270	7666998	-0.012873963989598081
ITK	chr5	157142933	157255191	-0.0028293019144329146
ITM2A	chrX	79360384	79367667	
ITPKA	chr15	41493393	41503551	0.0026748072224950254
ITPR1	chr3	4493345	4847840	-0.15802454912626523
ITPR3	chr6	33620365	33696574	7.505368373103886e-05
ITPRID2	chr2	181891730	181930738	0.00010865467318467648
IVNS1ABP	chr1	185296388	185317273	-0.0004366405930479371
JAG1	chr20	10637684	10673999	-0.0004207955747306463
JAK1	chr1	64833229	65067754	0.0021664898695518847
JAK2	chr9	4984390	5128183	-0.12086401876169456
JAK3	chr19	17824780	17848071	0.001261485372987262
JAM2	chr21	25639258	25717562	-0.0004919134136229591
JAM3	chr11	134069071	134152001	-0.0010996818445793187
JAZF1	chr7	27830573	28180795	-0.0001702444357241841
JDP2	chr14	75427716	75474111	-0.08500630126655599
JMJD4	chr1	227730425	227735411	0.07395991750218409
JPH1	chr8	74234700	74321540	5.047327505746193e-06
JPH2	chr20	44111695	44187578	-0.0001576837495814946
JPT2	chr16	1678256	1702280	0.0076711826891900075
JRK	chr8	142657460	142681968	0.006421408472578152
JUP	chr17	41754604	41786931	0.14850357945176026
KANK2	chr19	11164267	11197791	0.02890830333847734
KAT2A	chr17	42113111	42121367	0.14850357945176026
KAT2B	chr3	20040446	20154404	-0.11101832035667686
KAT5	chr11	65711996	65719604	0.011935176169608616
KATNA1	chr6	149594873	149648972	0.00887087449816526
KCNA3	chr1	110672465	110674940	0.000568165470478334
KCNA4	chr11	30009730	30017030	0.0004973024510201649
KCNA5	chr12	5043879	5046788	-0.05197670831832469
KCNAB3	chr17	7921859	7929803	-0.011612086230343648
KCNB1	chr20	49293394	49484297	-0.000336274174793978
KCNC1	chr11	17734774	17856804	0.00039305162882094546
KCNC3	chr19	50311937	50333515	0.00023390334743419146
KCNC4	chr1	110211343	110283100	0.000568165470478334
KCNE1	chr21	34446688	34512210	-0.0004919134136229591
KCNF1	chr2	10911934	10914225	0.0011069364036231303
KCNH1	chr1	210676823	211134165	0.00596049177159256
KCNH2	chr7	150944961	150978321	-3.2155516831104314e-05
KCNH3	chr12	49539030	49558337	-0.00017525960290996431
KCNH4	chr17	42156891	42181142	0.14850357945176026
KCNH5	chr14	62699464	63102037	-0.03559514530806321
KCNH6	chr17	63523334	63548977	0.0006450976308161934
KCNIP2	chr10	101825974	101843920	-0.0006966712971070071
KCNJ1	chr11	128836315	128867373	-0.0010996818445793187
KCNJ10	chr1	159998651	160070160	-0.0046171018609826465
KCNJ11	chr11	17385859	17389331	0.00039305162882094546
KCNJ12	chr17	21376357	21419870	-8.797099307625445e-05
KCNJ13	chr2	232765802	232776565	0.03235524370282734
KCNJ15	chr21	38155549	38307357	-0.0004919134136229591
KCNJ16	chr17	70053429	70135608	0.0008409202013293028
KCNJ2	chr17	70168673	70180044	0.0008409202013293028
KCNJ6	chr21	37607373	38121345	-0.0004919134136229591
KCNJ8	chr12	21764955	21775600	-0.019128248055308644
KCNJ9	chr1	160081538	160090563	-0.0046171018609826465
KCNK1	chr1	233614106	233672514	0.1126137462508947
KCNK10	chr14	88180103	88326907	-0.0869916729804872
KCNK12	chr2	47509290	47570985	0.00017966151107430106
KCNK13	chr14	90061994	90185853	-0.0869916729804872
KCNK15	chr20	44745865	44752313	-0.0001576837495814946
KCNK16	chr6	39314698	39322968	0.0006825393872440679
KCNK17	chr6	39299001	39314461	0.0006825393872440679
KCNK18	chr10	117197489	117210299	-0.01633029471607391
KCNK2	chr1	215005775	215237093	0.012707105603331733
KCNK3	chr2	26692690	26733420	0.0007906445295729718
KCNK4	chr11	64291302	64300031	0.003685000769892627
KCNK6	chr19	38319845	38332076	8.397444375947614e-06
KCNK9	chr8	139600838	139704109	0.006421408472578152
KCNMA1	chr10	76869601	77638369	7.908439244892513e-05
KCNMB1	chr5	170374671	170389634	-0.00716110184528025
KCNN3	chr1	154697455	154870281	0.0009447256351256569
KCNN4	chr19	43766533	43781257	5.298845638138706e-05
KCNQ1	chr11	2444684	2849105	0.0011608171382036139
KCNQ2	chr20	63400210	63472677	-2.9782016404695846e-05
KCNQ3	chr8	132120859	132481095	0.010706999873066765
KCNQ4	chr1	40783787	40840452	0.04020297401217017
KCNRG	chr13	50015254	50020922	-0.011062722026995882
KCNS1	chr20	45091214	45101127	-0.0001576837495814946
KCNT1	chr9	135702185	135795508	0.14757171828843765
KCNT2	chr1	196225779	196609225	-6.551313756498472e-05
KCNU1	chr8	36784324	36936125	0.00021480867466759364
KCNV1	chr8	109963636	109975771	0.003194944585899933
KCTD10	chr12	109448655	109477359	-1.4710326879244473e-05
KCTD11	chr17	7351889	7354944	-0.0831837900968406
KCTD20	chr6	36442767	36491143	0.00018092631164101414
KCTD5	chr16	2682523	2709030	0.004755963562036013
KCTD9	chr8	25427847	25458476	6.150810544858858e-05
KDM1A	chr1	23019443	23083689	0.0002534796543138907
KDM3A	chr2	86440647	86492716	3.6650204618020156e-05
KDM4A	chr1	43650149	43705518	0.05196342837794612
KDM5B	chr1	202724495	202808487	0.00010796952266883792
KDM5D	chrY	19703865	19744939	
KDM6A	chrX	44873177	45112602	
KDM6B	chr17	7839904	7854796	-0.050358427928358436
KDM8	chr16	27203495	27221768	0.000703216421654597
KDR	chr4	55078481	55125595	-0.10385182409368528
KEAP1	chr19	10486125	10503558	0.02192428639306544
KEL	chr7	142941114	142962363	8.898160696866219e-05
KHDC3L	chr6	73362658	73364171	0.009991160828451709
KHDRBS1	chr1	32013868	32060850	0.002703013181809804
KHK	chr2	27086747	27100762	0.0007906445295729718
KHSRP	chr19	6413348	6424794	0.0008890449453730467
KIAA0408	chr6	127438406	127459389	0.026991936291005957
KIAA1191	chr5	176346062	176361807	-0.004553560483529834
KIAA2013	chr1	11919591	11926428	0.000641076214575656
KIF11	chr10	92593130	92655395	-8.53649829551621e-05
KIF1A	chr2	240713761	240821036	
KIF20A	chr5	138178719	138187723	0.0013490207609171442
KIF2A	chr5	62306162	62537249	0.0006587734706454372
KIF2C	chr1	44739818	44767767	0.05196342837794612
KIF5B	chr10	32009015	32056425	-0.001017365306644463
KIR2DL1	chr19	54769793	54784322	-0.00653054565063833
KIR2DL4	chr19	54803535	54814517	-0.00653054565063833
KIR3DL1	chr19	54816468	54830778	-0.00653054565063833
KISS1R	chr19	917287	921005	0.0007065477887497425
KIT	chr4	54657918	54740715	-0.10385182409368528
KITLG	chr12	88492793	88580851	2.240002122937098e-05
KL	chr13	33016423	33066143	-0.028512742914652448
KLF12	chr13	73686089	73995056	-0.009424855004045435
KLF14	chr7	130731235	130734176	3.6567375335077536e-05
KLF16	chr19	1852399	1863579	0.0006555979932898493
KLF17	chr1	44118821	44135140	0.05196342837794612
KLF4	chr9	107484852	107490482	0.0002732261691292298
KLF5	chr13	73054976	73077541	-0.009424855004045435
KLHDC2	chr14	49768130	49786385	-0.005458685290380866
KLHL1	chr13	69700594	70108493	-0.009424855004045435
KLHL13	chrX	117897813	118117340	
KLHL14	chr18	32672673	32773023	-0.03381473962030213
KLHL24	chr3	183635610	183684519	0.0006244303440802904
KLHL26	chr19	18637025	18671721	0.00011517494160196627
KLHL4	chrX	87517409	87670050	
KLHL8	chr4	87160103	87240314	-0.09024349304344671
KLK10	chr19	51012739	51020175	0.00024245146391721717
KLK15	chr19	50825289	50837213	0.00024245146391721717
KLK4	chr19	50906352	50910738	0.00024245146391721717
KLK6	chr19	50958631	50969673	0.00024245146391721717
KLRB1	chr12	9594551	9607916	-0.05243142402801554
KLRC1	chr12	10442264	10454685	-0.04334391504790958
KLRC2	chr12	10426854	10442300	-0.05243142402801554
KLRD1	chr12	10226058	10329608	-0.05243142402801554
KLRF1	chr12	9827481	9845007	-0.05243142402801554
KLRG1	chr12	8950044	9010760	-0.06245676698558549
KLRK1	chr12	10372353	10391874	-0.05243142402801554
KMO	chr1	241532134	241595642	0.13960872772036745
KMT2A	chr11	118436490	118526832	-0.007050972372759938
KMT2D	chr12	49018975	49059774	-0.00017525960290996431
KNDC1	chr10	133160219	133226412	
KNSTRN	chr15	40382721	40394246	0.0026748072224950254
KPNA1	chr3	122421902	122514945	-7.295421950521448e-05
KPNA2	chr17	68035708	68046854	0.0005195564121448308
KPNA3	chr13	49699320	49792682	-0.011062722026995882
KPNA6	chr1	32108056	32176563	0.002703013181809804
KPNB1	chr17	47649476	47685505	0.02591790497108404
KPRP	chr1	152759561	152762052	0.0033458577655039426
KRAS	chr12	25205246	25250936	-0.0034828923766608943
KRT15	chr17	41513745	41522529	0.14850357945176026
KRT19	chr17	41523617	41528308	0.14850357945176026
KRT20	chr17	40875889	40885242	0.14850357945176026
KRTCAP2	chr1	155169408	155173475	0.0009447256351256569
KXD1	chr19	18557762	18569387	0.00011517494160196627
L1CAM	chrX	153861514	153886173	
LACC1	chr13	43879284	43893932	-0.014834279020482018
LACRT	chr12	54630811	54634895	2.276256388756982e-05
LAD1	chr1	201380833	201399915	4.5618617177241594e-05
LAG3	chr12	6772512	6778455	-0.067834381043737
LAIR1	chr19	54351384	54370558	-0.000851762138085447
LAIR2	chr19	54497879	54510687	-0.000851762138085447
LAMA3	chr18	23689443	23956222	-0.03381473962030213
LAMB1	chr7	107923799	108003187	0.00022043217152534913
LAMB3	chr1	209614870	209652425	0.00596049177159256
LAMC1	chr1	183023420	183145592	-0.0004366405930479371
LAMC2	chr1	183186238	183245127	-0.0004366405930479371
LAMP1	chr13	113297239	113323672	
LAMP2	chrX	120426148	120469365	
LAMP3	chr3	183122215	183163839	0.0006244303440802904
LANCL1	chr2	210431249	210477652	0.03647947861261257
LANCL2	chr7	55365448	55433742	0.0013359829688630546
LAPTM4B	chr8	97775057	97853013	0.000569577304024539
LARP4	chr12	50392383	50480004	-7.851452747788239e-05
LARP4B	chr10	806914	931705	-0.032771326480445666
LASP1	chr17	38869859	38921770	0.15987255528592378
LAT	chr16	28984826	28990783	0.0007237163116299317
LATS1	chr6	149658153	149718105	0.00887087449816526
LATS2	chr13	20973036	21061586	-0.0350962107475691
LBH	chr2	30231534	30323730	0.0006508387604871469
LBP	chr20	38346482	38377013	-0.0001926930305975184
LBX1	chr10	101226195	101229794	-0.0006966712971070071
LCAT	chr16	67939750	67944131	0.01358975238224288
LCK	chr1	32251239	32286165	0.002703013181809804
LDB3	chr10	86668449	86736068	-1.3390626304210829e-05
LDHA	chr11	18394560	18408425	0.00042123636307598975
LDLR	chr19	11089462	11133820	0.02890830333847734
LDLRAD4	chr18	13217498	13652755	-0.03381473962030213
LEF1	chr4	108047545	108168956	-0.07936724775730437
LENG8	chr19	54448887	54462037	-0.000851762138085447
LEP	chr7	128241278	128257629	6.73725576128317e-05
LEPR	chr1	65420652	65641559	0.0021664898695518847
LEPROTL1	chr8	30095408	30177208	0.00021480867466759364
LGALS13	chr19	39602501	39607474	2.5862359169178974e-05
LGALS14	chr19	39704481	39709444	2.5862359169178974e-05
LGALS8	chr1	236518000	236552981	0.1126137462508947
LGALS9	chr17	27629798	27649560	-8.797099307625445e-05
LGALSL	chr2	64453969	64461381	9.615995443661535e-05
LGMN	chr14	92703807	92748679	-0.08132505423898645
LGR4	chr11	27365961	27472790	0.0004973024510201649
LGR5	chr12	71439798	71586310	3.762811691452807e-05
LGR6	chr1	202193901	202319781	0.00010796952266883792
LHCGR	chr2	48686774	48755730	0.00017966151107430106
LIF	chr22	30240453	30246759	-0.00016659799599544025
LIFR	chr5	38474668	38608354	0.001815849488023424
LIG3	chr17	34980512	35009743	0.0967543444528365
LIG4	chr13	108207439	108218368	-0.00463512448314386
LILRA1	chr19	54593582	54602381	-0.000851762138085447
LILRA2	chr19	54572920	54590287	-0.000851762138085447
LILRA4	chr19	54333185	54339162	-0.000851762138085447
LILRA5	chr19	54307070	54313166	-0.000851762138085447
LILRA6	chr19	54236592	54242791	-0.000851762138085447
LILRB1	chr19	54617158	54637528	-0.00653054565063833
LILRB2	chr19	54273821	54281184	-0.000851762138085447
LILRB3	chr19	54216278	54223506	-4.185476624158715e-06
LILRB4	chr19	54643889	54670359	-0.00653054565063833
LILRB5	chr19	54249421	54257301	-0.000851762138085447
LIM2	chr19	51379909	51387960	0.00024245146391721717
LIMK1	chr7	74082933	74122525	0.007364943431711107
LIN28A	chr1	26410817	26429728	0.000777844687109851
LIN28B	chr6	104936616	105083332	0.019877851625399096
LINGO2	chr9	27948078	28670286	-0.08977454922074052
LINS1	chr15	100559369	100603230	
LIPA	chr10	89213569	89414557	-0.00011881564136523367
LIPC	chr15	58410569	58569844	0.003778471682409656
LIPE	chr19	42401514	42427388	6.766533940056776e-05
LIPF	chr10	88664441	88678814	-0.00011881564136523367
LIPG	chr18	49560699	49599185	-0.03381473962030213
LLGL2	chr17	75525080	75575208	0.0015271212748442238
LMBR1L	chr12	49096551	49110900	-0.00017525960290996431
LMNB1	chr5	126776623	126837020	0.0019488247956638896
LMO1	chr11	8224309	8268716	0.0005403327151397394
LMO2	chr11	33858576	33892076	0.0005369828061021761
LMX1B	chr9	126614443	126701032	0.027767993957379063
LONP1	chr19	5691834	5720572	0.00042994040518997746
LONRF3	chrX	118974614	119018355	
LOX	chr5	122063195	122078360	0.0019488247956638896
LOXL1	chr15	73925989	73952137	0.0003296311294962174
LOXL2	chr8	23296897	23425328	-6.835300857451329e-05
LPA	chr6	160531483	160664259	0.002697462043891199
LPAR1	chr9	110873263	111038458	0.0015528432279981355
LPAR3	chr1	84811602	84893206	0.00042704823914014586
LPAR5	chr12	6618835	6635960	-0.067834381043737
LPAR6	chr13	48389567	48444704	-0.011062722026995882
LPCAT1	chr5	1456480	1523962	0.008541772995529861
LPIN1	chr2	11677595	11827409	0.000914035748314104
LPL	chr8	19901717	19967259	-0.0002917252353298664
LPXN	chr11	58526871	58578220	0.000636943795567946
LRATD2	chr8	126552443	126558478	0.008026174640372587
LRBA	chr4	150264435	151015727	-0.002289617241669375
LRCH1	chr13	46553168	46753040	-0.014834279020482018
LRG1	chr19	4536402	4540036	0.00042994040518997746
LRIF1	chr1	110947190	110963965	0.000568165470478334
LRP1	chr12	57128483	57213361	0.00017640539255839936
LRP2	chr2	169127109	169362534	3.715584279173508e-05
LRP5	chr11	68312591	68449275	0.009529436209786047
LRP6	chr12	12116025	12267044	-0.04334391504790958
LRPPRC	chr2	43886224	43995989	0.00031110884704675125
LRRC15	chr3	194355247	194369743	0.000763830438812138
LRRC20	chr10	70298970	70382650	0.00031105841972587744
LRRC3	chr21	44455510	44462196	-0.0004919134136229591
LRRC32	chr11	76657524	76670747	9.71009611571417e-05
LRRC38	chr1	13474973	13514003	0.000641076214575656
LRRC3B	chr3	26622806	26717537	-0.11101832035667686
LRRC45	chr17	82023305	82031151	0.009892477408176966
LRRC47	chr1	3778559	3796498	0.0037400227849095987
LRRC59	chr17	50375059	50397523	0.07535126543253585
LRRK2	chr12	40196744	40369285	-0.0034828923766608943
LRRTM1	chr2	80288351	80304752	7.575779268146809e-05
LRTM1	chr3	54918231	54967088	-0.034581866126714336
LSG1	chr3	194640791	194672463	0.000763830438812138
LSM12	chr17	44034328	44067619	0.04205552195059332
LTA	chr6	31572054	31574324	3.978565542470945e-06
LTA4H	chr12	96000753	96043520	2.240002122937098e-05
LTB4R	chr14	24311450	24318036	-0.00380276823861075
LTB4R2	chr14	24305734	24312053	-0.00380276823861075
LTBP1	chr2	32946953	33399509	0.000544388298365933
LTBP2	chr14	74498183	74612378	-0.08500630126655599
LTBR	chr12	6375045	6391571	-0.05197670831832469
LTK	chr15	41503637	41513887	0.0026748072224950254
LUC7L	chr16	188969	229463	0.013170713413434622
LURAP1	chr1	46203334	46221256	0.049390758487010064
LY75	chr2	159803355	159904756	1.0182691168045107e-06
LY9	chr1	160796074	160828261	-0.017348570493744556
LY96	chr8	73991392	74029079	5.047327505746193e-06
LYAR	chr4	4267701	4290154	-0.13004131408159444
LYN	chr8	55879835	56014169	5.9424233657386705e-05
LZIC	chr1	9922113	9943407	0.0021068366157584563
LZTS1	chr8	20246165	20303963	-0.0002917252353298664
MAB21L1	chr13	35473789	35476689	-0.028512742914652448
MAB21L2	chr4	150582151	150584693	-0.002289617241669375
MACC1	chr7	20134655	20217404	-0.0002791836801827818
MAD1L1	chr7	1815793	2233243	-4.729841684267593e-05
MAD2L1	chr4	120055623	120066858	-0.02999896749594418
MAEA	chr4	1289887	1340147	-0.13543776502304397
MAF	chr16	79585843	79600737	0.028847593346476106
MAFB	chr20	40685848	40689236	-0.0001926930305975184
MAFF	chr22	38200767	38216507	-0.0017559965505127546
MAGEA1	chrX	153179284	153183880	
MAGEA10	chrX	152133310	152138578	
MAGEA11	chrX	149688228	149717268	
MAGEA12	chrX	152733757	152737669	
MAGEA3	chrX	152698767	152702347	
MAGEA4	chrX	151912509	151925170	
MAGEB2	chrX	30215563	30220089	
MAGEC1	chrX	141903894	141909374	
MAGEC2	chrX	142202342	142205290	
MAGI1	chr3	65353525	66038834	-0.025358627940254137
MAGI3	chr1	113390515	113685923	0.00032075283169663744
MAK	chr6	10762723	10838555	-0.00014473675024242463
MAL	chr2	95025677	95053992	-5.285337936843565e-05
MAL2	chr8	119165034	119245673	0.008026174640372587
MALL	chr2	110083870	110116022	-0.00020503510995936638
MALT1	chr18	58671465	58754477	-0.03381473962030213
MAML2	chr11	95976598	96343195	-0.001708139029617144
MAN1A1	chr6	119177205	119349761	0.026991936291005957
MAN1B1	chr9	137086985	137109183	
MAN2B1	chr19	12646511	12666742	0.022033621157534114
MANEA	chr6	95577535	95609452	0.013013075087082358
MAOA	chrX	43654907	43746824	
MAOB	chrX	43766610	43882450	
MAP1A	chr15	43510958	43531620	0.002494240172503986
MAP1B	chr5	72107234	72209565	0.0003661442890861914
MAP1LC3A	chr20	34546854	34560345	-0.0002779070822181201
MAP1LC3B	chr16	87383953	87404779	0.019725674801881296
MAP1S	chr19	17719242	17734513	0.001261485372987262
MAP2	chr2	209424058	209734118	0.03647947861261257
MAP2K1	chr15	66386817	66492312	0.0005011003574818951
MAP2K4	chr17	12020829	12143830	-0.0016948967086537437
MAP2K5	chr15	67542703	67807117	0.0005011003574818951
MAP3K1	chr5	56815549	56896152	0.0009127546266015542
MAP3K14	chr17	45263119	45317029	0.02591790497108404
MAP3K15	chrX	19360056	19515261	
MAP3K20	chr2	173075435	173268015	2.7187785413258078e-05
MAP3K5	chr6	136557046	136792477	0.0291946762571223
MAP3K7	chr6	90513573	90587072	0.013013075087082358
MAP3K7CL	chr21	29077471	29175889	-0.0004919134136229591
MAP4	chr3	47850690	48089272	-0.038138960032055386
MAP4K2	chr11	64784918	64803241	0.003685000769892627
MAP4K3	chr2	39249266	39437301	0.00031110884704675125
MAP4K4	chr2	101696850	101894689	-0.00011537053516973061
MAP4K5	chr14	50418501	50561126	-0.00889636089853597
MAP7	chr6	136342281	136550819	0.0291946762571223
MAP7D1	chr1	36155579	36180849	0.020848399463453394
MAPK1	chr22	21754500	21867680	0.005238773645112168
MAPK10	chr4	85990007	86594625	-0.09024349304344671
MAPK11	chr22	50263713	50270767	-0.0004463302749011595
MAPK12	chr22	50245450	50261716	-0.0004463302749011595
MAPK14	chr6	36027677	36111236	0.00018092631164101414
MAPK15	chr8	143716340	143722458	0.0024332502558325063
MAPK3	chr16	30114105	30123506	0.0007675638341198598
MAPK7	chr17	19377721	19383544	-8.797099307625445e-05
MAPK8	chr10	48306639	48439360	-0.00035699643743521413
MAPK8IP1	chr11	45885651	45906465	0.000497399835179321
MAPK8IP2	chr22	50600793	50613981	-0.0004463302749011595
MAPK8IP3	chr16	1706183	1770317	0.0076711826891900075
MAPK9	chr5	180233143	180292099	-0.00156094931121706
MAPKAPK2	chr1	206684944	206734283	0.0009062435663323369
MAPRE2	chr18	34976928	35143470	-0.03381473962030213
MAPT	chr17	45894382	46028334	0.02591790497108404
MARCO	chr2	118942166	118994660	-0.0001850725697362206
MARK2	chr11	63838928	63911019	0.0017269024335820778
MAS1	chr6	159890988	159917447	0.002697462043891199
MASP1	chr3	187217285	187292022	0.0008641157790360995
MASP2	chr1	11026523	11047239	0.0011102918490641844
MAT1A	chr10	80271820	80289658	7.908439244892513e-05
MAVS	chr20	3846799	3876123	-0.0013010007569408417
MAX	chr14	65006174	65102695	-0.05764698793466415
MBL2	chr10	52765380	52771700	-0.00010822042522412568
MBNL1	chr3	152243828	152465780	0.00020313163958505227
MC1R	chr16	89912119	89920977	0.003182299448751606
MC3R	chr20	56248732	56249815	-0.00024289513238184648
MC4R	chr18	60371062	60372775	-0.03381473962030213
MCAM	chr11	119308529	119321521	-0.006122775933771628
MCCC1	chr3	183015218	183116075	0.0006244303440802904
MCHR1	chr22	40678750	40682814	-0.0033673850824723446
MCHR2	chr6	99918519	99994247	0.019877851625399096
MCM2	chr3	127598410	127622436	-4.6802366466423495e-05
MCM3	chr6	52264014	52284881	0.007837123110607812
MCM3AP	chr21	46235133	46286297	-0.0004919134136229591
MCM4	chr8	47960185	47978160	0.00017883905557302356
MCM5	chr22	35400134	35425431	-0.0001650329339043002
MCM6	chr2	135839626	135876443	-3.542801878991141e-05
MCM7	chr7	100092728	100101940	0.0033934197286916647
MCM9	chr6	118813442	118935162	0.026991936291005957
MCPH1	chr8	6406596	6648508	-0.00038707180952460594
MCTP2	chr15	94231538	94483952	-0.0022121996890148905
MCTS1	chrX	120594010	120621159	
MDC1	chr6	30699807	30717447	3.6332272243724896e-05
MDFIC	chr7	114922154	115019202	0.00010812442394252517
MDM1	chr12	68272443	68332381	0.00011380248588039864
MDM2	chr12	68808177	68850686	3.762811691452807e-05
MDM4	chr1	204516379	204558120	0.00021408951442403176
ME1	chr6	83210402	83431051	0.011931072450950287
MECOM	chr3	169083499	169663775	0.00022161827416828826
MED1	chr17	39404285	39451272	0.17930124314049634
MED12	chrX	71118556	71142454	
MED12L	chr3	151085697	151437072	0.00010377308115007898
MEF2A	chr15	99565417	99716466	
MEF2C	chr5	88717117	88904257	0.0007951827129060911
MEG3	chr14	100779410	100861031	-0.06720953592301034
MEGF10	chr5	127290796	127465737	0.0019488247956638896
MEGF8	chr19	42325609	42378769	6.766533940056776e-05
MEIOB	chr16	1833987	1884294	0.0076711826891900075
MEIS1	chr2	66433452	66573869	9.615995443661535e-05
MEIS2	chr15	36889204	37101299	0.004043780019024639
MEIS3	chr19	47403124	47419527	0.0005427902172196493
MELK	chr9	36572862	36677683	-0.04108948254634385
MELTF	chr3	196988621	197029817	0.000273025900581927
MEN1	chr11	64803510	64811294	0.007507225461540621
MEPCE	chr7	100428790	100434118	0.0006075267652087388
MERTK	chr2	111898607	112029561	-0.00020503510995936638
MEST	chr7	130486171	130506465	3.6567375335077536e-05
MET	chr7	116672196	116798386	0.00010812442394252517
METRNL	chr17	83079609	83095122	
METTL16	chr17	2405562	2511891	-0.09339503926227377
METTL18	chr1	169792529	169794963	-0.00844705524627609
METTL2A	chr17	62423867	62450822	0.0026461510323501957
METTL3	chr14	21498133	21511342	-0.007222248875806015
MFAP5	chr12	8637346	8662888	-0.06245676698558549
MFF	chr2	227325151	227357836	0.053689149996191114
MFGE8	chr15	88898683	88913381	-0.000611215282787413
MFN2	chr1	11980181	12013514	0.000641076214575656
MFRP	chr11	119338942	119346705	-0.006122775933771628
MFSD5	chr12	53251251	53254405	2.276256388756982e-05
MGAM	chr7	141907813	142106747	2.7583275680340674e-05
MGMT	chr10	129467190	129770983	-0.08460334718759766
MIAT	chr22	26646411	26676475	0.00019704791692216856
MICA	chr6	31399784	31415315	3.6332272243724896e-05
MICAL2	chr11	12094008	12359144	0.0003643558844173163
MICB	chr6	31494881	31511124	3.6332272243724896e-05
MID2	chrX	107825755	107927193	
MIEN1	chr17	39728496	39730532	0.17930124314049634
MIIP	chr1	12019466	12032045	0.000641076214575656
MINDY1	chr1	150996086	151008375	0.004051103958096159
MINDY2	chr15	58771192	58861900	0.003778471682409656
MINPP1	chr10	87504875	87553461	-1.3390626304210829e-05
MIPOL1	chr14	37197913	37552361	-0.005458685290380866
MITD1	chr2	99161427	99181058	-5.285337936843565e-05
MITF	chr3	69739435	69968337	-0.025358627940254137
MKI67	chr10	128096659	128126423	-0.08460334718759766
MKNK1	chr1	46557408	46616843	0.03124479520221401
MKRN2	chr3	12557087	12583713	-0.12985314947077853
MKRN3	chr15	23565674	23630075	0.004588924611061515
MKX	chr10	27672874	27746060	-0.004173867097552244
MLANA	chr9	5890889	5910606	-0.11639345456569233
MLF1	chr3	158571163	158607252	0.00022161827416828826
MLH1	chr3	36993350	37050846	-0.09406176749711218
MLPH	chr2	237485428	237555322	0.00869518892229871
MLXIP	chr12	122078756	122147344	0.0012394304547421924
MLXIPL	chr7	73593194	73624543	0.0013359829688630546
MMACHC	chr1	45500300	45513382	0.049390758487010064
MMADHC	chr2	149569637	149587778	1.0182691168045107e-06
MME	chr3	155024124	155183729	0.00020313163958505227
MMEL1	chr1	2590639	2633016	0.005415208816122133
MMP11	chr22	23768226	23784316	0.0016049039426985318
MMP12	chr11	102862736	102874982	-0.007125414384012746
MMP13	chr11	102942995	102955732	-0.007125414384012746
MMP14	chr14	22836560	22849027	-0.007222248875806015
MMP16	chr8	88032011	88328025	0.000318216303090948
MMP21	chr10	125753580	125775821	-0.08460334718759766
MMP8	chr11	102711796	102727050	-0.007125414384012746
MMP9	chr20	46008908	46016561	-0.0002644559529816326
MMRN1	chr4	89879532	89954629	-0.08924705924435848
MMRN2	chr10	86935540	86969481	-1.3390626304210829e-05
MNS1	chr15	56421544	56465137	0.003778471682409656
MNX1	chr7	156994051	157010663	
MOB2	chr11	1469457	1501247	0.0028128049948089157
MOB4	chr2	197515571	197553699	0.003669322906443456
MOG	chr6	29657002	29672372	3.6332272243724896e-05
MON2	chr12	62466817	62600476	0.0001584562263202007
MOV10	chr1	112673141	112700746	0.00032075283169663744
MPDU1	chr17	7583529	7592789	-0.050358427928358436
MPDZ	chr9	13105704	13279590	-0.11639345456569233
MPHOSPH9	chr12	123152320	123244014	0.0012394304547421924
MPI	chr15	74890005	74902219	7.468911372748236e-05
MPL	chr1	43337818	43354466	0.05196342837794612
MPLKIP	chr7	40126027	40134622	6.874616514815643e-05
MPO	chr17	58269855	58280935	0.01803529299547653
MPP7	chr10	28050993	28334486	-0.004173867097552244
MPPED1	chr22	43411196	43507848	-0.0018171933487532788
MPPED2	chr11	30384493	30586872	0.0004973024510201649
MPZ	chr1	161304735	161309972	-0.026093719491998346
MPZL1	chr1	167721192	167791919	-0.017182168887364152
MR1	chr1	181033425	181061938	-0.0023899609050197826
MRAP	chr21	32291813	32314784	-0.0004919134136229591
MRAP2	chr6	84033772	84090881	0.011931072450950287
MRC1	chr10	17809348	17911164	-0.012873963989598081
MRC2	chr17	62627670	62693597	0.0006450976308161934
MRE11	chr11	94415578	94493908	-0.001708139029617144
MRFAP1L1	chr4	6707701	6709865	-0.13004131408159444
MRGPRX2	chr11	19054455	19060717	0.00042123636307598975
MRM3	chr17	782353	792509	-0.09771096176374078
MRPL45	chr17	38297023	38323217	0.15987255528592378
MRTFA	chr22	40410281	40636719	-0.0033673850824723446
MRTFB	chr16	14071321	14266773	0.0013526902526049963
MS4A1	chr11	60455752	60470760	0.000636943795567946
MS4A2	chr11	60088261	60098467	0.000636943795567946
MSC	chr8	71841549	71844468	-2.9077859236749906e-05
MSH2	chr2	47403067	47663146	0.00017966151107430106
MSH3	chr5	80654652	80876815	0.0003868854199734932
MSH6	chr2	47695530	47810101	0.00017966151107430106
MSI1	chr12	120341330	120369164	0.0006123650542522869
MSI2	chr17	57255851	57684689	0.01803529299547653
MSLN	chr16	760734	768865	0.013170713413434622
MSN	chrX	65588377	65741931	
MSR1	chr8	16107878	16567490	-0.0002917252353298664
MST1	chr3	49683947	49689501	-0.03629245268400803
MST1R	chr3	49887002	49903873	-0.03629245268400803
MSTN	chr2	190055700	190062729	0.0003384719219201136
MT1A	chr16	56638666	56640087	0.0026440657695812153
MTA1	chr14	105419820	105470729	-0.05453383912870634
MTA2	chr11	62593214	62601865	0.0010815157196392648
MTAP	chr9	21802636	21937651	-0.10830515652353238
MTCH2	chr11	47617315	47642607	0.0005550965363730477
MTCL1	chr18	8705661	8832778	-0.029405424639585172
MTERF2	chr12	106977277	106987160	2.4294260196879936e-05
MTFR1L	chr1	25818640	25832942	0.0003731099274232452
MTHFD1	chr14	64388031	64463457	-0.03559514530806321
MTHFR	chr1	11785723	11806455	0.0011102918490641844
MTNR1A	chr4	186533655	186555567	
MTNR1B	chr11	92969720	92985066	-0.001708139029617144
MTOR	chr1	11106535	11262551	0.0011102918490641844
MTPAP	chr10	30309801	30374448	-0.001017365306644463
MTR	chr1	236795292	236921278	0.1126137462508947
MTRES1	chr6	107028199	107051586	0.026950898656687563
MTREX	chr5	55307989	55425579	0.0009127546266015542
MTRF1	chr13	41216369	41263577	-0.02203826786417181
MUC1	chr1	155185824	155192916	0.0009447256351256569
MUC16	chr19	8848844	8981342	0.010294009387855
MUC19	chr12	40393395	40570832	-0.0034828923766608943
MUC4	chr3	195746765	195811973	0.000273025900581927
MUC5AC	chr11	1157953	1201138	0.0028128049948089157
MUC5B	chr11	1223066	1262172	0.0028128049948089157
MUTYH	chr1	45329163	45340893	0.049390758487010064
MVD	chr16	88651935	88663161	0.003182299448751606
MVP	chr16	29820394	29848039	0.0007237163116299317
MX1	chr21	41420304	41459214	-0.0004919134136229591
MXD1	chr2	69897688	69942945	9.615995443661535e-05
MXRA7	chr17	76672551	76711016	0.003162425782313197
MYB	chr6	135181308	135219173	0.0291946762571223
MYBBP1A	chr17	4538897	4555631	-0.09339503926227377
MYBL2	chr20	43667019	43716495	-0.0001926930305975184
MYC	chr8	127735434	127742951	0.010706999873066765
MYCBP	chr1	38862493	38873368	0.04020297401217017
MYCL	chr1	39895426	39902256	0.04020297401217017
MYCN	chr2	15940550	15947007	0.000914035748314104
MYD88	chr3	38138478	38143022	-0.07944780010754804
MYEF2	chr15	48134632	48178353	0.003103282238128842
MYH1	chr17	10492307	10518542	-0.0016948967086537437
MYH10	chr17	8474205	8630761	-0.011612086230343648
MYH11	chr16	15703135	15857028	0.0013526902526049963
MYH13	chr17	10300865	10373130	-0.011612086230343648
MYH2	chr17	10521148	10549700	-0.0016948967086537437
MYH4	chr17	10443290	10469559	-0.011612086230343648
MYH9	chr22	36281277	36388067	-0.00046724729277857445
MYLIP	chr6	16129086	16148248	0.00013478833979989235
MYLK	chr3	123610049	123884331	-7.295421950521448e-05
MYLK2	chr20	31819308	31834689	-0.0003080128710065813
MYLK3	chr16	46702282	46790407	0.0011365189923910432
MYNN	chr3	169772831	169789716	0.00022161827416828826
MYO15A	chr17	18108706	18179802	-0.00029845357458371027
MYO18B	chr22	25742144	26031041	0.0016049039426985318
MYO1B	chr2	191245185	191425389	0.000960426168522652
MYO1C	chr17	1464186	1492686	-0.09771096176374078
MYO1D	chr17	32492522	32877177	0.010672313811506386
MYO1E	chr15	59132434	59372871	0.0015568326008209817
MYO1F	chr19	8520778	8577577	0.010294009387855
MYO5A	chr15	52307283	52529050	0.003396337514813386
MYO5B	chr18	49822789	50195147	-0.03381473962030213
MYO6	chr6	75749192	75919537	0.009991160828451709
MYO9B	chr19	17075781	17214537	0.001261485372987262
MYOD1	chr11	17719571	17722136	0.00039305162882094546
MYOF	chr10	93306429	93482334	-8.53649829551621e-05
MYOT	chr5	137867858	137887851	0.0013490207609171442
MZB1	chr5	139387467	139390081	0.00034501102998870276
MZF1	chr19	58561931	58573575	
N4BP2	chr4	40056850	40158252	-0.11258455425653785
NAA15	chr4	139301505	139420033	-0.00494972532125631
NAA16	chr13	41311267	41377030	-0.014834279020482018
NAA40	chr11	63938959	63957319	0.0017269024335820778
NAAA	chr4	75913660	75941013	-0.08953452306266499
NACC2	chr9	136006537	136095289	0.14757171828843765
NAIF1	chr9	128061233	128068206	0.05472078756268738
NAIP	chr5	70968483	71025114	0.0003661442890861914
NANOG	chr12	7787794	7799146	-0.06950850039127196
NAP1L3	chrX	93670930	93673578	
NAP1L4	chr11	2944431	2992377	0.0011608171382036139
NAP1L5	chr4	88695913	88697829	-0.09024349304344671
NAT1	chr8	18170477	18223689	-0.0002917252353298664
NAT10	chr11	34105617	34147670	0.0005369828061021761
NAT2	chr8	18391282	18401218	-0.0002917252353298664
NAV1	chr1	201622885	201826969	4.5618617177241594e-05
NAV2	chr11	19350724	20121601	0.00042123636307598975
NBL1	chr1	19596979	19658456	0.0003457959525731649
NBN	chr8	89933336	90003228	0.000569577304024539
NBPF3	chr1	21440128	21485005	0.0003457959525731649
NCAM1	chr11	112961247	113278436	-0.00712746846657141
NCBP1	chr9	97633668	97673748	-0.00010822378975490355
NCBP3	chr17	3802158	3846246	-0.09339503926227377
NCEH1	chr3	172630249	172711218	0.0003967077982037563
NCF1	chr7	74773962	74789376	0.007364943431711107
NCF2	chr1	183555563	183590876	-0.0004366405930479371
NCF4	chr22	36860988	36878017	-0.00046724729277857445
NCK1	chr3	136862208	136951606	-4.961949320535454e-05
NCKAP5	chr2	132671788	133568463	-3.542801878991141e-05
NCLN	chr19	3185563	3209575	0.0003760747592308218
NCOA1	chr2	24491914	24770702	0.000914035748314104
NCOA2	chr8	70109782	70403808	-2.9077859236749906e-05
NCOA3	chr20	47501887	47656877	-0.0002644559529816326
NCOA4	chr10	46005088	46030714	-0.00035699643743521413
NCOR1	chr17	16029157	16218185	-0.0016948967086537437
NCOR2	chr12	124324415	124567589	0.0013663983693762275
NCR1	chr19	54906148	54916140	-0.00653054565063833
NCR2	chr6	41335608	41350889	0.0006825393872440679
NCR3	chr6	31588895	31593006	3.978565542470945e-06
NCS1	chr9	130172404	130237303	0.05472078756268738
NCSTN	chr1	160343316	160358952	-0.017348570493744556
NDNF	chr4	121035613	121073021	-0.02999896749594418
NDP	chrX	43948776	43973395	
NDRG1	chr8	133237171	133302022	0.006421408472578152
NDRG2	chr14	21016763	21070872	-0.007222248875806015
NDRG4	chr16	58462846	58513628	0.005952108749636475
NDST4	chr4	114827763	115113876	-0.05947985058414736
NDUFA3	chr19	54102728	54109257	-4.185476624158715e-06
NDUFAB1	chr16	23581014	23596316	0.0009617560218162
NEBL	chr10	20779973	21174187	-0.004173867097552244
NECAB2	chr16	83968632	84002776	0.028847593346476106
NECTIN1	chr11	119623408	119729200	-0.00449460763659401
NECTIN2	chr19	44846175	44889223	5.298845638138706e-05
NECTIN3	chr3	111070071	111275563	-0.0020924142439839462
NEDD4	chr15	55826922	55993746	0.003778471682409656
NEDD4L	chr18	58044226	58401540	-0.03381473962030213
NEDD9	chr6	11183298	11382348	-0.00014473675024242463
NEFH	chr22	29480218	29491390	0.00019704791692216856
NEFL	chr8	24950955	24957110	6.150810544858858e-05
NEFM	chr8	24913758	24919098	6.150810544858858e-05
NEIL3	chr4	177309874	177362936	-8.575323636440421e-05
NEK1	chr4	169392857	169612629	-0.0004724715012503752
NEK11	chr3	131026850	131350465	-4.961949320535454e-05
NEK2	chr1	211658657	211675630	0.00596049177159256
NEK3	chr13	52132639	52159861	-0.011062722026995882
NEK4	chr3	52708444	52770946	-0.03990214767310227
NEK5	chr13	52033611	52129092	-0.011062722026995882
NEK6	chr9	124257606	124353307	0.012185361668547109
NEK8	chr17	28725897	28743455	0.00038603625037614704
NELL1	chr11	20669551	21575686	0.0004973024510201649
NELL2	chr12	44508275	44921848	-0.0005779008786248526
NEMP1	chr12	57055643	57088063	0.00017640539255839936
NEPRO	chr3	113002444	113019861	-0.0004695229025423783
NES	chr1	156668763	156677407	7.442554915724541e-05
NETO1	chr18	72742314	72868146	-0.04047245549436178
NEURL4	chr17	7315628	7329393	-0.0831837900968406
NEUROD1	chr2	181673088	181680876	0.00010865467318467648
NEUROD2	chr17	39603536	39609777	0.17930124314049634
NEUROG2	chr4	112513516	112516180	-0.05947985058414736
NEXN	chr1	77888513	77943895	0.0006626652622370595
NF1	chr17	31094927	31382116	0.010672313811506386
NF2	chr22	29603556	29698598	0.00019704791692216856
NFAT5	chr16	69565094	69704666	0.01358975238224288
NFATC1	chr18	79395856	79529325	-0.04047245549436178
NFATC2	chr20	51386957	51562831	-0.000336274174793978
NFATC3	chr16	68084751	68229259	0.01358975238224288
NFATC4	chr14	24365673	24379604	-0.00380276823861075
NFE2L1	chr17	48048329	48061545	0.055925875743425474
NFE2L2	chr2	177227595	177392697	0.00010865467318467648
NFE2L3	chr7	26152198	26187137	-0.0001702444357241841
NFKB1	chr4	102501331	102617302	-0.07936724775730437
NFKB2	chr10	102394110	102402524	-0.0006966712971070071
NFX1	chr9	33290512	33371157	-0.08977454922074052
NGB	chr14	77265483	77271312	-0.0869916729804872
NGDN	chr14	23469689	23509862	-0.0044984535589549495
NGF	chr1	115285917	115338249	0.0002546202242965676
NGFR	chr17	49495293	49515008	0.07535126543253585
NHLH2	chr1	115836377	115843917	0.0002546202242965676
NIBAN1	chr1	184790724	184974508	-0.0004366405930479371
NIFK	chr2	121726945	121736911	-0.00015634009817526003
NIN	chr14	50719763	50831121	-0.00889636089853597
NINJ1	chr9	93121496	93134251	-0.002214471468870328
NIPSNAP1	chr22	29554808	29581327	0.00019704791692216856
NIPSNAP3A	chr9	104747683	104760120	0.0002732261691292298
NKAPD1	chr11	112074086	112085150	-0.00712746846657141
NKAPL	chr6	28259297	28260958	0.00010059273239843745
NKRF	chrX	119588337	119606443	
NKX2-1	chr14	36516392	36521149	-0.005458685290380866
NKX2-3	chr10	99532942	99536524	-0.00031275390490111805
NKX2-4	chr20	21395365	21397526	-0.0004207955747306463
NKX2-8	chr14	36580004	36582614	-0.005458685290380866
NKX3-1	chr8	23678697	23682938	6.150810544858858e-05
NLE1	chr17	35128730	35142304	0.0967543444528365
NLGN3	chrX	71144831	71171201	
NLRC5	chr16	56989485	57083531	0.0026440657695812153
NLRP1	chr17	5499427	5619424	-0.09502533670864402
NLRP11	chr19	55785397	55836800	-0.02127600088982327
NLRP2	chr19	54953130	55001142	-0.00653054565063833
NLRP3	chr1	247416156	247449108	0.13960872772036745
NLRP5	chr19	55999726	56061810	-0.02127600088982327
NLRP6	chr11	278365	285359	0.004814412165801134
NLRP7	chr19	54923509	54966312	-0.00653054565063833
NLRP9	chr19	55708438	55738402	-0.02127600088982327
NMB	chr15	84655129	84658563	-0.000611215282787413
NME1	chr17	51153536	51162428	0.06138244893997961
NMNAT1	chr1	9943428	9985501	0.0021068366157584563
NMU	chr4	55595229	55636698	-0.10385182409368528
NNAT	chr20	37521206	37523690	-0.00019598363105757823
NOA1	chr4	56963350	56977606	-0.09515876225538379
NOC3L	chr10	94333226	94362959	-8.53649829551621e-05
NOD1	chr7	30424527	30478784	-7.848620646750028e-05
NOD2	chr16	50693588	50734041	0.0015930165906617704
NODAL	chr10	70431936	70447951	0.00031105841972587744
NOL4	chr18	33851100	34224952	-0.03381473962030213
NOL4L	chr20	32443059	32585074	-0.0003080128710065813
NOLC1	chr10	102152176	102163871	-0.0006966712971070071
NOM1	chr7	156949712	156973176	
NOMO3	chr16	16232528	16294811	0.0013526902526049963
NONO	chrX	71283192	71301168	
NOP2	chr12	6556863	6568691	-0.067834381043737
NOP58	chr2	202265736	202303661	0.016602107157850505
NORAD	chr20	36045618	36051018	-0.00019598363105757823
NOS1	chr12	117208142	117452170	0.00017329537330035345
NOS1AP	chr1	162069691	162370475	-0.023969194630851873
NOS2	chr17	27756766	27800529	-8.797099307625445e-05
NOS3	chr7	150991017	151014588	-3.2155516831104314e-05
NOSTRIN	chr2	168786539	168865514	3.715584279173508e-05
NOTCH1	chr9	136494433	136546048	0.14757171828843765
NOTCH2	chr1	119911553	120100779	0.0004990616359780521
NOTCH2NLA	chr1	146146203	146229026	0.0004990616359780521
NOTCH3	chr19	15159038	15200995	0.008840247738418376
NOTCH4	chr6	32194843	32224067	5.351353544756713e-05
NOVA1	chr14	26443090	26598033	-0.004081637882656571
NOX1	chrX	100843324	100874359	
NOX4	chr11	89324353	89498187	-0.001708139029617144
NPAS4	chr11	66421004	66426707	0.011935176169608616
NPAT	chr11	108157215	108222638	-0.01061669625336271
NPC1	chr18	23506184	23586506	-0.03381473962030213
NPC1L1	chr7	44512535	44541315	0.0002773504219891991
NPFFR2	chr4	72031804	72148067	-0.08953452306266499
NPM3	chr10	101781325	101783413	-0.0006966712971070071
NPNT	chr4	105894775	106004027	-0.07936724775730437
NPPA	chr1	11845709	11848345	0.0011102918490641844
NPPB	chr1	11857464	11858945	0.0011102918490641844
NPPC	chr2	231921809	231926396	0.03235524370282734
NPR1	chr1	153678688	153693992	0.0033458577655039426
NPR3	chr5	32689070	32791724	0.002921602584131437
NPSR1	chr7	34658218	34878332	-7.848620646750028e-05
NPTN	chr15	73560014	73634134	0.0003296311294962174
NPTX2	chr7	98617285	98629869	0.0033934197286916647
NPY1R	chr4	163323962	163344832	-0.0010026307342515081
NPY2R	chr4	155208636	155217078	-0.0010026307342515081
NQO1	chr16	69706996	69726668	0.023749211551335886
NQO2	chr6	2987987	3028869	-2.7001233954606018e-05
NR0B1	chrX	30304206	30309390	
NR0B2	chr1	26911489	26913975	0.000777844687109851
NR1H2	chr19	50329653	50383388	0.00023390334743419146
NR1H3	chr11	47248300	47269033	0.0005550965363730477
NR1H4	chr12	100473708	100564414	2.6482969706054517e-05
NR1I2	chr3	119780484	119818485	-0.0004695229025423783
NR1I3	chr1	161229666	161238302	-0.026093719491998346
NR2C2	chr3	14947584	15053600	-0.12985314947077853
NR2E3	chr15	71792638	71818259	0.0005011003574818951
NR2F1	chr5	93583222	93594611	0.0007951827129060911
NR3C1	chr5	143277931	143435512	-7.430581050845983e-05
NR3C2	chr4	148078762	148444698	-0.002289617241669375
NR4A1	chr12	52022832	52059507	-7.851452747788239e-05
NR4A3	chr9	99821855	99866891	0.0002732261691292298
NR5A1	chr9	124481236	124507420	0.027767993957379063
NR5A2	chr1	200027614	200177420	4.5618617177241594e-05
NR6A1	chr9	124517275	124771311	0.027767993957379063
NRAS	chr1	114704469	114716771	0.00032075283169663744
NRDE2	chr14	90267860	90331969	-0.0869916729804872
NREP	chr5	111662621	111997464	0.0011284047209025895
NRF1	chr7	129611720	129757082	3.6567375335077536e-05
NRIP1	chr21	14961235	15065936	-0.0004919134136229591
NRK	chrX	105822539	105958610	
NRN1	chr6	5997999	6007605	-2.7001233954606018e-05
NRP1	chr10	33177492	33336262	-0.001017365306644463
NRP2	chr2	205681990	205798133	0.03326563509131389
NRROS	chr3	196639694	196662004	0.000273025900581927
NRSN1	chr6	24126186	24154900	0.00019662951581001786
NRSN2	chr20	346782	359660	-0.0014900675207223041
NRXN2	chr11	64606174	64723197	0.003685000769892627
NSD2	chr4	1871393	1982207	-0.13543776502304397
NSUN2	chr5	6599239	6633291	0.005386741082788252
NSUN5	chr7	73302516	73308826	0.0013359829688630546
NT5C2	chr10	103088017	103193306	-0.0009113920687774904
NT5DC2	chr3	52524385	52535054	-0.03990214767310227
NT5DC3	chr12	103770453	103841234	2.4294260196879936e-05
NT5E	chr6	85449584	85495791	0.011931072450950287
NTF3	chr12	5432108	5521536	-0.05197670831832469
NTMT1	chr9	129608884	129636131	0.05472078756268738
NTN1	chr17	9021510	9244000	-0.011612086230343648
NTN4	chr12	95657807	95791152	2.240002122937098e-05
NTNG2	chr9	132161676	132244526	0.08989715278363561
NTPCR	chr1	232950605	232983882	0.1126137462508947
NTRK1	chr1	156815640	156881850	7.442554915724541e-05
NTRK2	chr9	84668551	85027070	-0.012662156586271723
NTS	chr12	85874295	85882992	2.240002122937098e-05
NTSR1	chr20	62708836	62762771	-0.00017165610921548544
NTSR2	chr2	11658178	11670195	0.000914035748314104
NUAK2	chr1	205302063	205321760	0.00021408951442403176
NUCB2	chr11	17208153	17349980	0.00039305162882094546
NUDCD1	chr8	109240919	109334118	0.003194944585899933
NUDCD2	chr5	163446526	163460102	-0.00665117178142286
NUDT1	chr7	2242222	2251146	-4.729841684267593e-05
NUDT16L1	chr16	4693694	4695859	0.004755963562036013
NUDT21	chr16	56429133	56452199	0.0026440657695812153
NUFIP2	chr17	29255839	29294148	0.00038603625037614704
NUMA1	chr11	72002864	72080693	0.0005359031344942022
NUMB	chr14	73275107	73458617	-0.07266452118779655
NUP107	chr12	68686951	68745809	0.00011380248588039864
NUP153	chr6	17615035	17706834	0.00013478833979989235
NUP214	chr9	131125586	131234663	0.08989715278363561
NUP62	chr19	49906825	49929763	0.00023390334743419146
NUP93	chr16	56730118	56850286	0.0026440657695812153
NUP98	chr11	3671083	3797792	0.0011608171382036139
NUSAP1	chr15	41320794	41381050	0.0026748072224950254
NUTF2	chr16	67846923	67872567	0.009100296179279464
NVL	chr1	224227334	224330189	0.03443925606753613
NXF1	chr11	62792123	62806302	0.0010815157196392648
NXF3	chrX	103075810	103093143	
NXN	chr17	799310	979776	-0.09771096176374078
NXPH2	chr2	138669157	138780390	-3.542801878991141e-05
NXPH4	chr12	57216794	57226449	0.00017640539255839936
NXT2	chrX	109535781	109544690	
NYX	chrX	41447434	41475710	
OAS1	chr12	112906783	112933222	0.00017329537330035345
OAS3	chr12	112938444	112973251	0.00017329537330035345
OBP2A	chr9	135546139	135549969	0.1262471458481143
OCLN	chr5	69492292	69558104	0.0003661442890861914
OCM2	chr7	97984684	97991169	0.0033934197286916647
OCRL	chrX	129539849	129592561	
ODF2L	chr1	86346824	86396342	0.00042704823914014586
ODR4	chr1	186375838	186421378	-6.551313756498472e-05
OGDH	chr7	44606572	44709066	0.0002773504219891991
OGFR	chr20	62804835	62814000	-0.00017165610921548544
OGG1	chr3	9749944	9788219	-0.15802454912626523
OGT	chrX	71533104	71575892	
OIT3	chr10	72893584	72933036	0.00019179728085799943
OLA1	chr2	174072447	174248599	2.7187785413258078e-05
OLFM1	chr9	135075422	135121179	0.1262471458481143
OLFM2	chr19	9853718	9936552	0.010294009387855
OLFML3	chr1	113979391	114035572	0.00032075283169663744
OLIG1	chr21	33070141	33072413	-0.0004919134136229591
OLIG2	chr21	33025935	33029196	-0.0004919134136229591
OLR1	chr12	10158301	10172138	-0.05243142402801554
ONECUT3	chr19	1753506	1780988	0.0006555979932898493
OPALIN	chr10	96343221	96359365	-0.00013691491743080773
OPN1LW	chrX	154144243	154159032	
OPRD1	chr1	28812142	28871267	0.0014289949103799284
OPRK1	chr8	53225716	53251697	5.9424233657386705e-05
OPRL1	chr20	64080082	64100643	
OPRM1	chr6	154010496	154246867	0.00887087449816526
OPRPN	chr4	70397931	70410195	-0.09515876225538379
OPTN	chr10	13099449	13138308	-0.012873963989598081
ORAI2	chr7	102433106	102456825	0.00022043217152534913
ORAI3	chr16	30949068	30956461	0.0007675638341198598
ORC6	chr16	46689643	46698394	0.0011365189923910432
OSBP2	chr22	30693782	30907824	-0.00016659799599544025
OSCP1	chr1	36415827	36450451	0.020848399463453394
OSGIN1	chr16	83931311	83966332	0.028847593346476106
OSGIN2	chr8	89901849	89927888	0.000569577304024539
OSM	chr22	30262829	30266851	-0.00016659799599544025
OSR2	chr8	98944403	98952104	0.0010538214892235856
OTOF	chr2	26457203	26558698	0.0007906445295729718
OTUB1	chr11	63985853	64001811	0.0017269024335820778
OTX2	chr14	56799905	56816693	-0.017738258942879087
OVOL2	chr20	17956979	18059188	-0.0004207955747306463
OXER1	chr2	42762481	42764261	0.00031110884704675125
OXSM	chr3	25782917	25794534	-0.11101832035667686
OXSR1	chr3	38165089	38255484	-0.07944780010754804
OXTR	chr3	8750408	8769628	-0.15802454912626523
P2RX1	chr17	3896592	3916476	-0.09339503926227377
P2RX3	chr11	57338352	57372396	0.000636943795567946
P2RX4	chr12	121209857	121234106	0.0006123650542522869
P2RX7	chr12	121132819	121188032	0.0006123650542522869
P2RY1	chr3	152835131	152841439	0.00020313163958505227
P2RY12	chr3	151337380	151384812	0.00020313163958505227
P2RY13	chr3	151326312	151329549	0.00020313163958505227
P2RY14	chr3	151212117	151278542	0.00010377308115007898
P2RY2	chr11	73218298	73236352	0.0005359031344942022
P2RY6	chr11	73264505	73298617	0.0005359031344942022
P4HA1	chr10	73007217	73096974	0.00019179728085799943
P4HA3	chr11	74235801	74311640	9.71009611571417e-05
P4HB	chr17	81843161	81860624	0.009892477408176966
P4HTM	chr3	48989889	49007153	-0.03629245268400803
PABPC1L	chr20	44910062	44959035	-0.0001576837495814946
PABPC4	chr1	39560816	39576790	0.04020297401217017
PACC1	chr1	212363931	212414901	0.012707105603331733
PADI2	chr1	17066761	17119451	0.0005035449590357965
PADI4	chr1	17308195	17364004	0.0005035449590357965
PAEP	chr9	135561756	135566955	0.14757171828843765
PAGE4	chrX	49829260	49834264	
PAH	chr12	102836889	102958410	2.4294260196879936e-05
PAIP2	chr5	139341587	139369720	0.00034501102998870276
PAK1	chr11	77321707	77474635	-0.00024814774910539056
PAK1IP1	chr6	10694972	10709782	-0.00014473675024242463
PAK2	chr3	196739857	196832647	0.000273025900581927
PAK4	chr19	39125770	39182816	2.5862359169178974e-05
PALB2	chr16	23603160	23641310	0.0009617560218162
PALLD	chr4	168497052	168928457	-0.0004724715012503752
PALMD	chr1	99646113	99694541	0.0005739060561435618
PAM	chr5	102753981	103031105	0.0007951827129060911
PANK2	chr20	3888839	3929882	-0.0013010007569408417
PANX1	chr11	94128841	94181968	-0.001708139029617144
PANX2	chr22	50170731	50180295	-0.0004463302749011595
PANX3	chr11	124611428	124620356	-0.00449460763659401
PAPPA	chr9	116153791	116402321	0.012185361668547109
PAPPA2	chr1	176463171	176845601	-0.0023899609050197826
PAPSS1	chr4	107590276	107720234	-0.07936724775730437
PARD3	chr10	34109560	34815325	-0.001017365306644463
PARK7	chr1	7954291	7985505	0.0021068366157584563
PARM1	chr4	74933095	75050115	-0.08953452306266499
PARP1	chr1	226360691	226408093	0.07395991750218409
PARP11	chr12	3791047	3873448	-0.05197670831832469
PARP15	chr3	122577628	122639047	-7.295421950521448e-05
PARP3	chr3	51942345	51948867	-0.0392042182116494
PART1	chr5	60487713	60548813	0.0009127546266015542
PASD1	chrX	151563675	151676739	
PAWR	chr12	79574979	79690964	3.762811691452807e-05
PAX1	chr20	21705659	21718486	-0.0004207955747306463
PAX2	chr10	100735603	100829941	-0.00031275390490111805
PAX3	chr2	222199888	222298996	0.05646305699567348
PAX5	chr9	36833269	37034268	-0.04108948254634385
PAX6	chr11	31784779	31817961	0.0004973024510201649
PAX7	chr1	18630846	18748866	0.0005035449590357965
PAX8	chr2	113215997	113278921	-0.0001850725697362206
PBDC1	chrX	76173040	76178314	
PBK	chr8	27809624	27838082	0.0001365661769422252
PBLD	chr10	68282660	68333049	6.351525282950847e-05
PBX1	chr1	164555584	164899296	-0.023969194630851873
PBX3	chr9	125747345	125967377	0.027767993957379063
PBXIP1	chr1	154944076	154956123	0.0009447256351256569
PC	chr11	66848417	66958386	0.009529436209786047
PCA3	chr9	76691980	76863307	-0.012662156586271723
PCAT1	chr8	126556323	127419050	0.010706999873066765
PCBD1	chr10	70882280	70888565	0.00031105841972587744
PCBD2	chr5	134905120	135007959	0.0013490207609171442
PCBP3	chr21	45643694	45942454	-0.0004919134136229591
PCCB	chr3	136250340	136337896	-4.961949320535454e-05
PCDH10	chr4	133149294	133208606	-0.009430828969627918
PCDH11X	chrX	91779261	92623230	
PCDH11Y	chrY	5000226	5742224	
PCDH17	chr13	57631744	57729311	-0.011062722026995882
PCDH18	chr4	137518918	137532494	-0.009430828969627918
PCDH20	chr13	61409685	61415522	-0.009424855004045435
PCDH8	chr13	52842889	52848641	-0.011062722026995882
PCDHA1	chr5	140786136	141012347	3.4528084362653004e-05
PCDHA2	chr5	140794852	141012347	3.4528084362653004e-05
PCDHA4	chr5	140806929	141012347	3.4528084362653004e-05
PCDHA9	chr5	140847463	141012344	3.4528084362653004e-05
PCDHB14	chr5	141222932	141227759	3.4528084362653004e-05
PCGEM1	chr2	192749845	192776899	0.000960426168522652
PCID2	chr13	113177536	113208715	-0.0045872845668024
PCK1	chr20	57561080	57568121	-0.00017165610921548544
PCNA	chr20	5114953	5126626	-0.0005827689728791822
PCNX3	chr11	65615773	65637439	0.007507225461540621
PCSK1	chr5	96390333	96434143	0.0007951827129060911
PCSK9	chr1	55039447	55064852	0.011277118241627561
PDCD1	chr2	241849884	241858894	
PDCD10	chr3	167683298	167734939	0.00022161827416828826
PDCD1LG2	chr9	5510531	5571282	-0.11639345456569233
PDCD2L	chr19	34404399	34426168	6.731691575353827e-05
PDCD4	chr10	110871795	110900006	-0.0034312916843590516
PDCD6	chr5	271621	314974	0.008541772995529861
PDCD6IP	chr3	33798571	33869707	-0.09406176749711218
PDE10A	chr6	165327287	165988078	0.002697462043891199
PDE2A	chr11	72576141	72674591	0.0005359031344942022
PDE3A	chr12	20369245	20684381	-0.019128248055308644
PDE4A	chr19	10416773	10469630	0.02192428639306544
PDE4B	chr1	65792514	66374579	0.0021664898695518847
PDE4DIP	chr1	148808181	149048286	0.0015460100015327032
PDE5A	chr4	119494397	119628804	-0.02999896749594418
PDE6H	chr12	14973042	14981865	-0.019128248055308644
PDE7B	chr6	135851701	136195574	0.0291946762571223
PDGFA	chr7	497258	520296	-4.729841684267593e-05
PDGFB	chr22	39223359	39244982	-0.0017559965505127546
PDGFC	chr4	156760454	156971799	-0.0010026307342515081
PDGFD	chr11	103907189	104164379	-0.007125414384012746
PDGFRA	chr4	54229280	54298245	-0.10385182409368528
PDGFRB	chr5	150113839	150155872	-0.0005962277913897806
PDGFRL	chr8	17576433	17644071	-0.0002917252353298664
PDHA1	chrX	19343893	19361718	
PDHB	chr3	58427630	58433857	-0.034581866126714336
PDIA2	chr16	283152	287215	0.013170713413434622
PDIA3	chr15	43746410	43773278	0.003103282238128842
PDIA4	chr7	149003062	149028662	-3.2155516831104314e-05
PDK1	chr2	172555373	172608669	2.7187785413258078e-05
PDLIM2	chr8	22578279	22598025	-6.835300857451329e-05
PDLIM4	chr5	132257696	132273454	0.0028060040347154002
PDPK1	chr16	2537979	2603188	0.004755963562036013
PDPN	chr1	13583465	13617957	0.000641076214575656
PDX1	chr13	27920000	27926313	-0.028512742914652448
PDXDC1	chr16	14974591	15139339	0.0013526902526049963
PDYN	chr20	1978757	1994285	-0.0014900675207223041
PDZD4	chrX	153802166	153830565	
PDZD7	chr10	101007679	101032295	-0.0006966712971070071
PDZK1	chr1	145670852	145708148	0.0004990616359780521
PEA15	chr1	160205337	160215376	-0.017348570493744556
PEBP4	chr8	22713251	23000000	-6.835300857451329e-05
PECAM1	chr17	64319415	64413776	0.0006450976308161934
PEF1	chr1	31629866	31644896	0.002703013181809804
PEG10	chr7	94656325	94669695	0.01237720993829814
PELO	chr5	52787916	52804044	0.0015596860181587495
PELP1	chr17	4669774	4704337	-0.09339503926227377
PENK	chr8	56436674	56446671	5.9424233657386705e-05
PEPD	chr19	33386950	33521791	6.731691575353827e-05
PER1	chr17	8140472	8156506	-0.011612086230343648
PER2	chr2	238244044	238290102	
PER3	chr1	7784320	7845177	0.0037400227849095987
PFKFB3	chr10	6144934	6254644	-0.032771326480445666
PFKP	chr10	3066333	3137718	-0.032771326480445666
PGA3	chr11	61203307	61213098	0.0007399777444848059
PGAM5	chr12	132710819	132722734	
PGAP1	chr2	196833004	196927796	0.000960426168522652
PGAP2	chr11	3797724	3826371	0.0011608171382036139
PGBD1	chr6	28281572	28302549	0.00010059273239843745
PGD	chr1	10398592	10420511	0.0021068366157584563
PGF	chr14	74941834	74955626	-0.08500630126655599
PGGT1B	chr5	115204012	115262877	0.0011284047209025895
PGK1	chrX	77910739	78129295	
PGM1	chr1	63593411	63660245	0.0021664898695518847
PGR	chr11	101029624	101129813	-0.007125414384012746
PHB	chr17	49404049	49414905	0.07535126543253585
PHB2	chr12	6965327	6970753	-0.06950850039127196
PHETA1	chr12	111360651	111369121	2.481329132138371e-06
PHEX	chrX	22032325	22251310	
PHF10	chr6	169703902	169725566	
PHF12	chr17	28905250	28951771	0.00038603625037614704
PHF21B	chr22	44881162	45010005	-0.0018171933487532788
PHF23	chr17	7235029	7239722	-0.09502533670864402
PHF6	chrX	134373253	134428791	
PHF7	chr3	52410660	52423641	-0.03990214767310227
PHF8	chrX	53936676	54048958	
PHGDH	chr1	119648411	119744226	0.0004990616359780521
PHLDA3	chr1	201464278	201469237	4.5618617177241594e-05
PHLDB2	chr3	111732497	111976517	-0.0020924142439839462
PHLDB3	chr19	43474954	43504935	6.766533940056776e-05
PHLPP1	chr18	62715541	62980433	-0.03381473962030213
PHOX2B	chr4	41744082	41748725	-0.10639008306385227
PI16	chr6	36948263	36964837	0.00018092631164101414
PI4KA	chr22	20707691	20859417	0.005238773645112168
PIBF1	chr13	72782133	73016461	-0.009424855004045435
PICALM	chr11	85957175	86069882	-0.00024814774910539056
PID1	chr2	228850526	229271285	0.053689149996191114
PIEZO1	chr16	88715338	88785220	0.003182299448751606
PIEZO2	chr18	10666483	11148762	-0.03381473962030213
PIGF	chr2	46580937	46617055	0.00017966151107430106
PIH1D1	chr19	49446298	49453497	0.0005090292648720886
PIK3C3	chr18	41955234	42087830	-0.03381473962030213
PIK3CA	chr3	179148114	179240093	0.0003967077982037563
PIK3CB	chr3	138652698	138834928	3.1363944314348633e-06
PIK3CD	chr1	9651731	9729114	0.0021068366157584563
PIK3CG	chr7	106865278	106908980	0.00022043217152534913
PIK3R1	chr5	68215756	68301821	0.0006587734706454372
PIK3R2	chr19	18153163	18170532	0.001261485372987262
PIKFYVE	chr2	208266255	208358746	0.03326563509131389
PILRA	chr7	100367530	100400096	0.0033934197286916647
PIM1	chr6	37170152	37175428	0.00018092631164101414
PIM2	chrX	48913182	48919024	
PIMREG	chr17	6444441	6451469	-0.09502533670864402
PIN1	chr19	9835257	9849682	0.010294009387855
PINK1	chr1	20633458	20651511	0.0003457959525731649
PIP4K2A	chr10	22534854	22714578	-0.004173867097552244
PITHD1	chr1	23778418	23788232	0.0002534796543138907
PITPNB	chr22	27851669	27920134	0.00019704791692216856
PITX1	chr5	135027734	135034813	0.0013490207609171442
PITX2	chr4	110617423	110642123	-0.05947985058414736
PIWIL1	chr12	130337887	130372637	0.0013663983693762275
PKD1	chr16	2088708	2135898	0.0076711826891900075
PKD1L1	chr7	47740202	47948491	0.0002773504219891991
PKD2	chr4	88007635	88077777	-0.09024349304344671
PKD2L1	chr10	100288149	100330264	-0.00031275390490111805
PKHD1	chr6	51615299	52087613	0.004187942225050373
PKIA	chr8	78516340	78605267	5.047327505746193e-06
PKM	chr15	72199029	72231822	0.0005011003574818951
PKNOX2	chr11	125164687	125433389	-0.0025993242248592827
PKP2	chr12	32790745	32896840	-0.0034828923766608943
PLA2G4A	chr1	186828949	186988981	-6.551313756498472e-05
PLA2G5	chr1	20028179	20091911	0.0003457959525731649
PLA2G6	chr22	38111495	38214778	-0.00046724729277857445
PLA2G7	chr6	46704201	46735693	0.004187942225050373
PLA2R1	chr2	159932006	160062615	1.0182691168045107e-06
PLAGL1	chr6	143940300	144064599	0.020430689065113222
PLAGL2	chr20	32192504	32207743	-0.0003080128710065813
PLAT	chr8	42174718	42207676	0.00018892072028431134
PLAU	chr10	73909177	73917496	0.00019179728085799943
PLAUR	chr19	43646095	43670547	5.298845638138706e-05
PLCB1	chr20	8077251	8968360	-0.0005827689728791822
PLCE1	chr10	94030812	94332823	-8.53649829551621e-05
PLCG1	chr20	41136960	41196801	-0.0001926930305975184
PLCG2	chr16	81739097	81962685	0.028847593346476106
PLD1	chr3	171600404	171810950	0.0003967077982037563
PLD2	chr17	4807152	4823434	-0.09664423698070382
PLEC	chr8	143915147	143976734	0.0024332502558325063
PLEKHA1	chr10	122374696	122442602	-0.050259546627500436
PLEKHA2	chr8	38901235	38973912	0.00018892072028431134
PLEKHB2	chr2	131104847	131353709	-3.542801878991141e-05
PLEKHH2	chr2	43637260	43767987	0.00031110884704675125
PLEKHM2	chr1	15684320	15734769	0.0005035449590357965
PLEKHO1	chr1	150149183	150164720	0.0015460100015327032
PLG	chr6	160702238	160753315	0.002697462043891199
PLIN1	chr15	89664367	89679427	-0.000611215282787413
PLIN2	chr9	19108375	19149290	-0.11639345456569233
PLIN4	chr19	4502180	4518465	0.00042994040518997746
PLIN5	chr19	4522531	4535224	0.00042994040518997746
PLK1	chr16	23677656	23690367	0.0009617560218162
PLK4	chr4	127880893	127899224	-0.009430828969627918
PLN	chr6	118548296	118561716	0.026991936291005957
PLP2	chrX	49171898	49175235	
PLPP3	chr1	56494761	56645301	0.011277118241627561
PLS3	chrX	115561174	115650861	
PLSCR1	chr3	146515180	146544856	0.00010377308115007898
PLTP	chr20	45898621	45912155	-0.0002644559529816326
PLVAP	chr19	17351450	17377342	0.001261485372987262
PLXDC1	chr17	39063313	39154394	0.17930124314049634
PLXNB2	chr22	50274979	50307646	-0.0004463302749011595
PLXNC1	chr12	94148577	94307675	2.240002122937098e-05
PM20D1	chr1	205828025	205850132	0.00021408951442403176
PM20D2	chr6	89146055	89165565	0.013013075087082358
PMAIP1	chr18	59899948	59904306	-0.03381473962030213
PMCH	chr12	102196459	102197833	2.6482969706054517e-05
PMEPA1	chr20	57648392	57711536	-0.00017165610921548544
PMFBP1	chr16	72112157	72176878	0.023749211551335886
PML	chr15	73994673	74047827	0.0003296311294962174
PMM2	chr16	8788823	8849325	0.0024196002195725906
PMP22	chr17	15229777	15265326	-0.0016948967086537437
PMS1	chr2	189784085	189877629	0.0003384719219201136
PMS2	chr7	5970925	6009106	-4.729841684267593e-05
PNMA1	chr14	73711783	73714384	-0.07266452118779655
PNMA2	chr8	26504701	26514092	6.150810544858858e-05
PNOC	chr8	28316986	28343355	0.0001365661769422252
PNP	chr14	20468954	20477094	-0.007222248875806015
PNPLA1	chr6	36243203	36312229	0.00018092631164101414
PNPLA2	chr11	818914	825573	0.004814412165801134
PNPLA3	chr22	43923792	43964488	-0.0018171933487532788
PNPLA6	chr19	7534004	7561764	0.002685610915600622
PNPT1	chr2	55634061	55693863	0.00013370561209632298
PODXL	chr7	131500262	131558217	3.6567375335077536e-05
POGLUT2	chr13	102784281	102798976	-0.00463512448314386
POGZ	chr1	151402724	151459494	0.004051103958096159
POLB	chr8	42338454	42371808	0.00017883905557302356
POLD1	chr19	50384204	50418018	0.00024245146391721717
POLDIP2	chr17	28346633	28357527	0.00038603625037614704
POLE	chr12	132623753	132687376	
POLH	chr6	43576185	43620523	0.0019089376526115127
POLQ	chr3	121431427	121546641	-7.295421950521448e-05
POLR2A	chr17	7484366	7514616	-0.0831837900968406
POLR2B	chr4	56977722	57031158	-0.09515876225538379
POLR2C	chr16	57462660	57472009	0.005952108749636475
POLR2E	chr19	1086574	1095380	0.0007065477887497425
POLR2G	chr11	62761565	62766710	0.0010815157196392648
POLR2H	chr3	184361718	184368596	0.0006244303440802904
POLR2M	chr15	57706695	57782762	0.003778471682409656
POMC	chr2	25160853	25168903	0.0007906445295729718
POMGNT1	chr1	46188682	46220305	0.049390758487010064
POMT1	chr9	131502902	131523806	0.08989715278363561
PON1	chr7	95297676	95324532	0.01237720993829814
PON2	chr7	95404862	95435329	0.01237720993829814
POPDC3	chr6	105157900	105180014	0.019877851625399096
POR	chr7	75899200	75986855	0.007364943431711107
PORCN	chrX	48508962	48520814	
POSTN	chr13	37562583	37598844	-0.02203826786417181
POTEF	chr2	130073535	130129222	-0.00015634009817526003
POTEI	chr2	130459455	130509707	-0.00015634009817526003
POTEJ	chr2	130611481	130658091	-0.00015634009817526003
POU1F1	chr3	87259404	87276584	-0.010707034398929586
POU2AF1	chr11	111352255	111455630	-0.01061669625336271
POU2F1	chr1	167220876	167427345	-0.023969194630851873
POU2F2	chr19	42086110	42196585	4.6450438081048194e-05
POU2F3	chr11	120236640	120319945	-0.00449460763659401
POU3F1	chr1	38043829	38046793	0.020848399463453394
POU3F3	chr2	104853287	104858574	-0.00011537053516973061
POU3F4	chrX	83508290	83512127	
POU4F3	chr5	146338839	146341728	-7.430581050845983e-05
POU5F1	chr6	31164337	31180731	3.6332272243724896e-05
PPARA	chr22	46150521	46243756	-0.0004463302749011595
PPARD	chr6	35342558	35428191	0.00018092631164101414
PPARG	chr3	12287368	12434356	-0.12985314947077853
PPARGC1A	chr4	23755041	23904089	-0.12133224495448075
PPFIA1	chr11	70270700	70385312	0.0029738692413235233
PPFIA3	chr19	49119544	49151026	0.0005090292648720886
PPFIA4	chr1	203026498	203078740	0.00010796952266883792
PPIC	chr5	123023250	123036725	0.0019488247956638896
PPID	chr4	158709127	158723396	-0.0010026307342515081
PPIF	chr10	79347469	79355334	7.908439244892513e-05
PPM1A	chr14	60245752	60299087	-0.03559514530806321
PPM1D	chr17	60600183	60666280	0.0026461510323501957
PPM1H	chr12	62643994	62935150	0.0001584562263202007
PPP1CA	chr11	67398183	67421183	0.009529436209786047
PPP1R15B	chr1	204403381	204411817	0.00021408951442403176
PPP1R16B	chr20	38805697	38923024	-0.0001926930305975184
PPP1R1B	chr17	39626740	39636626	0.17930124314049634
PPP1R1C	chr2	181954241	182131398	0.00010865467318467648
PPP1R37	chr19	45091396	45148077	0.0002678663191804061
PPP1R7	chr2	241149576	241183652	
PPP1R9B	chr17	50133737	50150677	0.07535126543253585
PPP2CA	chr5	134194332	134226073	0.0013490207609171442
PPP2R1A	chr19	52190048	52229518	-4.185476624158715e-06
PPP2R3A	chr3	135965728	136147894	-4.961949320535454e-05
PPP2R3C	chr14	35085467	35122517	-0.004081637882656571
PPP3CA	chr4	101023409	101348278	-0.08924705924435848
PPP4R1	chr18	9546791	9615240	-0.03381473962030213
PPP4R4	chr14	94146128	94279734	-0.08132505423898645
PRAME	chr22	22547701	22559361	0.005238773645112168
PRCP	chr11	82822936	82970584	-0.00024814774910539056
PRDM1	chr6	105993463	106109939	0.019877851625399096
PRDM10	chr11	129899706	130002835	-0.0010996818445793187
PRDM12	chr9	130664594	130682983	0.08989715278363561
PRDM13	chr6	99606730	99615578	0.013013075087082358
PRDM15	chr21	41798225	41879482	-0.0004919134136229591
PRDM6	chr5	123089241	123194266	0.0019488247956638896
PREP	chr6	105273220	105454062	0.019877851625399096
PREPL	chr2	44316281	44361862	0.00031110884704675125
PRF1	chr10	70597348	70602759	0.00031105841972587744
PRG2	chr11	57386780	57390650	0.000636943795567946
PRG4	chr1	186296279	186314562	-6.551313756498472e-05
PRICKLE1	chr12	42456757	42590355	-0.0005779008786248526
PRKAA1	chr5	40759379	40798374	0.001815849488023424
PRKAA2	chr1	56645314	56715335	0.011277118241627561
PRKAB1	chr12	119667864	119681624	0.0006123650542522869
PRKACA	chr19	14091688	14118084	0.022033621157534114
PRKACB	chr1	84078062	84238498	0.00042704823914014586
PRKAG1	chr12	49002274	49018807	-0.00017525960290996431
PRKAG2	chr7	151556124	151877125	-3.2155516831104314e-05
PRKAR1A	chr17	68511780	68551319	0.0005195564121448308
PRKCA	chr17	66302613	66810743	0.0005195564121448308
PRKCB	chr16	23835983	24220611	0.0009617560218162
PRKCD	chr3	53156009	53192717	-0.03990214767310227
PRKCE	chr2	45651345	46187990	0.00031110884704675125
PRKCG	chr19	53879190	53907652	-4.185476624158715e-06
PRKCH	chr14	61187559	61550976	-0.03559514530806321
PRKCI	chr3	170222424	170305977	0.00022161827416828826
PRKCQ	chr10	6427143	6580301	-0.012873963989598081
PRKCZ	chr1	2050411	2185395	0.005415208816122133
PRKD1	chr14	29576479	30191898	-0.004081637882656571
PRKD3	chr2	37250502	37324808	0.000544388298365933
PRKDC	chr8	47773111	47960178	0.00017883905557302356
PRKN	chr6	161347417	162727771	0.002697462043891199
PRKRA	chr2	178431414	178451512	0.00010865467318467648
PRL	chr6	22287244	22302826	0.00019662951581001786
PRLR	chr5	35048756	35230487	0.002921602584131437
PRM1	chr16	11280841	11281330	0.0024196002195725906
PRMT1	chr19	49675786	49689029	0.00023390334743419146
PRMT5	chr14	22920525	22929408	-0.0044984535589549495
PRMT8	chr12	3381349	3593973	-0.029111438765546456
PRMT9	chr4	147637785	147684163	-0.002289617241669375
PRNCR1	chr8	127079874	127092600	0.010706999873066765
PRNP	chr20	4686350	4701590	-0.0005827689728791822
PROC	chr2	127418427	127429246	-0.00015634009817526003
PROCR	chr20	35172072	35216240	-0.0002779070822181201
PRODH	chr22	18912777	18936553	0.013127863213813222
PROKR2	chr20	5302040	5314369	-0.0005827689728791822
PROM1	chr4	15963076	16084378	-0.12133224495448075
PROM2	chr2	95274449	95291308	-5.285337936843565e-05
PROP1	chr5	177992235	177996242	-0.004553560483529834
PROS1	chr3	93873051	93980003	-0.010707034398929586
PROSER1	chr13	39009865	39038089	-0.02203826786417181
PROX1	chr1	213983181	214041510	0.012707105603331733
PRPF19	chr11	60890547	60906585	0.0007399777444848059
PRPF3	chr1	150321479	150353233	0.0015460100015327032
PRPF31	chr19	54115410	54131719	-4.185476624158715e-06
PRPF8	chr17	1650629	1684867	-0.09771096176374078
PRPH	chr12	49293252	49298686	-0.00017525960290996431
PRPH2	chr6	42696598	42722597	0.0019089376526115127
PRPS1	chrX	107628424	107651026	
PRPS2	chrX	12791355	12824222	
PRPSAP1	chr17	76309478	76384521	0.003162425782313197
PRR11	chr17	59155499	59204705	0.01803529299547653
PRR13	chr12	53441678	53446645	2.276256388756982e-05
PRR14L	chr22	31676256	31750140	-0.00016659799599544025
PRRC2A	chr6	31620715	31637771	3.978565542470945e-06
PRRG2	chr19	49580646	49591004	0.0005090292648720886
PRRT2	chr16	29811382	29815892	0.0007237163116299317
PRRX1	chr1	170662728	170739421	-0.00844705524627609
PRSS16	chr6	27247701	27256624	0.00019662951581001786
PRTN3	chr19	840999	848175	0.0007065477887497425
PRXL2A	chr10	80407829	80437115	7.908439244892513e-05
PSD	chr10	102402617	102421539	-0.0006966712971070071
PSD3	chr8	18527303	19084730	-0.0002917252353298664
PSEN1	chr14	73136418	73223691	-0.07266452118779655
PSEN2	chr1	226870184	226896105	0.07395991750218409
PSENEN	chr19	35745600	35747519	8.397444375947614e-06
PSG1	chr19	42866464	42879822	6.766533940056776e-05
PSIP1	chr9	15464066	15510995	-0.11639345456569233
PSKH1	chr16	67893254	67929676	0.009100296179279464
PSMA6	chr14	35278633	35317493	-0.005458685290380866
PSMB5	chr14	23016543	23035230	-0.0044984535589549495
PSMC2	chr7	103344254	103369395	0.00022043217152534913
PSMC5	chr17	63827152	63832026	0.0006450976308161934
PSMD1	chr2	231056864	231172827	0.03235524370282734
PSMD10	chrX	108084207	108091549	
PSMD2	chr3	184299198	184309050	0.0006244303440802904
PSMD3	chr17	39980807	39997959	0.17382638367056255
PSMD4	chr1	151254703	151267479	0.004051103958096159
PSME3	chr17	42824385	42843760	0.04205552195059332
PSPC1	chr13	19674752	19783019	-0.0350962107475691
PSRC1	chr1	109279556	109283186	0.0006559449915593991
PSTPIP2	chr18	45983536	46072272	-0.03381473962030213
PTAFR	chr1	28147166	28193936	0.0014289949103799284
PTBP1	chr19	797075	812327	0.0007065477887497425
PTBP2	chr1	96721665	96823738	0.00046837332385327163
PTCD1	chr7	99416739	99466163	0.0033934197286916647
PTCD2	chr5	72320367	72368395	0.0003661442890861914
PTCD3	chr2	86106223	86142157	3.6650204618020156e-05
PTCH1	chr9	95442980	95517057	-0.00010822378975490355
PTDSS1	chr8	96261902	96336995	0.000569577304024539
PTEN	chr10	87863625	87971930	-0.00011881564136523367
PTGDR	chr14	52267698	52276724	-0.00889636089853597
PTGDR2	chr11	60850933	60855950	0.0007399777444848059
PTGER2	chr14	52314305	52328598	-0.00889636089853597
PTGER3	chr1	70852353	71047808	0.0006626652622370595
PTGER4	chr5	40679915	40693735	0.001815849488023424
PTGES	chr9	129738331	129753042	0.05472078756268738
PTGES3	chr12	56663341	56688408	0.000113869904110443
PTGFR	chr1	78303884	78540701	0.0006626652622370595
PTGFRN	chr1	116909916	116990353	0.0002546202242965676
PTGIR	chr19	46620468	46625089	0.0004753199774616822
PTGIS	chr20	49503874	49568137	-0.000336274174793978
PTGS1	chr9	122370530	122395703	0.012185361668547109
PTGS2	chr1	186671791	186680423	-6.551313756498472e-05
PTH	chr11	13492054	13496181	0.0003643558844173163
PTH1R	chr3	46877721	46903799	-0.038138960032055386
PTH2R	chr2	208359714	208854503	0.03326563509131389
PTHLH	chr12	27958084	27972733	-0.0034828923766608943
PTK2	chr8	140657900	141002216	0.006421408472578152
PTK2B	chr8	27311482	27459391	0.0001365661769422252
PTK6	chr20	63528001	63537376	-2.9782016404695846e-05
PTK7	chr6	43076307	43161719	0.0019089376526115127
PTOV1	chr19	49850735	49860744	0.00023390334743419146
PTP4A1	chr6	63521746	63583436	0.009991160828451709
PTP4A3	chr8	141391995	141432454	0.006421408472578152
PTPA	chr9	129110950	129148946	0.05472078756268738
PTPDC1	chr9	94030794	94109856	-0.002214471468870328
PTPN1	chr20	50510321	50585241	-0.000336274174793978
PTPN11	chr12	112418351	112509913	2.481329132138371e-06
PTPN13	chr4	86594315	86815171	-0.09024349304344671
PTPN2	chr18	12785478	12929643	-0.03381473962030213
PTPN22	chr1	113813811	113871753	0.00032075283169663744
PTPN5	chr11	18727928	18792721	0.00042123636307598975
PTPN6	chr12	6946468	6961316	-0.06950850039127196
PTPRF	chr1	43525187	43623666	0.05196342837794612
PTPRG	chr3	61561569	62297609	-0.025358627940254137
PTPRJ	chr11	47980558	48170841	0.0005550965363730477
PTPRM	chr18	7566782	8406861	-0.029405424639585172
PTPRQ	chr12	80402178	80680273	3.762811691452807e-05
PTPRU	chr1	29236516	29326813	0.0014289949103799284
PTPRZ1	chr7	121873089	122062036	0.00010812442394252517
PTTG1	chr5	160421855	160428739	-0.00665117178142286
PTX3	chr3	157436850	157443633	0.00020313163958505227
PUM3	chr9	2720469	2844095	-0.12086401876169456
PURB	chr7	44876299	44885530	0.0002773504219891991
PUSL1	chr1	1308597	1311677	0.005415208816122133
PVR	chr19	44643798	44666162	5.298845638138706e-05
PVT1	chr8	127794526	128187101	0.010706999873066765
PWP1	chr12	107685799	107713162	-1.4710326879244473e-05
PWWP3A	chr19	1354711	1378431	0.0006555979932898493
PXN	chr12	120210439	120265771	0.0006123650542522869
PYCARD	chr16	31201486	31203450	0.0007675638341198598
PYGB	chr20	25248085	25298012	-0.0003080128710065813
PYGL	chr14	50857891	50944483	-0.00889636089853597
PYGM	chr11	64746389	64759974	0.003685000769892627
PYM1	chr12	55901413	55932618	0.000113869904110443
PZP	chr12	9148840	9208395	-0.06245676698558549
QPCTL	chr19	45692666	45703989	0.0002678663191804061
QRFPR	chr4	121328642	121381059	-0.02999896749594418
R3HDM1	chr2	135531455	135725270	-3.542801878991141e-05
R3HDM2	chr12	57253762	57431005	0.00017640539255839936
RAB11A	chr15	65726054	65891989	0.0005011003574818951
RAB11B	chr19	8389981	8404434	0.002685610915600622
RAB11FIP5	chr2	73073382	73156721	7.575779268146809e-05
RAB27A	chr15	55202966	55319113	0.003778471682409656
RAB28	chr4	13361354	13484365	-0.12133224495448075
RAB5A	chr3	19947097	19985175	-0.11101832035667686
RAB6C	chr2	129979666	129982738	-0.00015634009817526003
RAB7A	chr3	128726183	128814798	-4.6802366466423495e-05
RAB8A	chr19	16111889	16134234	0.008840247738418376
RAB9A	chrX	13689128	13710504	
RABL2B	chr22	50767501	50783663	
RABL3	chr3	120686681	120742993	-7.295421950521448e-05
RABL6	chr9	136807943	136841187	0.14757171828843765
RAC1	chr7	6374527	6403967	-0.00026868920080740685
RACGAP1	chr12	49976923	50033136	-0.00017525960290996431
RAD18	chr3	8775402	8963773	-0.15802454912626523
RAD50	chr5	132556019	132646349	0.002963002185801527
RAD51	chr15	40694774	40732340	0.0026748072224950254
RAD52	chr12	911736	990053	-0.029111438765546456
RAD54L	chr1	46246461	46278480	0.049390758487010064
RAD54L2	chr3	51541144	51668667	-0.0392042182116494
RAF1	chr3	12583601	12664226	-0.12985314947077853
RAG1	chr11	36510709	36593156	0.000497399835179321
RAI14	chr5	34656328	34832612	0.002921602584131437
RAI2	chrX	17800049	17861337	
RALGPS1	chr9	126914774	127223166	0.027767993957379063
RAN	chr12	130872037	130877678	
RANBP2	chr2	108719482	108785809	-0.00020503510995936638
RANBP3	chr19	5916139	5978142	0.0008890449453730467
RANBP9	chr6	13621498	13711835	0.00013478833979989235
RANGAP1	chr22	41245611	41286251	-0.0033673850824723446
RAP1A	chr1	111542218	111716691	0.000568165470478334
RAP2A	chr13	97434169	97469128	-0.007268806026474949
RAPGEF3	chr12	47734363	47771040	-0.0005779008786248526
RAPGEF5	chr7	22118236	22357154	-0.0002791836801827818
RAPGEF6	chr5	131423921	131635236	0.0028060040347154002
RARA	chr17	40309180	40357643	0.17382638367056255
RARB	chr3	25174332	25597932	-0.11101832035667686
RASA1	chr5	87267883	87391931	0.0007951827129060911
RASD1	chr17	17494437	17496395	-0.00029845357458371027
RASD2	chr22	35540831	35553999	-0.0001650329339043002
RASGEF1C	chr5	180100795	180209211	-0.00156094931121706
RASGRP1	chr15	38488103	38565575	0.004043780019024639
RASSF1	chr3	50329782	50340980	-0.0392042182116494
RASSF2	chr20	4780023	4823608	-0.0005827689728791822
RASSF3	chr12	64507001	64697564	0.0001584562263202007
RASSF4	chr10	44959407	44995891	-0.00035699643743521413
RASSF5	chr1	206507531	206589448	0.0009062435663323369
RASSF8	chr12	25959029	26079892	-0.0034828923766608943
RAVER1	chr19	10316212	10333638	0.02192428639306544
RB1	chr13	48303726	48599436	-0.011062722026995882
RBBP4	chr1	32651142	32686211	0.007090505912763734
RBBP5	chr1	205086142	205122015	0.00021408951442403176
RBBP7	chrX	16839283	16870414	
RBBP8	chr18	22798261	23026488	-0.03381473962030213
RBCK1	chr20	407498	430966	-0.0014900675207223041
RBL2	chr16	53433977	53491648	0.0015930165906617704
RBM10	chrX	47145221	47186813	
RBM12	chr20	35648925	35664956	-0.00019598363105757823
RBM14	chr11	66616582	66627347	0.009529436209786047
RBM15	chr1	110338506	110346681	0.000568165470478334
RBM19	chr12	113816738	113966325	0.00017329537330035345
RBM20	chr10	110644336	110839468	-0.0034312916843590516
RBM23	chr14	22893204	22919182	-0.0044984535589549495
RBM27	chr5	146203605	146289223	-7.430581050845983e-05
RBM34	chr1	235131183	235161283	0.1126137462508947
RBM38	chr20	57391396	57409333	-0.00024289513238184648
RBMS1	chr2	160272151	160493807	1.0182691168045107e-06
RBMS2	chr12	56521820	56596193	0.000113869904110443
RBMS3	chr3	28574791	30010391	-0.09406176749711218
RBMX	chrX	136848004	136880764	
RBPJ	chr4	26163455	26435131	-0.11258455425653785
RBPMS	chr8	30384511	30572256	0.00021480867466759364
RBX1	chr22	40951347	40973309	-0.0033673850824723446
RC3H1	chr1	173931084	174022357	-0.00844705524627609
RC3H2	chr9	122844556	122905359	0.012185361668547109
RCAN2	chr6	46220736	46491972	0.004187942225050373
RCC1	chr1	28505943	28539300	0.0014289949103799284
RCN2	chr15	76931738	76954393	-9.404975875612471e-05
RCOR1	chr14	102592649	102730561	-0.05453383912870634
RCOR3	chr1	211258377	211316385	0.00596049177159256
RDM1	chr17	35918066	35930773	0.0967543444528365
RECK	chr9	36036913	36124455	-0.0661003098837146
RECQL	chr12	21468910	21501669	-0.019128248055308644
RECQL4	chr8	144511288	144517845	
REEP4	chr8	22138020	22141951	-6.835300857451329e-05
REEP6	chr19	1491166	1497927	0.0006555979932898493
REL	chr2	60881521	60931610	0.00013370561209632298
RELA	chr11	65653597	65663090	0.011935176169608616
RELB	chr19	45001449	45038198	5.298845638138706e-05
RELN	chr7	103471784	103989658	0.00022043217152534913
RELT	chr11	73376399	73397474	9.71009611571417e-05
REN	chr1	204154819	204190324	0.00021408951442403176
REPS1	chr6	138903493	138988261	0.0291946762571223
RERG	chr12	15107783	15348675	-0.019128248055308644
REST	chr4	56907876	56966678	-0.09515876225538379
RET	chr10	43077064	43130351	-0.001017365306644463
RETN	chr19	7669049	7670455	0.002685610915600622
RETREG1	chr5	16473038	16617058	0.005386741082788252
RETREG3	chr17	42579513	42610623	0.10463334982052944
REXO2	chr11	114439386	114450279	-0.00712746846657141
RFC3	chr13	33818069	33966558	-0.028512742914652448
RFC4	chr3	186789880	186807058	0.0008641157790360995
RFC5	chr12	118013588	118033130	0.00017329537330035345
RFPL3	chr22	32354885	32361161	-0.0001650329339043002
RFTN1	chr3	16313574	16514026	-0.11101832035667686
RFX1	chr19	13961530	14007039	0.022033621157534114
RFX2	chr19	5993164	6199572	0.0008890449453730467
RFX4	chr12	106582907	106762803	2.4294260196879936e-05
RFX5	chr1	151340640	151347357	0.004051103958096159
RGN	chrX	47078355	47093314	
RGPD1	chr2	86907953	87013976	3.6650204618020156e-05
RGPD6	chr2	110513812	110577185	-0.00020503510995936638
RGPD8	chr2	112368369	112434488	-0.00020503510995936638
RGS4	chr1	163068775	163076802	-0.023969194630851873
RGS5	chr1	163111121	163321791	-0.023969194630851873
RHAG	chr6	49605175	49636839	0.004187942225050373
RHBDD1	chr2	226835581	226999215	0.053689149996191114
RHBDD2	chr7	75842602	75888926	0.007364943431711107
RHCE	chr1	25362249	25430192	0.0003731099274232452
RHD	chr1	25272393	25330445	0.0003731099274232452
RHEB	chr7	151466012	151520120	-3.2155516831104314e-05
RHOA	chr3	49359145	49412998	-0.03629245268400803
RHOC	chr1	112701106	112707434	0.00032075283169663744
RHOH	chr4	40191053	40246967	-0.11258455425653785
RHOT1	chr17	32142454	32253374	0.010672313811506386
RHOXF2	chrX	120158613	120165630	
RIC8A	chr11	207511	215113	0.004814412165801134
RIDA	chr8	98102344	98117171	0.000569577304024539
RILPL1	chr12	123470054	123533719	0.0013663983693762275
RILPL2	chr12	123410683	123436717	0.0013663983693762275
RIMS3	chr1	40620680	40665682	0.04020297401217017
RIMS4	chr20	44751808	44810338	-0.0001576837495814946
RIOX1	chr14	73490933	73493394	-0.07266452118779655
RIPK1	chr6	3063991	3115187	-2.7001233954606018e-05
RIPK2	chr8	89757806	89791064	0.000318216303090948
RIPK3	chr14	24336025	24340022	-0.00380276823861075
RIPK4	chr21	41739369	41767089	-0.0004919134136229591
RIPOR1	chr16	67518418	67546788	0.009100296179279464
RITA1	chr12	113185526	113192368	0.00017329537330035345
RLF	chr1	40161387	40240921	0.04020297401217017
RLN1	chr9	5334930	5339876	-0.12086401876169456
RLN2	chr9	5299864	5304716	-0.12086401876169456
RLN3	chr19	14028148	14031551	0.022033621157534114
RMDN1	chr8	86468257	86514357	0.000318216303090948
RMND1	chr6	151404762	151452158	0.00887087449816526
RMND5A	chr2	86720291	86778041	3.6650204618020156e-05
RNASE3	chr14	20891399	20892348	-0.007222248875806015
RNASEH2B	chr13	50909747	51024120	-0.011062722026995882
RNASEL	chr1	182573634	182589256	-0.0023899609050197826
RNF112	chr17	19411125	19417276	-8.797099307625445e-05
RNF121	chr11	71929018	71997597	0.0005359031344942022
RNF128	chrX	106693794	106797016	
RNF167	chr17	4940008	4945222	-0.09664423698070382
RNF180	chr5	64165843	64372869	0.0006587734706454372
RNF187	chr1	228487382	228496188	0.07395991750218409
RNF2	chr1	185045526	185102603	-0.0004366405930479371
RNF213	chr17	80260866	80398786	0.005546386178568871
RNF26	chr11	119334527	119337309	-0.006122775933771628
RNF31	chr14	24146683	24160660	-0.0044984535589549495
RNF38	chr9	36336396	36487548	-0.04108948254634385
RNF39	chr6	30070266	30075887	3.6332272243724896e-05
RNF43	chr17	58352500	58417595	0.01803529299547653
RO60	chr1	193059422	193091777	-6.551313756498472e-05
ROBO4	chr11	124883691	124898500	-0.0025993242248592827
ROCK1	chr18	20946906	21111813	-0.03381473962030213
ROCK2	chr2	11179759	11348330	0.0011069364036231303
ROR1	chr1	63774017	64181498	0.0021664898695518847
ROR2	chr9	91563091	91950228	-0.002214471468870328
RORB	chr9	74497335	74693177	-0.012662156586271723
RORC	chr1	151806071	151831845	0.004051103958096159
ROS1	chr6	117288300	117425855	0.026991936291005957
RP1L1	chr8	10606349	10712187	-0.00038707180952460594
RPA1	chr17	1829702	1900082	-0.09771096176374078
RPA2	chr1	27891524	27914746	0.0014289949103799284
RPA3	chr7	7636518	7718607	-0.00026868920080740685
RPAP1	chr15	41517176	41544269	0.002494240172503986
RPAP3	chr12	47661249	47706030	-0.0005779008786248526
RPE65	chr1	68428822	68449954	0.0006626652622370595
RPF1	chr1	84479259	84498352	0.00042704823914014586
RPN1	chr3	128619969	128681075	-4.6802366466423495e-05
RPRM	chr2	153477338	153478762	1.0182691168045107e-06
RPRML	chr17	46978156	46979253	0.02591790497108404
RPS6KA5	chr14	90847861	91060641	-0.08132505423898645
RPTOR	chr17	80544819	80966371	0.005546386178568871
RPUSD2	chr15	40569299	40574949	0.0026748072224950254
RRAD	chr16	66921679	66925536	0.01030756366400854
RRAS	chr19	49635292	49640143	0.00023390334743419146
RREB1	chr6	7107597	7251980	-0.00014473675024242463
RRM1	chr11	4094707	4138932	0.0011608171382036139
RRM2	chr2	10120698	10211725	0.0011069364036231303
RRP12	chr10	97356358	97426076	-0.00013691491743080773
RRP15	chr1	218285293	218337983	0.012707105603331733
RRP1B	chr21	43659560	43696079	-0.0004919134136229591
RRS1	chr8	66429014	66430733	-2.9077859236749906e-05
RS1	chrX	18639688	18672108	
RSAD2	chr2	6865806	6898239	0.0011069364036231303
RSBN1	chr1	113761832	113812476	0.00032075283169663744
RSPH9	chr6	43645036	43672600	0.0019089376526115127
RSPO2	chr8	107899316	108083642	0.003194944585899933
RSPO3	chr6	127118671	127199481	0.026991936291005957
RSPRY1	chr16	57186137	57240469	0.0026440657695812153
RSRC1	chr3	158105855	158545730	0.00020313163958505227
RTCB	chr22	32387582	32412248	-0.0001650329339043002
RTKN2	chr10	62183035	62268844	6.351525282950847e-05
RTL1	chr14	100879753	100903722	-0.05453383912870634
RTL8C	chrX	135032355	135033546	
RTN1	chr14	59595976	59870776	-0.03559514530806321
RTN4	chr2	54972187	55112621	0.00013370561209632298
RTN4IP1	chr6	106570771	106629498	0.019877851625399096
RUBCN	chr3	197668867	197749727	0.000273025900581927
RUBCNL	chr13	46342000	46438190	-0.014834279020482018
RUFY2	chr10	68341107	68407294	6.351525282950847e-05
RUNX1	chr21	34787801	36004667	-0.0004919134136229591
RUNX1T1	chr8	91954967	92103286	0.000569577304024539
RUNX2	chr6	45328157	45664349	0.004187942225050373
RUNX3	chr1	24899511	24965121	0.0003731099274232452
RUVBL1	chr3	128064778	128153914	-4.6802366466423495e-05
RUVBL2	chr19	48993562	49015970	0.0005090292648720886
RWDD1	chr6	116571409	116597675	0.026950898656687563
RWDD4	chr4	183639635	183659203	-8.575323636440421e-05
RXFP1	chr4	158315311	158653372	-0.0010026307342515081
RXFP2	chr13	31739526	31803389	-0.028512742914652448
RXFP3	chr5	33936386	33938918	0.002921602584131437
RXRA	chr9	134317098	134440585	0.1262471458481143
RYR1	chr19	38433691	38587564	8.397444375947614e-06
S100A1	chr1	153627926	153632039	0.0033458577655039426
S100A3	chr1	153547329	153549258	0.0033458577655039426
S100A7	chr1	153457744	153460651	0.0033458577655039426
S1PR1	chr1	101236865	101243713	0.0005739060561435618
S1PR3	chr9	88990863	89005155	-0.002214471468870328
S1PR5	chr19	10512742	10517931	0.02192428639306544
SAA4	chr11	18231355	18236802	0.00039305162882094546
SAC3D1	chr11	65040901	65044828	0.007507225461540621
SACS	chr13	23328826	23433740	-0.0350962107475691
SAFB	chr19	5623035	5668478	0.00042994040518997746
SALL4	chr20	51782331	51802521	-0.000336274174793978
SAMD4A	chr14	54566117	54793315	-0.017738258942879087
SAMD5	chr6	147508690	147737547	0.020430689065113222
SAMD9	chr7	93099513	93118023	0.01237720993829814
SAMHD1	chr20	36889773	36951901	-0.00019598363105757823
SAPCD2	chr9	137062127	137070557	
SART1	chr11	65961728	65980137	0.011935176169608616
SART3	chr12	108522214	108561400	-1.4710326879244473e-05
SASH1	chr6	148272304	148552048	0.020430689065113222
SAT2	chr17	7626234	7627876	-0.050358427928358436
SATB1	chr3	18345377	18445588	-0.11101832035667686
SATB2	chr2	199269500	199471266	0.003669322906443456
SAXO1	chr9	18858906	19049358	-0.11639345456569233
SBNO1	chr12	123289109	123364847	0.0013663983693762275
SBNO2	chr19	1107637	1174268	0.0007065477887497425
SCAF4	chr21	31671000	31732118	-0.0004919134136229591
SCAMP4	chr19	1905372	1926013	0.0006555979932898493
SCAPER	chr15	76347904	76905444	-9.404975875612471e-05
SCARB1	chr12	124776856	124882668	0.0013663983693762275
SCFD2	chr4	52872982	53366066	-0.10385182409368528
SCG2	chr2	223596940	223602361	0.05646305699567348
SCG5	chr15	32641676	32697098	0.004043780019024639
SCGB1D1	chr11	62190216	62193539	0.0010815157196392648
SCGB1D2	chr11	62242239	62244812	0.0010815157196392648
SCGN	chr6	25652201	25701783	0.00019662951581001786
SCIMP	chr17	5208920	5234860	-0.09664423698070382
SCIN	chr7	12570577	12660182	-0.00026868920080740685
SCML2	chrX	18239313	18354688	
SCN3A	chr2	165087522	165204067	3.715584279173508e-05
SCN4B	chr11	118133377	118152888	-0.007050972372759938
SCN7A	chr2	166403573	166611482	3.715584279173508e-05
SCN8A	chr12	51590266	51812864	-7.851452747788239e-05
SCN9A	chr2	166195185	166376001	3.715584279173508e-05
SCNN1A	chr12	6346843	6377730	-0.05197670831832469
SCNN1G	chr16	23182745	23216883	0.0009617560218162
SCPEP1	chr17	56978129	57006768	0.01803529299547653
SCRIB	chr8	143790920	143815773	0.0024332502558325063
SCRN1	chr7	29920104	29990289	-7.848620646750028e-05
SDAD1	chr4	75940950	75990962	-0.08953452306266499
SDC2	chr8	96493813	96611790	0.000569577304024539
SDC3	chr1	30869466	30908758	0.002703013181809804
SDC4	chr20	45325288	45348424	-0.0002644559529816326
SDF2L1	chr22	21642302	21644299	0.005238773645112168
SDHA	chr5	218241	257082	0.008541772995529861
SDHAF3	chr7	97117698	97181763	0.01237720993829814
SDHB	chr1	17018722	17054032	0.0005035449590357965
SDK2	chr17	73334384	73644445	0.0008409202013293028
SEC13	chr3	10293131	10321112	-0.14557824934984856
SEC14L3	chr22	30447959	30472049	-0.00016659799599544025
SEC16A	chr9	136440096	136483759	0.14757171828843765
SEC23B	chr20	18507520	18561415	-0.0004207955747306463
SECISBP2L	chr15	48988476	49046447	0.003396337514813386
SEL1L	chr14	81471547	81533853	-0.0869916729804872
SELE	chr1	169722640	169764705	-0.017182168887364152
SELENBP1	chr1	151364304	151372707	0.004051103958096159
SELENOT	chr3	150602875	150630445	0.00010377308115007898
SELL	chr1	169690665	169711702	-0.017182168887364152
SELP	chr1	169588849	169630193	-0.017182168887364152
SELPLG	chr12	108622277	108633959	-1.4710326879244473e-05
SEMA3A	chr7	83955777	84492724	0.020501558681540456
SEMA3C	chr7	80742538	80922359	0.020501558681540456
SEMA3D	chr7	84995553	85186855	0.020501558681540456
SEMA3F	chr3	50155045	50189075	-0.03629245268400803
SEMA4B	chr15	90160604	90229679	-0.0022121996890148905
SEMA4C	chr2	96859718	96870757	-5.285337936843565e-05
SEMA4D	chr9	89360787	89498130	-0.002214471468870328
SEMA7A	chr15	74409289	74433958	0.0003296311294962174
SENP1	chr12	48042897	48106079	-0.0005779008786248526
SENP6	chr6	75601509	75718281	0.009991160828451709
SEPTIN5	chr22	19714503	19724224	0.013127863213813222
SEPTIN6	chrX	119615724	119693370	
SEPTIN9	chr17	77280569	77500596	0.003162425782313197
SERPINA12	chr14	94487274	94517844	-0.08132505423898645
SERPINA3	chr14	94612384	94624055	-0.06720953592301034
SERPINA5	chr14	94561442	94593118	-0.08132505423898645
SERPINA9	chr14	94462717	94479689	-0.08132505423898645
SERPINB2	chr18	63871692	63903888	-0.04047245549436178
SERPINB4	chr18	63637259	63644256	-0.03381473962030213
SERPINB5	chr18	63476958	63505085	-0.03381473962030213
SERPINB7	chr18	63752935	63805376	-0.04047245549436178
SERPINB9	chr6	2887270	2903309	-2.7001233954606018e-05
SERPINC1	chr1	173903804	173917378	-0.00844705524627609
SERPIND1	chr22	20774113	20787720	0.005238773645112168
SERPINE1	chr7	101127104	101139247	0.0006075267652087388
SERPINF2	chr17	1742836	1755268	-0.09771096176374078
SERPINH1	chr11	75562056	75572783	9.71009611571417e-05
SERPINI2	chr3	167441789	167479004	0.00022161827416828826
SESN2	chr1	28259518	28282491	0.0014289949103799284
SESN3	chr11	95165513	95232541	-0.001708139029617144
SETD4	chr21	36034541	36079389	-0.0004919134136229591
SETDB1	chr1	150926263	150964744	0.004051103958096159
SEZ6L	chr22	26169462	26383597	0.0016049039426985318
SEZ6L2	chr16	29871159	29899547	0.0007237163116299317
SF3A1	chr22	30331988	30356919	-0.00016659799599544025
SF3B1	chr2	197388515	197435091	0.003669322906443456
SF3B3	chr16	70523791	70577670	0.023749211551335886
SF3B4	chr1	149923317	149927803	0.0015460100015327032
SFPQ	chr1	35176378	35193145	0.007090505912763734
SFRP1	chr8	41261962	41309473	0.00018892072028431134
SFRP4	chr7	37905932	38025695	6.874616514815643e-05
SFRP5	chr10	97766751	97771999	-0.00013691491743080773
SFSWAP	chr12	131711081	131799737	
SFXN1	chr5	175477062	175529742	-0.00716110184528025
SFXN2	chr10	102714538	102743492	-0.0009113920687774904
SGCA	chr17	50164214	50175928	0.07535126543253585
SGK1	chr6	134169246	134318112	0.03271188110894906
SGSH	chr17	80206716	80220923	0.005546386178568871
SH2B2	chr7	102285091	102321711	0.0006075267652087388
SH2D1A	chrX	124227868	124373197	
SH2D1B	chr1	162395268	162412138	-0.023969194630851873
SH2D2A	chr1	156806243	156816862	7.442554915724541e-05
SH2D3C	chr9	127738317	127778710	0.027767993957379063
SH3BGR	chr21	39445855	39515506	-0.0004919134136229591
SH3BGRL2	chr6	79631329	79703655	0.011931072450950287
SH3BP5	chr3	15254353	15341368	-0.12985314947077853
SH3BP5L	chr1	248810446	248825915	0.13960872772036745
SH3GLB2	chr9	129007036	129028303	0.05472078756268738
SH3RF2	chr5	145936578	146081791	-7.430581050845983e-05
SH3TC2	chr5	148923639	149063163	-0.0005962277913897806
SHANK2	chr11	70467856	71252577	0.0029738692413235233
SHANK3	chr22	50674415	50733298	
SHARPIN	chr8	144098633	144108124	0.0024332502558325063
SHBG	chr17	7613946	7633382	-0.050358427928358436
SHC1	chr1	154962298	154974395	0.0009447256351256569
SHC4	chr15	48823741	48963919	0.003103282238128842
SHFL	chr19	10086122	10093252	0.010294009387855
SHH	chr7	155799980	155812463	
SHLD1	chr20	5750393	5864395	-0.0005827689728791822
SHLD2	chr10	87094161	87191468	-1.3390626304210829e-05
SHMT1	chr17	18327860	18363563	-8.797099307625445e-05
SHMT2	chr12	57229573	57234935	0.00017640539255839936
SHOX	chrX	624344	659411	
SHROOM1	chr5	132822141	132830898	0.002963002185801527
SIAE	chr11	124633113	124695707	-0.00449460763659401
SIAH1	chr16	48356364	48448402	0.0015930165906617704
SIGIRR	chr11	405716	417455	0.004814412165801134
SIGLEC1	chr20	3686970	3707128	-0.0013010007569408417
SIGLEC11	chr19	49948985	49961172	0.00023390334743419146
SIGLEC6	chr19	51517819	51531856	-4.185476624158715e-06
SIGLEC7	chr19	51142299	51153526	0.00024245146391721717
SIGLEC9	chr19	51124908	51136651	0.00024245146391721717
SIGMAR1	chr9	34634722	34637809	-0.08977454922074052
SIK2	chr11	111602449	111730855	-0.01061669625336271
SIK3	chr11	116843402	117098437	-0.007050972372759938
SIM2	chr21	36699115	36749917	-0.0004919134136229591
SIMC1	chr5	176238367	176345991	-0.004553560483529834
SIN3A	chr15	75369379	75455842	7.468911372748236e-05
SINHCAF	chr12	31280584	31327058	-0.0034828923766608943
SIPA1L3	chr19	37907208	38208369	8.397444375947614e-06
SIRPA	chr20	1894167	1940592	-0.0014900675207223041
SIRPB1	chr20	1563521	1620061	-0.0014900675207223041
SIRPG	chr20	1629152	1657779	-0.0014900675207223041
SIRT1	chr10	67884656	67918390	6.351525282950847e-05
SIRT2	chr19	38878555	38899862	8.397444375947614e-06
SIRT3	chr11	215030	236931	0.004814412165801134
SIRT6	chr19	4174109	4182566	0.0003760747592308218
SIRT7	chr17	81911939	81921323	0.009892477408176966
SIX1	chr14	60643421	60658259	-0.03559514530806321
SKA3	chr13	21153595	21176552	-0.0350962107475691
SKP1	chr5	134148935	134177038	0.0013490207609171442
SKP2	chr5	36151989	36184319	0.001815849488023424
SLAMF1	chr1	160608106	160647295	-0.017348570493744556
SLAMF6	chr1	160485030	160523262	-0.017348570493744556
SLAMF7	chr1	160739057	160754821	-0.017348570493744556
SLAMF8	chr1	159826811	159837492	-0.0046171018609826465
SLC10A1	chr14	69775416	69797241	-0.07266452118779655
SLC11A1	chr2	218382029	218396894	0.04712961019326936
SLC11A2	chr12	50979401	51028566	-7.851452747788239e-05
SLC12A2	chr5	128083766	128189677	0.0028060040347154002
SLC12A6	chr15	34229784	34338060	0.004043780019024639
SLC15A1	chr13	98683801	98752672	-0.00463512448314386
SLC16A1	chr1	112911847	112957013	0.00032075283169663744
SLC16A4	chr1	110362851	110391082	0.000568165470478334
SLC16A9	chr10	59650761	59736002	-0.00010822042522412568
SLC17A5	chr6	73593379	73653992	0.009991160828451709
SLC17A6	chr11	22338381	22379503	0.0004973024510201649
SLC17A7	chr19	49429401	49442360	0.0005090292648720886
SLC17A8	chr12	100357074	100422055	2.6482969706054517e-05
SLC18A2	chr10	117241093	117279430	-0.01633029471607391
SLC19A1	chr21	45493572	45573365	-0.0004919134136229591
SLC1A1	chr9	4490468	4587469	-0.12086401876169456
SLC1A2	chr11	35251205	35420063	0.000497399835179321
SLC1A3	chr5	36606355	36688334	0.001815849488023424
SLC1A5	chr19	46774883	46788594	0.0004753199774616822
SLC20A2	chr8	42416475	42541926	0.00017883905557302356
SLC22A1	chr6	160121815	160158718	0.002697462043891199
SLC22A12	chr11	64590641	64602353	0.003685000769892627
SLC22A2	chr6	160171061	160277638	0.002697462043891199
SLC22A4	chr5	132294394	132344190	0.0028060040347154002
SLC22A5	chr5	132369752	132395614	0.0028060040347154002
SLC22A8	chr11	62989154	63015841	0.0017269024335820778
SLC22A9	chr11	63369785	63410294	0.0017269024335820778
SLC23A2	chr20	4852356	5010293	-0.0005827689728791822
SLC24A1	chr15	65611366	65660995	0.0005011003574818951
SLC24A4	chr14	92322581	92501483	-0.08132505423898645
SLC25A1	chr22	19175581	19178739	0.013127863213813222
SLC25A10	chr17	81712236	81721016	0.009892477408176966
SLC25A11	chr17	4937130	4940053	-0.09664423698070382
SLC25A13	chr7	96120220	96322147	0.01237720993829814
SLC25A17	chr22	40769630	40819399	-0.0033673850824723446
SLC25A31	chr4	127730400	127774292	-0.009430828969627918
SLC25A39	chr17	44319625	44324870	0.01956760265630175
SLC25A4	chr4	185143266	185150382	-8.575323636440421e-05
SLC25A40	chr7	87833568	87876360	0.02361533438366936
SLC26A2	chr5	149960758	149993455	-0.0005962277913897806
SLC26A3	chr7	107765467	107803225	0.00022043217152534913
SLC29A1	chr6	44219553	44234142	0.004187942225050373
SLC29A3	chr10	71319259	71381423	0.00031105841972587744
SLC2A1	chr1	42925375	42958868	0.05196342837794612
SLC2A2	chr3	170996347	171026743	0.00022161827416828826
SLC2A3	chr12	7919230	7936187	-0.06950850039127196
SLC2A4	chr17	7281718	7288257	-0.0831837900968406
SLC2A4RG	chr20	63739776	63744050	-2.9782016404695846e-05
SLC2A9	chr4	9771153	10054936	-0.13004131408159444
SLC30A7	chr1	100896076	100981757	0.0005739060561435618
SLC30A8	chr8	116950273	117176714	0.003194944585899933
SLC35E1	chr19	16549831	16572415	0.008840247738418376
SLC35G2	chr3	136818647	136855888	-4.961949320535454e-05
SLC37A4	chr11	119024114	119030906	-0.006122775933771628
SLC38A7	chr16	58665109	58684770	0.01030756366400854
SLC39A11	chr17	72645949	73092712	0.0008409202013293028
SLC39A8	chr4	102251041	102431258	-0.07936724775730437
SLC39A9	chr14	69398015	69462390	-0.07266452118779655
SLC3A1	chr2	44275458	44321494	0.00031110884704675125
SLC3A2	chr11	62856102	62888875	0.0017269024335820778
SLC40A1	chr2	189560579	189583758	0.0003384719219201136
SLC43A2	chr17	1569267	1628886	-0.09771096176374078
SLC4A1	chr17	44248390	44268141	0.01956760265630175
SLC4A1AP	chr2	27663471	27694976	0.0006508387604871469
SLC5A1	chr22	32043261	32113029	-0.0001650329339043002
SLC5A2	chr16	31483002	31490860	0.0011365189923910432
SLC5A3	chr21	34073578	34106260	-0.0004919134136229591
SLC5A5	chr19	17871945	17895174	0.001261485372987262
SLC5A7	chr2	107986523	108013994	-0.00020503510995936638
SLC6A1	chr3	10992186	11039247	-0.14557824934984856
SLC6A12	chr12	190077	214570	-0.029111438765546456
SLC6A17	chr1	110150494	110202202	0.0006559449915593991
SLC6A2	chr16	55655604	55706192	0.0015930165906617704
SLC6A3	chr5	1392794	1445440	0.008541772995529861
SLC6A4	chr17	30194319	30236002	0.00038603625037614704
SLC6A5	chr11	20599400	20659285	0.00042123636307598975
SLC6A9	chr1	43991500	44031467	0.05196342837794612
SLC7A11	chr4	138164097	138242349	-0.00494972532125631
SLC7A5	chr16	87830023	87869507	0.019725674801881296
SLC7A7	chr14	22773222	22829820	-0.007222248875806015
SLC9A1	chr1	27098809	27166981	0.000777844687109851
SLC9A3	chr5	470456	524449	0.008541772995529861
SLC9A3R1	chr17	74748628	74769353	0.0015271212748442238
SLC9A3R2	chr16	2025356	2039026	0.0076711826891900075
SLCO1B1	chr12	21131194	21239796	-0.019128248055308644
SLCO1B3	chr12	20810702	20916911	-0.019128248055308644
SLCO1C1	chr12	20695355	20753386	-0.019128248055308644
SLCO2B1	chr11	75100563	75206549	9.71009611571417e-05
SLFN11	chr17	35350305	35373701	0.0967543444528365
SLFN5	chr17	35243071	35273655	0.0967543444528365
SLIT2	chr4	20251905	20620561	-0.12133224495448075
SLIT3	chr5	168661733	169301129	-0.00716110184528025
SLITRK1	chr13	83877205	83882393	-0.007268806026474949
SLITRK2	chrX	145817832	145829856	
SLITRK4	chrX	143622790	143636101	
SLITRK5	chr13	87672615	87696272	-0.007268806026474949
SLMAP	chr3	57755450	57930003	-0.034581866126714336
SMAD1	chr4	145481194	145559176	-0.002289617241669375
SMAD2	chr18	47808957	47931146	-0.03381473962030213
SMAD3	chr15	67063763	67195169	0.0005011003574818951
SMAD4	chr18	51028394	51085045	-0.03381473962030213
SMAD7	chr18	48919853	48952052	-0.03381473962030213
SMAP2	chr1	40344850	40423326	0.04020297401217017
SMARCA1	chrX	129446501	129523500	
SMARCA2	chr9	1980290	2193624	-0.12086401876169456
SMARCA4	chr19	10960825	11079426	0.02890830333847734
SMARCA5	chr4	143513702	143557486	-0.00494972532125631
SMARCAD1	chr4	94207611	94291292	-0.08924705924435848
SMARCAL1	chr2	216412414	216483053	0.03647947861261257
SMARCB1	chr22	23786931	23838008	0.0016049039426985318
SMARCC1	chr3	47585269	47782106	-0.038138960032055386
SMARCE1	chr17	40624962	40648654	0.14850357945176026
SMC1A	chrX	53374149	53422728	
SMC3	chr10	110567691	110604636	-0.0034312916843590516
SMC4	chr3	160399274	160434954	0.00022161827416828826
SMCHD1	chr18	2655738	2805017	-0.029405424639585172
SMN1	chr5	70925030	70953942	0.0003661442890861914
SMN2	chr5	70049612	70078522	0.0003661442890861914
SMO	chr7	129188633	129213545	3.6567375335077536e-05
SMOC1	chr14	69854131	70032366	-0.07266452118779655
SMOC2	chr6	168441151	168673445	
SMOX	chr20	4120980	4187747	-0.0013010007569408417
SMPD1	chr11	6390440	6394998	0.0005403327151397394
SMPD3	chr16	68358327	68448508	0.01358975238224288
SMPDL3B	chr1	27935000	27959157	0.0014289949103799284
SMTN	chr22	31064105	31104757	-0.00016659799599544025
SMURF1	chr7	99027438	99144100	0.0033934197286916647
SMURF2	chr17	64542282	64662307	0.0005195564121448308
SMYD3	chr1	245749342	246507312	0.13960872772036745
SNAI1	chr20	49982980	49988886	-0.000336274174793978
SNAI2	chr8	48917598	48921740	0.00017883905557302356
SNAP23	chr15	42491233	42545356	0.002494240172503986
SNAP25	chr20	10218830	10307418	-0.0004207955747306463
SNAP47	chr1	227728539	227781231	0.07395991750218409
SNCA	chr4	89700345	89838315	-0.08924705924435848
SND1	chr7	127652194	128092609	6.73725576128317e-05
SNHG1	chr11	62851984	62855953	0.0017269024335820778
SNHG11	chr20	38446343	38450940	-0.0001926930305975184
SNHG15	chr7	44983023	44986961	0.0002773504219891991
SNHG17	chr20	38419638	38435409	-0.0001926930305975184
SNHG8	chr4	118278709	118285316	-0.02999896749594418
SNRNP200	chr2	96274338	96321271	-5.285337936843565e-05
SNRPB	chr20	2461634	2470853	-0.0013010007569408417
SNRPD1	chr18	21612314	21633524	-0.03381473962030213
SNRPD3	chr22	24555958	24582052	0.0016049039426985318
SNTB1	chr8	120535745	120813273	0.008026174640372587
SNTB2	chr16	69187129	69309052	0.01358975238224288
SNTG2	chr2	950849	1367613	0.0011069364036231303
SNURF	chr15	24954986	24977850	0.004588924611061515
SNX1	chr15	64094123	64146090	0.0015568326008209817
SNX10	chr7	26291895	26374329	-0.0001702444357241841
SNX11	chr17	48103357	48123074	0.055925875743425474
SNX15	chr11	65027439	65040572	0.007507225461540621
SNX16	chr8	81799581	81842866	0.000318216303090948
SNX17	chr2	27370496	27377535	0.0006508387604871469
SNX19	chr11	130875436	130916509	-0.0010996818445793187
SNX27	chr1	151612006	151699091	0.004051103958096159
SNX29	chr16	11976734	12574287	0.0013526902526049963
SNX30	chr9	112750760	112881671	0.0015528432279981355
SNX33	chr15	75647906	75662301	7.468911372748236e-05
SNX4	chr3	125446650	125520202	-4.6802366466423495e-05
SNX8	chr7	2251770	2354318	-4.729841684267593e-05
SOAT1	chr1	179293714	179358680	-0.0023899609050197826
SOCS1	chr16	11254408	11256204	0.0024196002195725906
SOCS2	chr12	93569814	93583487	2.240002122937098e-05
SOCS3	chr17	78356778	78360077	0.005546386178568871
SOD1	chr21	31659622	31668931	-0.0004919134136229591
SOD3	chr4	24789912	24800842	-0.12133224495448075
SOHLH2	chr13	36168217	36214588	-0.02203826786417181
SORCS1	chr10	106573663	107164534	-0.0009113920687774904
SORCS2	chr4	7192538	7742836	-0.13004131408159444
SORD	chr15	45023181	45077185	0.003103282238128842
SORL1	chr11	121452314	121633763	-0.00449460763659401
SORT1	chr1	109309568	109397918	0.0006559449915593991
SOS1	chr2	38981549	39124345	0.00031110884704675125
SOST	chr17	43753738	43758791	0.04205552195059332
SOSTDC1	chr7	16461481	16530580	-0.00026868920080740685
SOX1	chr13	112067149	112071706	-0.0045872845668024
SOX10	chr22	37970686	37987422	-0.00046724729277857445
SOX11	chr2	5692384	5701385	0.0011069364036231303
SOX14	chr3	137764315	137766334	3.1363944314348633e-06
SOX17	chr8	54457935	54460892	5.9424233657386705e-05
SOX18	chr20	64047582	64049639	-2.9782016404695846e-05
SOX2	chr3	181711925	181714436	0.0006244303440802904
SOX2-OT	chr3	180989762	181836880	0.0003967077982037563
SOX21	chr13	94709622	94712545	-0.007268806026474949
SOX30	chr5	157625679	157671480	-0.0028293019144329146
SOX4	chr6	21593751	21598619	0.00019662951581001786
SOX5	chr12	23529504	24562544	-0.019128248055308644
SOX6	chr11	15966449	16739591	0.00039305162882094546
SOX8	chr16	981770	986979	0.013170713413434622
SOX9	chr17	72121020	72126416	0.0008409202013293028
SP1	chr12	53380176	53416446	2.276256388756982e-05
SP100	chr2	230415942	230545606	0.03235524370282734
SP110	chr2	230167293	230225729	0.053689149996191114
SP140	chr2	230203110	230313215	0.053689149996191114
SP3	chr2	173880850	173965702	2.7187785413258078e-05
SP9	chr2	174334954	174338500	2.7187785413258078e-05
SPA17	chr11	124673798	124697518	-0.00449460763659401
SPAAR	chr9	35909490	35937153	-0.0661003098837146
SPAG1	chr8	100157906	100259278	0.0010538214892235856
SPAG17	chr1	117953590	118185228	0.0004990616359780521
SPAG5	chr17	28577565	28599025	0.00038603625037614704
SPAG6	chr10	22345445	22454224	-0.004173867097552244
SPAG8	chr9	35808045	35812272	-0.0661003098837146
SPANXB1	chrX	141002594	141003706	
SPART	chr13	36301638	36370180	-0.02203826786417181
SPATA16	chr3	172889357	173141235	0.0003967077982037563
SPATA18	chr4	52051304	52097299	-0.10385182409368528
SPATA22	chr17	3440019	3513852	-0.09339503926227377
SPATA4	chr4	176184579	176195585	-8.575323636440421e-05
SPATA5	chr4	122923078	123319433	-0.009430828969627918
SPATA5L1	chr15	45402336	45421415	0.003103282238128842
SPATS2	chr12	49366584	49527424	-0.00017525960290996431
SPATS2L	chr2	200305881	200482264	0.003669322906443456
SPDYA	chr2	28782517	28850611	0.0006508387604871469
SPECC1	chr17	20009344	20319026	-8.797099307625445e-05
SPECC1L	chr22	24270817	24417739	0.0016049039426985318
SPHK1	chr17	76376584	76387860	0.003162425782313197
SPI1	chr11	47354860	47378576	0.0005550965363730477
SPIB	chr19	50418938	50431314	0.00024245146391721717
SPICE1	chr3	113442718	113515187	-0.0004695229025423783
SPIN1	chr9	88388430	88478694	-0.012662156586271723
SPIN2A	chrX	57134530	57137625	
SPIN3	chrX	56818298	56995827	
SPINK7	chr5	148312419	148315922	-7.430581050845983e-05
SPN	chr16	29662979	29670876	0.0007237163116299317
SPO11	chr20	57329803	57343994	-0.00024289513238184648
SPOCK1	chr5	136975298	137598379	0.0013490207609171442
SPON1	chr11	13962723	14268133	0.0003643558844173163
SPON2	chr4	1166932	1208962	-0.13543776502304397
SPP1	chr4	87975650	87983426	-0.09024349304344671
SPPL2A	chr15	50702266	50765709	0.003396337514813386
SPRY2	chr13	80335976	80341126	-0.007268806026474949
SPRYD7	chr13	49912702	49936490	-0.011062722026995882
SPTA1	chr1	158610704	158686715	-0.0046171018609826465
SPTBN1	chr2	54456317	54671446	0.00013370561209632298
SPZ1	chr5	80319625	80321842	0.0003868854199734932
SQLE	chr8	124998497	125022283	0.008026174640372587
SQSTM1	chr5	179806398	179838078	-0.00156094931121706
SRA1	chr5	140537340	140558252	0.00034501102998870276
SRC	chr20	37344685	37406050	-0.00019598363105757823
SRCAP	chr16	30698209	30741409	0.0007675638341198598
SRCIN1	chr17	38530031	38605952	0.15987255528592378
SRD5A1	chr5	6633427	6674386	0.005386741082788252
SRD5A2	chr2	31522480	31580938	0.000544388298365933
SRD5A3	chr4	55346242	55373100	-0.10385182409368528
SREBF1	chr17	17810399	17837011	-0.00029845357458371027
SREBF2	chr22	41833079	41907307	-0.0018171933487532788
SRF	chr6	43171269	43181506	0.0019089376526115127
SRFBP1	chr5	121961975	122075570	0.0019488247956638896
SRI	chr7	88205118	88226993	0.02361533438366936
SRPK1	chr6	35832966	35921342	0.00018092631164101414
SRPX	chrX	38149336	38220924	
SRSF1	chr17	58000919	58007346	0.01803529299547653
SRSF2	chr17	76734115	76737374	0.003162425782313197
SRY	chrY	2786855	2787682	
SS18	chr18	26016253	26091217	-0.03381473962030213
SSB	chr2	169791933	169812064	2.7187785413258078e-05
SSBP3	chr1	54225432	54413479	0.011277118241627561
SSRP1	chr11	57325986	57335892	0.0005550965363730477
SSTR1	chr14	38207904	38213067	-0.005458685290380866
SSTR2	chr17	73165010	73176633	0.0008409202013293028
SSTR3	chr22	37204237	37212477	-0.00046724729277857445
SSTR4	chr20	23035386	23036812	-0.00033093272859305436
SSTR5	chr16	1078781	1080142	0.013170713413434622
SSX1	chrX	48255317	48267444	
SSX2	chrX	52696896	52707189	
SSX2IP	chr1	84643707	84690803	0.00042704823914014586
SSX4	chrX	48383516	48393347	
ST14	chr11	130159782	130210362	-0.0010996818445793187
ST6GAL1	chr3	186930502	187078553	0.0008641157790360995
STAB1	chr3	52495338	52524495	-0.03990214767310227
STAC3	chr12	57243453	57251188	0.00017640539255839936
STAP1	chr4	67558727	67607337	-0.09515876225538379
STAR	chr8	38142700	38150992	0.00018892072028431134
STARD3	chr17	39637090	39664201	0.17930124314049634
STAT1	chr2	190908460	191020960	0.000960426168522652
STAT2	chr12	56341597	56360167	0.000113869904110443
STAT3	chr17	42313324	42388568	0.10463334982052944
STAT4	chr2	191029576	191151596	0.000960426168522652
STAT5A	chr17	42287547	42311943	0.10463334982052944
STAT5B	chr17	42199177	42276707	0.10463334982052944
STAT6	chr12	57095408	57132139	0.00017640539255839936
STAU1	chr20	49113339	49188367	-0.000336274174793978
STAU2	chr8	73420369	73747708	5.047327505746193e-06
STC2	chr5	173314713	173329503	-0.00716110184528025
STEAP1	chr7	90154456	90164829	0.02361533438366936
STEAP4	chr7	88270892	88306891	0.02361533438366936
STH	chr17	45999250	45999694	0.02591790497108404
STIL	chr1	47250139	47314147	0.03124479520221401
STIM1	chr11	3854527	4093210	0.0011608171382036139
STIM2	chr4	26857601	27025381	-0.11258455425653785
STK11	chr19	1177558	1228431	0.0006555979932898493
STK16	chr2	219245455	219250337	0.05646305699567348
STK3	chr8	98371228	98942827	0.0010538214892235856
STK31	chr7	23710203	23832513	-0.0002791836801827818
STK32A	chr5	147234963	147387855	-7.430581050845983e-05
STK32C	chr10	132207492	132331847	-0.08460334718759766
STK33	chr11	8391868	8594289	0.0005403327151397394
STK35	chr20	2101827	2177038	-0.0013010007569408417
STK38L	chr12	27243968	27325959	-0.0034828923766608943
STK39	chr2	167954020	168247595	3.715584279173508e-05
STK4	chr20	44966479	45080021	-0.0001576837495814946
STK40	chr1	36339624	36385896	0.020848399463453394
STMN1	chr1	25884181	25906991	0.0003731099274232452
STMN2	chr8	79610814	79666175	0.000318216303090948
STMN3	chr20	63639705	63657682	-2.9782016404695846e-05
STOML1	chr15	73978926	73994622	0.0003296311294962174
STRIP1	chr1	110031577	110074641	0.0006559449915593991
STRIP2	chr7	129434432	129488399	3.6567375335077536e-05
STRN3	chr14	30893799	31026401	-0.004081637882656571
STRN4	chr19	46719511	46746994	0.0004753199774616822
STS	chrX	7147237	7804358	
STUB1	chr16	680224	682870	0.013170713413434622
STX11	chr6	144150517	144191939	0.020430689065113222
STX1A	chr7	73699206	73719672	0.0013359829688630546
STX7	chr6	132445867	132513198	0.03271188110894906
STXBP4	chr17	54968727	55173632	0.06138244893997961
STXBP5	chr6	147204425	147390476	0.020430689065113222
STYK1	chr12	10618923	10674318	-0.04334391504790958
SUGCT	chr7	40134977	40860763	6.874616514815643e-05
SUGP2	chr19	18990888	19034023	0.00011517494160196627
SULF1	chr8	69466624	69660915	-2.9077859236749906e-05
SULF2	chr20	47656348	47786616	-0.0002644559529816326
SULT1A1	chr16	28605196	28623625	0.000703216421654597
SULT2A1	chr19	47870467	47886315	0.0005427902172196493
SUMO1	chr2	202206180	202238608	0.016602107157850505
SUMO4	chr6	149400262	149401278	0.020430689065113222
SUPV3L1	chr10	69180234	69209099	0.00031105841972587744
SURF6	chr9	133328776	133336188	0.1262471458481143
SUV39H1	chrX	48695554	48709012	
SV2C	chr5	76083383	76353939	0.0003868854199734932
SVEP1	chr9	110365248	110579880	0.0015528432279981355
SVIL	chr10	29457338	29736781	-0.004173867097552244
SWT1	chr1	185157080	185291781	-0.0004366405930479371
SYCP1	chr1	114854863	114995370	0.00032075283169663744
SYK	chr9	90801787	90898549	-0.002214471468870328
SYNCRIP	chr6	85607785	85643792	0.011931072450950287
SYNDIG1	chr20	24469629	24666616	-0.00033093272859305436
SYNE2	chr14	63761899	64226433	-0.03559514530806321
SYNGR3	chr16	1989660	1994275	0.0076711826891900075
SYNM	chr15	99098217	99135593	
SYNPO2	chr4	118850688	119061247	-0.02999896749594418
SYNRG	chr17	37514807	37609472	0.15987255528592378
SYP	chrX	49187804	49200259	
SYT16	chr14	61811974	62112550	-0.03559514530806321
SYTL2	chr11	85694224	85811159	-0.00024814774910539056
SYVN1	chr11	65121780	65134533	0.007507225461540621
TAB1	chr22	39399778	39437060	-0.0033673850824723446
TAB2	chr6	149218641	149411613	0.020430689065113222
TAC1	chr7	97732084	97740472	0.01237720993829814
TAC3	chr12	57010000	57028883	0.00017640539255839936
TAC4	chr17	49838309	49848017	0.07535126543253585
TACC2	chr10	121989163	122254545	-0.050259546627500436
TACR1	chr2	75046463	75199520	7.575779268146809e-05
TACR2	chr10	69403903	69416918	0.00031105841972587744
TACR3	chr4	103586031	103719985	-0.07936724775730437
TADA2A	chr17	37406886	37479725	0.15987255528592378
TAF1	chrX	71366239	71532374	
TAFA4	chr3	68731766	68953297	-0.025358627940254137
TAFA5	chr22	48489460	48850912	-0.0004463302749011595
TAL1	chr1	47216290	47232220	0.03124479520221401
TAL2	chr9	105662457	105663124	0.0002732261691292298
TANGO2	chr22	20017014	20067164	0.013127863213813222
TAP1	chr6	32845209	32853978	7.505368373103886e-05
TAP2	chr6	32821833	32838770	5.351353544756713e-05
TAPBP	chr6	33299694	33314387	7.505368373103886e-05
TARDBP	chr1	11012344	11026420	0.0011102918490641844
TAS2R38	chr7	141972631	141973773	8.898160696866219e-05
TASOR	chr3	56620133	56683237	-0.034581866126714336
TASOR2	chr10	5684838	5763740	-0.032771326480445666
TBC1D22B	chr6	37257772	37332970	0.00018092631164101414
TBC1D30	chr12	64780516	64881033	0.00011380248588039864
TBC1D8B	chrX	106802673	106876150	
TBCK	chr4	106041599	106316683	-0.07936724775730437
TBK1	chr12	64452092	64502114	0.0001584562263202007
TBL1Y	chrY	6910686	7101970	
TBL2	chr7	73567537	73578791	0.0013359829688630546
TBP	chr6	170554302	170572870	
TBR1	chr2	161416297	161425870	1.0182691168045107e-06
TBRG4	chr7	45100100	45112047	0.0002773504219891991
TBX15	chr1	118883046	118989556	0.0004990616359780521
TBX19	chr1	168280877	168314426	-0.017182168887364152
TBX2	chr17	61399843	61409466	0.0026461510323501957
TBX21	chr17	47733236	47746122	0.055925875743425474
TBX3	chr12	114670255	114684175	0.00017329537330035345
TBX4	chr17	61452404	61485110	0.0026461510323501957
TBX5	chr12	114353931	114408442	0.00017329537330035345
TBXA2R	chr19	3594507	3606875	0.0003760747592308218
TBXAS1	chr7	139777051	140020325	2.7583275680340674e-05
TC2N	chr14	91779746	91867536	-0.08132505423898645
TCAP	chr17	39665349	39666554	0.17930124314049634
TCEA3	chr1	23380909	23424748	0.0002534796543138907
TCEANC	chrX	13653189	13681964	
TCEANC2	chr1	54053584	54112519	0.011277118241627561
TCERG1L	chr10	131092391	131311721	-0.08460334718759766
TCF20	chr22	42160013	42343616	-0.0018171933487532788
TCF21	chr6	133889138	133895553	0.03271188110894906
TCF3	chr19	1609290	1652615	0.0006555979932898493
TCF4	chr18	55222185	55664787	-0.03381473962030213
TCF7	chr5	134114681	134151865	0.002963002185801527
TCF7L2	chr10	112950247	113167678	-0.0034312916843590516
TCFL5	chr20	62841005	62861822	-0.00017165610921548544
TCIM	chr8	40153482	40155310	0.00018892072028431134
TCL1A	chr14	95709947	95714196	-0.06720953592301034
TCOF1	chr5	150357629	150400308	-0.0005962277913897806
TCP1	chr6	159778498	159789703	0.002697462043891199
TDGF1	chr3	46574534	46582457	-0.038138960032055386
TDO2	chr4	155854738	155920406	-0.0010026307342515081
TDRD3	chr13	60396457	60573878	-0.009424855004045435
TDRD7	chr9	97412096	97496125	-0.00010822378975490355
TEC	chr4	48135783	48269838	-0.10639008306385227
TECPR1	chr7	98214624	98252232	0.0033934197286916647
TEDC1	chr14	105489855	105499575	-0.05453383912870634
TEFM	chr17	30897336	30906238	0.010672313811506386
TEK	chr9	27109141	27230174	-0.08977454922074052
TEKT1	chr17	6789133	6831761	-0.09502533670864402
TEKT3	chr17	15303811	15341632	-0.0016948967086537437
TEKT4	chr2	94871430	94876823	3.6650204618020156e-05
TELO2	chr16	1493344	1510457	0.0076711826891900075
TENT5B	chr1	27005020	27012850	0.000777844687109851
TENT5C	chr1	117606048	117628389	0.0004990616359780521
TERF1	chr8	73008864	73048123	5.047327505746193e-06
TERF2	chr16	69355567	69408571	0.01358975238224288
TERT	chr5	1253147	1295068	0.008541772995529861
TES	chr7	116210506	116258783	0.00010812442394252517
TESK2	chr1	45343883	45491163	0.049390758487010064
TET1	chr10	68560337	68694487	6.351525282950847e-05
TET2	chr4	105145875	105279816	-0.07936724775730437
TEX11	chrX	70528940	70908731	
TEX14	chr17	58556678	58692055	0.01803529299547653
TEX30	chr13	102765888	102773811	-0.00463512448314386
TEX35	chr1	178513109	178548602	-0.0023899609050197826
TFAM	chr10	58385345	58399220	-0.00010822042522412568
TFAP2A	chr6	10393186	10419659	-0.00014473675024242463
TFAP2B	chr6	50818723	50847619	0.004187942225050373
TFE3	chrX	49028726	49043410	
TFEB	chr6	41683978	41736259	0.0006825393872440679
TFPI	chr2	187464230	187565760	0.0003384719219201136
TFPI2	chr7	93885396	93890753	0.01237720993829814
TFR2	chr7	100620416	100642779	0.0006075267652087388
TFRC	chr3	196027183	196082096	0.000273025900581927
TG	chr8	132866958	133134903	0.010706999873066765
TGFA	chr2	70447284	70554193	9.615995443661535e-05
TGFB1	chr19	41301587	41353922	4.6450438081048194e-05
TGFB1I1	chr16	31471585	31477960	0.0011365189923910432
TGFB2	chr1	218345336	218444619	0.012707105603331733
TGFB3	chr14	75958099	75982991	-0.08500630126655599
TGFBR1	chr9	99104038	99154192	-0.00010822378975490355
TGFBR2	chr3	30606601	30694142	-0.09406176749711218
TGFBR3	chr1	91680343	91906335	0.00046837332385327163
TGM1	chr14	24249114	24264432	-0.00380276823861075
TGM2	chr20	38127385	38166578	-0.00019598363105757823
TGM3	chr20	2296001	2341079	-0.0013010007569408417
TGM4	chr3	44874608	44914990	-0.051547819139238144
TGM6	chr20	2380901	2432753	-0.0013010007569408417
TH	chr11	2163929	2171877	0.0028128049948089157
THAP11	chr16	67842320	67844195	0.009100296179279464
THAP2	chr12	71664301	71680644	3.762811691452807e-05
THAP3	chr1	6624866	6635586	0.0037400227849095987
THBD	chr20	23045633	23049672	-0.00033093272859305436
THBS1	chr15	39581079	39599466	0.004043780019024639
THBS2	chr6	169215780	169254044	
THEM6	chr8	142727223	142736927	0.0024332502558325063
THEMIS	chr6	127708072	127918631	0.03271188110894906
THEMIS2	chr1	27872543	27886685	0.0014289949103799284
THPO	chr3	184371935	184381968	0.0008641157790360995
THRA	chr17	40058290	40093867	0.17382638367056255
THRB	chr3	24117153	24495756	-0.11101832035667686
THSD4	chr15	71096952	71783383	0.0005011003574818951
THSD4-AS1	chr15	71147650	71189064	0.0005011003574818951
THUMPD3	chr3	9362971	9386791	-0.15802454912626523
THY1	chr11	119417378	119424985	-0.006122775933771628
THYN1	chr11	134248279	134253370	-0.0010996818445793187
TIAM1	chr21	31118416	31559977	-0.0004919134136229591
TIAM2	chr6	154832697	155257723	0.00887087449816526
TICAM1	chr19	4815932	4831704	0.00042994040518997746
TICAM2	chr5	115578650	115602479	0.0011284047209025895
TICRR	chr15	89575469	89631056	-0.000611215282787413
TIE1	chr1	43300982	43323108	0.05196342837794612
TIGD5	chr8	143597831	143603224	0.0024332502558325063
TIGIT	chr3	114276913	114310288	-0.0004695229025423783
TIMD4	chr5	156919292	156963226	-0.0028293019144329146
TIMM23B	chr10	49942049	49974850	-0.00010822042522412568
TIMM29	chr19	10928811	10933535	0.02890830333847734
TIMM50	chr19	39480412	39493785	2.5862359169178974e-05
TIMP2	chr17	78852977	78925387	0.005546386178568871
TIMP4	chr3	12153068	12158912	-0.14557824934984856
TINAG	chr6	54307859	54390142	0.007837123110607812
TINAGL1	chr1	31576485	31587686	0.002703013181809804
TIPARP	chr3	156673235	156706770	0.00020313163958505227
TIRAP	chr11	126283065	126298845	-0.0025993242248592827
TJP1	chr15	29699367	29968865	0.004588924611061515
TJP2	chr9	69121264	69274615	-0.04108948254634385
TK1	chr17	78174091	78187233	0.003162425782313197
TKT	chr3	53224712	53256052	-0.03990214767310227
TKTL1	chrX	154295795	154330350	
TLE6	chr19	2977538	2995179	0.0003760747592308218
TLK1	chr2	170990823	171231314	2.7187785413258078e-05
TLK2	chr17	62458658	62615481	0.0006450976308161934
TLR1	chr4	38790677	38856817	-0.11258455425653785
TLR10	chr4	38772238	38782990	-0.11258455425653785
TLR2	chr4	153684070	153705702	-0.0010026307342515081
TLR3	chr4	186069152	186088069	-8.575323636440421e-05
TLR4	chr9	117704175	117724735	0.012185361668547109
TLR5	chr1	223109404	223143248	0.03443925606753613
TLR6	chr4	38823715	38856817	-0.11258455425653785
TLR7	chrX	12867072	12890361	
TLR8	chrX	12906620	12923169	
TLR9	chr3	52221080	52226163	-0.0392042182116494
TM4SF5	chr17	4771884	4783213	-0.09664423698070382
TM6SF2	chr19	19264364	19273391	0.00011517494160196627
TM9SF4	chr20	32109714	32167258	-0.0003080128710065813
TMA16	chr4	163494442	163520539	-0.0010026307342515081
TMBIM4	chr12	66135846	66170072	0.00011380248588039864
TMC5	chr16	19410496	19499113	0.0009617560218162
TMEFF2	chr2	191949043	192194933	0.000960426168522652
TMEM100	chr17	55719627	55732121	0.06138244893997961
TMEM106B	chr7	12211270	12243367	-0.00026868920080740685
TMEM109	chr11	60914158	60923443	0.0007399777444848059
TMEM119	chr12	108589851	108598320	-1.4710326879244473e-05
TMEM120B	chr12	121712752	121783001	0.0006123650542522869
TMEM123	chr11	102396332	102470384	-0.007125414384012746
TMEM126A	chr11	85647967	85656547	-0.00024814774910539056
TMEM130	chr7	98846488	98870771	0.0033934197286916647
TMEM14C	chr6	10722915	10731129	-0.00014473675024242463
TMEM164	chrX	110002631	110182734	
TMEM185A	chrX	149596556	149631912	
TMEM192	chr4	165070608	165208549	-0.0004724715012503752
TMEM200A	chr6	130365734	130443063	0.03271188110894906
TMEM201	chr1	9588911	9614877	0.0021068366157584563
TMEM209	chr7	130164713	130207770	3.6567375335077536e-05
TMEM237	chr2	201620184	201643570	0.016602107157850505
TMEM33	chr4	41935129	41960803	-0.10639008306385227
TMEM39A	chr3	119428949	119468830	-0.0004695229025423783
TMEM43	chr3	14124940	14143679	-0.12985314947077853
TMEM45A	chr3	100492619	100577444	-0.010707034398929586
TMEM45B	chr11	129815848	129860003	-0.0010996818445793187
TMEM97	chr17	28319200	28328685	-8.797099307625445e-05
TMEM98	chr17	32927910	32945106	0.010672313811506386
TMEM9B	chr11	8947202	8965011	0.0005403327151397394
TMIGD2	chr19	4292232	4302431	0.00042994040518997746
TMPO	chr12	98515512	98550379	2.6482969706054517e-05
TMPRSS11E	chr4	68447463	68497604	-0.09515876225538379
TMPRSS13	chr11	117900641	117929459	-0.007050972372759938
TMPRSS2	chr21	41464305	41531116	-0.0004919134136229591
TMPRSS6	chr22	37065436	37109713	-0.00046724729277857445
TMTC3	chr12	88142296	88199887	2.240002122937098e-05
TMTC4	chr13	100603927	100675093	-0.00463512448314386
TMUB2	chr17	44186970	44191929	0.01956760265630175
TMX1	chr14	51240162	51257655	-0.00889636089853597
TMX2	chr11	57712593	57740973	0.000636943795567946
TNC	chr9	115019575	115118257	0.0015528432279981355
TNF	chr6	31575565	31578336	3.978565542470945e-06
TNFAIP8	chr5	119268692	119399688	0.0011284047209025895
TNFRSF10A	chr8	23190452	23225102	-6.835300857451329e-05
TNFRSF10B	chr8	23020133	23069031	-6.835300857451329e-05
TNFRSF10C	chr8	23102590	23117437	-6.835300857451329e-05
TNFRSF10D	chr8	23135588	23164027	-6.835300857451329e-05
TNFRSF11A	chr18	62325287	62391288	-0.03381473962030213
TNFRSF11B	chr8	118923557	118951885	0.008026174640372587
TNFRSF12A	chr16	3018445	3022383	0.004755963562036013
TNFRSF13B	chr17	16929816	16972118	-0.00029845357458371027
TNFRSF13C	chr22	41922023	41926818	-0.0018171933487532788
TNFRSF14	chr1	2555639	2565382	0.005415208816122133
TNFRSF17	chr16	11965210	11968068	0.0013526902526049963
TNFRSF18	chr1	1203508	1206592	0.005415208816122133
TNFRSF1A	chr12	6328757	6342114	-0.05197670831832469
TNFRSF1B	chr1	12166991	12209228	0.000641076214575656
TNFRSF21	chr6	47231532	47309905	0.004187942225050373
TNFRSF6B	chr20	63696652	63698684	-2.9782016404695846e-05
TNFRSF8	chr1	12063303	12144207	0.000641076214575656
TNFRSF9	chr1	7915894	7943165	0.0021068366157584563
TNFSF10	chr3	172505508	172523475	0.0003967077982037563
TNFSF11	chr13	42562736	42608013	-0.014834279020482018
TNFSF12	chr17	7549058	7557890	-0.0831837900968406
TNFSF13	chr17	7558292	7561608	-0.050358427928358436
TNFSF13B	chr13	108251240	108308484	-0.0045872845668024
TNFSF14	chr19	6661253	6670588	0.0008890449453730467
TNFSF15	chr9	114784652	114806039	0.0015528432279981355
TNFSF18	chr1	173039960	173050963	-0.00844705524627609
TNFSF4	chr1	173183731	173207331	-0.00844705524627609
TNFSF8	chr9	114893343	114930595	0.0015528432279981355
TNFSF9	chr19	6531026	6535924	0.0008890449453730467
TNIP1	chr5	151029945	151093577	-0.0028293019144329146
TNK2	chr3	195863364	195911945	0.000273025900581927
TNKS	chr8	9555912	9782346	-0.00038707180952460594
TNMD	chrX	100584936	100599885	
TNNI3	chr19	55151767	55157773	-0.02127600088982327
TNNT2	chr1	201359008	201377764	4.5618617177241594e-05
TNPO3	chr7	128954180	129055173	6.73725576128317e-05
TNR	chr1	175315194	175743616	-0.0023899609050197826
TNS2	chr12	53046969	53064372	-7.851452747788239e-05
TNXB	chr6	32041153	32115334	5.351353544756713e-05
TOLLIP	chr11	1274371	1309654	0.0028128049948089157
TOM1L2	chr17	17843511	17972422	-0.00029845357458371027
TOMM34	chr20	44942130	44960397	-0.0001576837495814946
TOMM40	chr19	44890569	44903689	5.298845638138706e-05
TONSL	chr8	144428775	144444440	
TOP1	chr20	41028822	41124487	-0.0001926930305975184
TOP1MT	chr8	143304384	143359979	0.0024332502558325063
TOP2A	chr17	40388525	40417896	0.17382638367056255
TOP2B	chr3	25597905	25664907	-0.11101832035667686
TOP3B	chr22	21957025	21982816	0.005238773645112168
TOPBP1	chr3	133598175	133662380	-4.961949320535454e-05
TOR1A	chr9	129812942	129824244	0.05472078756268738
TOR3A	chr1	179082070	179098023	-0.0023899609050197826
TOX	chr8	58805412	59119147	5.9424233657386705e-05
TOX2	chr20	43914852	44069616	-0.0001926930305975184
TOX4	chr14	21476597	21499175	-0.007222248875806015
TP53	chr17	7661779	7687550	-0.050358427928358436
TP53BP1	chr15	43403061	43510728	0.002494240172503986
TP53BP2	chr1	223779893	223845954	0.03443925606753613
TP63	chr3	189631389	189897276	0.000763830438812138
TP73	chr1	3652516	3736201	0.0037400227849095987
TPBG	chr6	82363206	82370828	0.011931072450950287
TPCN1	chr12	113221050	113298585	0.00017329537330035345
TPH1	chr11	18017564	18042426	0.00039305162882094546
TPH2	chr12	71938845	72186618	3.762811691452807e-05
TPM1	chr15	63042632	63071915	0.0015568326008209817
TPMT	chr6	18128311	18155077	0.00013478833979989235
TPPP	chr5	659862	693352	0.008541772995529861
TPPP3	chr16	67389809	67393518	0.009100296179279464
TPTE	chr21	10521553	10606140	-0.0004919134136229591
TPX2	chr20	31739271	31801805	-0.0003080128710065813
TRAC	chr14	22547506	22552156	-0.007222248875806015
TRAF1	chr9	120902393	120929173	0.012185361668547109
TRAF2	chr9	136881912	136926607	0.14757171828843765
TRAF3	chr14	102777449	102911500	-0.05453383912870634
TRAF3IP2	chr6	111555381	111606906	0.026950898656687563
TRAF3IP3	chr1	209756032	209782320	0.00596049177159256
TRAF4	chr17	28744005	28750956	0.00038603625037614704
TRAF5	chr1	211326615	211374946	0.00596049177159256
TRAF6	chr11	36483769	36510272	0.000497399835179321
TRAFD1	chr12	112125538	112153604	2.481329132138371e-06
TRAP1	chr16	3651639	3717553	0.004755963562036013
TRDC	chr14	22462932	22465787	-0.007222248875806015
TREM1	chr6	41267926	41286682	0.0006825393872440679
TREM2	chr6	41158506	41163186	0.0006825393872440679
TREML2	chr6	41189749	41201149	0.0006825393872440679
TREX1	chr3	48465811	48467645	-0.038138960032055386
TREX2	chrX	153444720	153470587	
TRH	chr3	129974688	129977935	-4.6802366466423495e-05
TRHR	chr8	109086621	109119584	0.003194944585899933
TRIB1	chr8	125430358	125438403	0.008026174640372587
TRIB2	chr2	12716889	12742734	0.000914035748314104
TRIB3	chr20	362835	397559	-0.0014900675207223041
TRIM21	chr11	4384897	4393702	0.0011608171382036139
TRIM23	chr5	65589690	65625975	0.0006587734706454372
TRIM25	chr17	56836387	56914080	0.06138244893997961
TRIM27	chr6	28903002	28923988	0.00010059273239843745
TRIM28	chr19	58544064	58550722	
TRIM47	chr17	75874164	75878581	0.003162425782313197
TRIM5	chr11	5663195	5938619	0.0005403327151397394
TRIM55	chr8	66126896	66175485	-2.9077859236749906e-05
TRIM65	chr17	75880335	75896951	0.003162425782313197
TRIM66	chr11	8612037	8682694	0.0005403327151397394
TRIM67	chr1	231162112	231221556	0.07395991750218409
TRIP13	chr5	892884	919357	0.008541772995529861
TRMT1L	chr1	185118101	185157072	-0.0004366405930479371
TRMT2A	chr22	20111875	20117392	0.005238773645112168
TRO	chrX	54920462	54931431	
TRPA1	chr8	72019917	72075584	5.047327505746193e-06
TRPC1	chr3	142724034	142807888	3.1363944314348633e-06
TRPC3	chr4	121874481	121952060	-0.009430828969627918
TRPC4	chr13	37636636	37870425	-0.02203826786417181
TRPC5	chrX	111774315	112082776	
TRPC6	chr11	101451564	101872562	-0.007125414384012746
TRPC7	chr5	136213320	136365545	0.0013490207609171442
TRPM1	chr15	31001061	31161273	0.004588924611061515
TRPM2	chr21	44350163	44443081	-0.0004919134136229591
TRPM3	chr9	70529063	71446904	-0.04108948254634385
TRPM4	chr19	49157741	49211836	0.0005090292648720886
TRPM6	chr9	74722495	74888094	-0.012662156586271723
TRPM7	chr15	50552473	50686797	0.003396337514813386
TRPM8	chr2	233917373	234019522	0.00869518892229871
TRPS1	chr8	115408496	115809673	0.003194944585899933
TRPV1	chr17	3565444	3609411	-0.09339503926227377
TRPV4	chr12	109783085	109833401	2.481329132138371e-06
TRPV6	chr7	142871208	142885745	8.898160696866219e-05
TRRAP	chr7	98877933	99050831	0.0033934197286916647
TRUB1	chr10	114938195	114977676	-0.01633029471607391
TSBP1	chr6	32288526	32371912	5.351353544756713e-05
TSC1	chr9	132891348	132946874	0.08989715278363561
TSC2	chr16	2047967	2089491	0.0076711826891900075
TSC22D2	chr3	150408335	150466431	0.00010377308115007898
TSG101	chr11	18468336	18526951	0.00042123636307598975
TSHR	chr14	80954989	81146302	-0.0869916729804872
TSHZ1	chr18	75210755	75289950	-0.04047245549436178
TSHZ2	chr20	52972358	53495330	-0.00024289513238184648
TSLP	chr5	111070062	111078026	0.0011284047209025895
TSNAXIP1	chr16	67806765	67832148	0.009100296179279464
TSPAN10	chr17	81637171	81648749	0.009892477408176966
TSPAN12	chr7	120787320	120858402	0.00010812442394252517
TSPAN13	chr7	16753755	16784536	-0.00026868920080740685
TSPAN14	chr10	80454166	80533124	7.908439244892513e-05
TSPAN18	chr11	44726465	44932423	0.000497399835179321
TSPAN3	chr15	77041404	77083984	-9.404975875612471e-05
TSPAN31	chr12	57738013	57750219	0.0001584562263202007
TSPAN4	chr11	842812	867116	0.004814412165801134
TSPAN7	chrX	38561370	38688920	
TSPAN8	chr12	71125085	71441898	3.762811691452807e-05
TSPAN9	chr12	3077355	3286564	-0.029111438765546456
TSPO	chr22	43151547	43163242	-0.0018171933487532788
TSPOAP1	chr17	58301228	58328795	0.01803529299547653
TSPY1	chrY	9466955	9469749	
TSPYL5	chr8	97273488	97277928	0.000569577304024539
TSSC4	chr11	2400488	2403878	0.0011608171382036139
TSSK1B	chr5	113432553	113434989	0.0011284047209025895
TSSK3	chr1	32351521	32364312	0.007090505912763734
TTC12	chr11	113314529	113383544	-0.00712746846657141
TTC23	chr15	99136323	99251223	
TTC23L	chr5	34838833	34899456	0.002921602584131437
TTC4	chr1	54715861	54742657	0.011277118241627561
TTC9C	chr11	62728069	62740293	0.0010815157196392648
TTI1	chr20	37983007	38033461	-0.00019598363105757823
TTK	chr6	80003887	80042527	0.011931072450950287
TTPA	chr8	63048553	63086053	5.9424233657386705e-05
TUBA4A	chr2	219249710	219278170	0.05646305699567348
TUBB	chr6	30720352	30725426	3.6332272243724896e-05
TUBB2A	chr6	3153666	3157544	-2.7001233954606018e-05
TUBB2B	chr6	3224277	3231730	-2.7001233954606018e-05
TUBB3	chr16	89921392	89938761	
TUBB4A	chr19	6494319	6502848	0.0008890449453730467
TUBB6	chr18	12307669	12344320	-0.03381473962030213
TUBD1	chr17	59859479	59892945	0.01803529299547653
TUBG1	chr17	42609683	42615238	0.10463334982052944
TUFM	chr16	28842411	28846348	0.0007237163116299317
TUSC2	chr3	50320027	50328251	-0.0392042182116494
TWIST1	chr7	19020991	19117636	-0.0002791836801827818
TWIST2	chr2	238848032	238910534	
TWSG1	chr18	9334767	9402420	-0.029405424639585172
TXK	chr4	48066393	48134250	-0.10639008306385227
TXNDC16	chr14	52430596	52552522	-0.00889636089853597
TXNDC9	chr2	99318982	99340702	-5.285337936843565e-05
TXNRD1	chr12	104215779	104350307	2.4294260196879936e-05
TYK2	chr19	10350529	10380572	0.02192428639306544
TYMP	chr22	50525752	50530032	-0.0004463302749011595
TYMS	chr18	657653	673578	-0.029405424639585172
TYRO3	chr15	41557675	41583589	0.002494240172503986
U2AF1	chr21	43092956	43107587	-0.0004919134136229591
U2AF2	chr19	55654146	55674715	-0.02127600088982327
UBA1	chrX	47190861	47215128	
UBAP2	chr9	33921693	34048949	-0.08977454922074052
UBAP2L	chr1	154220179	154271510	0.0033458577655039426
UBASH3A	chr21	42403447	42447684	-0.0004919134136229591
UBASH3B	chr11	122655722	122814473	-0.00449460763659401
UBD	chr6	29555515	29559732	0.00010059273239843745
UBE2C	chr20	45812576	45816957	-0.0002644559529816326
UBE2D1	chr10	58334979	58370751	-0.00010822042522412568
UBE2D2	chr5	139526431	139628434	0.00034501102998870276
UBE2D3	chr4	102794383	102868896	-0.07936724775730437
UBE2I	chr16	1308880	1327018	0.0076711826891900075
UBE2L3	chr22	21549447	21624034	0.005238773645112168
UBE2T	chr1	202331657	202341980	0.00010796952266883792
UBE3A	chr15	25333728	25439051	0.004588924611061515
UBE4B	chr1	10032832	10181239	0.0021068366157584563
UBR3	chr2	169827454	170084131	2.7187785413258078e-05
UBR5	chr8	102252273	102412759	0.0010538214892235856
UBTF	chr17	44205033	44221626	0.01956760265630175
UCA1	chr19	15828206	15836328	0.008840247738418376
UCHL1	chr4	41256413	41268455	-0.10639008306385227
UCN	chr2	27307400	27308445	0.0006508387604871469
UCP2	chr11	73974672	73983246	9.71009611571417e-05
UEVLD	chr11	18529609	18588747	0.00042123636307598975
UFC1	chr1	161152776	161158856	-0.026093719491998346
UGDH	chr4	39498755	39528311	-0.11258455425653785
UGT1A1	chr2	233760270	233773300	0.00869518892229871
UGT1A4	chr2	233718778	233773299	0.00869518892229871
UGT1A9	chr2	233671898	233773300	0.00869518892229871
UGT2B17	chr4	68537184	68568527	-0.09515876225538379
UGT2B7	chr4	69051363	69112987	-0.09515876225538379
UHRF1	chr19	4903080	4962154	0.00042994040518997746
ULBP2	chr6	149942014	149949235	0.00887087449816526
ULK1	chr12	131894622	131923150	
ULK2	chr17	19770829	19867936	-8.797099307625445e-05
UMOD	chr16	20333052	20356301	0.0009617560218162
UMPS	chr3	124730433	124749273	-4.6802366466423495e-05
UNC119	chr17	28546708	28552631	0.00038603625037614704
UNC13A	chr19	17601328	17688365	0.001261485372987262
UNC45A	chr15	90930180	90954093	-0.0022121996890148905
UNC5A	chr5	176810519	176880898	-0.004553560483529834
UNG	chr12	109097574	109110992	-1.4710326879244473e-05
UPF1	chr19	18831938	18868236	0.00011517494160196627
UPK1A	chr19	35666516	35678483	8.397444375947614e-06
UPK2	chr11	118925164	118958559	-0.006122775933771628
UPK3A	chr22	45284949	45295874	-0.0018171933487532788
UPK3B	chr7	76510428	76516521	0.020501558681540456
UQCC1	chr20	35302566	35412031	-0.0002779070822181201
UQCC3	chr11	62670273	62673686	0.0010815157196392648
URB1	chr21	32311018	32393012	-0.0004919134136229591
URGCP	chr7	43875894	43926411	6.874616514815643e-05
USF1	chr1	161039251	161045977	-0.026093719491998346
USP10	chr16	84699978	84779922	0.019725674801881296
USP11	chrX	47232866	47248328	
USP27X	chrX	49879484	49882558	
USP29	chr19	57119138	57131926	-0.02127600088982327
USP32	chr17	60177327	60422470	0.0026461510323501957
USP38	chr4	143184917	143223874	-0.00494972532125631
USP5	chr12	6852128	6866632	-0.067834381043737
USP53	chr4	119212587	119295517	-0.02999896749594418
USP6	chr17	5116032	5175034	-0.09664423698070382
USP7	chr16	8892097	8975328	0.0024196002195725906
USP9Y	chrY	12537650	12860839	
UTP23	chr8	116766505	116849463	0.003194944585899933
UTRN	chr6	144285701	144853034	0.020430689065113222
UTS2	chr1	7843083	7853512	0.0037400227849095987
VAMP3	chr1	7771296	7781432	0.0037400227849095987
VAMP5	chr2	85584431	85593406	7.575779268146809e-05
VAPB	chr20	58389229	58451101	-0.00017165610921548544
VASP	chr19	45506579	45526983	0.0002678663191804061
VAV1	chr19	6772708	6857366	0.0008890449453730467
VAV3	chr1	107571161	107965180	0.0005739060561435618
VAX1	chr10	117128521	117138301	-0.01633029471607391
VCAM1	chr1	100719742	100739045	0.0005739060561435618
VCL	chr10	73995193	74121363	0.00019179728085799943
VDAC1	chr5	133971871	134004975	0.002963002185801527
VDAC2	chr10	75210154	75231448	7.908439244892513e-05
VDR	chr12	47841537	47943048	-0.0005779008786248526
VEGFA	chr6	43770184	43786487	0.004187942225050373
VEGFB	chr11	64234538	64238793	0.003685000769892627
VEGFC	chr4	176683538	176792922	-8.575323636440421e-05
VEGFD	chrX	15345596	15384413	
VGF	chr7	101162509	101165569	0.0006075267652087388
VGLL3	chr3	86876388	86991149	-0.025358627940254137
VHL	chr3	10141008	10152220	-0.14557824934984856
VIP	chr6	152750797	152759765	0.00887087449816526
VIPR1	chr3	42489299	42537573	-0.07944780010754804
VIPR2	chr7	159028175	159144867	
VLDLR	chr9	2621787	2660056	-0.12086401876169456
VPS13A	chr9	77177445	77421537	-0.012662156586271723
VPS13B	chr8	99013266	99877580	0.0010538214892235856
VPS35	chr16	46656132	46689518	0.0011365189923910432
VPS37B	chr12	122865330	122896127	0.0012394304547421924
VPS4A	chr16	69311350	69326939	0.01358975238224288
VPS50	chr7	93232340	93361123	0.01237720993829814
VSIG4	chrX	66021738	66040125	
VSIR	chr10	71747556	71773520	0.00019179728085799943
VSNL1	chr2	17539126	17657018	0.000914035748314104
VSTM1	chr19	54040825	54063953	-4.185476624158715e-06
VSTM2B	chr19	29526499	29564479	0.00011517494160196627
VSTM2L	chr20	37903111	37945350	-0.00019598363105757823
VSX2	chr14	74239449	74262738	-0.08500630126655599
VTCN1	chr1	117143587	117210960	0.0002546202242965676
VWA8	chr13	41566835	41961120	-0.014834279020482018
VWF	chr12	5948874	6124770	-0.05197670831832469
WAPL	chr10	86435256	86521792	-1.3390626304210829e-05
WAS	chrX	48676596	48691427	
WASHC2A	chr10	50067888	50133509	-0.00010822042522412568
WASHC3	chr12	102012840	102062149	2.6482969706054517e-05
WASHC4	chr12	105107324	105169134	2.4294260196879936e-05
WASL	chr7	123681943	123749003	6.73725576128317e-05
WBP2	chr17	75845699	75856507	0.0015271212748442238
WDFY3	chr4	84669610	84966391	-0.09024349304344671
WDFY4	chr10	48684876	48982956	-0.00035699643743521413
WDHD1	chr14	54938949	55027105	-0.017738258942879087
WDR12	chr2	202874782	203014798	0.016602107157850505
WDR26	chr1	224385143	224437033	0.03443925606753613
WDR37	chr10	1049538	1132384	-0.032771326480445666
WDR5	chr9	134135365	134159968	0.1262471458481143
WDR55	chr5	140664676	140674124	3.4528084362653004e-05
WDR72	chr15	53513741	53762878	0.003396337514813386
WDR74	chr11	62832342	62841809	0.0017269024335820778
WDR77	chr1	111439890	111449256	0.000568165470478334
WDR81	chr17	1716523	1738599	-0.09771096176374078
WDR90	chr16	649311	667833	0.013170713413434622
WEE1	chr11	9573670	9593457	0.0003643558844173163
WEE2	chr7	141708353	141731271	2.7583275680340674e-05
WFDC1	chr16	84294846	84329844	0.019725674801881296
WFS1	chr4	6269849	6303265	-0.13004131408159444
WNT1	chr12	48978322	48982620	-0.0005779008786248526
WNT2	chr7	117275451	117323152	0.00010812442394252517
WNT3	chr17	46762506	46833154	0.02591790497108404
WNT3A	chr1	228006998	228061271	0.07395991750218409
WNT4	chr1	22117313	22143969	0.0002534796543138907
WNT5A	chr3	55465715	55490539	-0.034581866126714336
WNT5B	chr12	1529891	1647212	-0.029111438765546456
WRAP73	chr1	3630767	3652761	0.005415208816122133
WRN	chr8	31033788	31176138	0.00021480867466759364
WT1	chr11	32387775	32435564	0.0004973024510201649
WWC1	chr5	168291651	168472303	-0.00716110184528025
WWOX	chr16	78099430	79212667	0.028847593346476106
WWP1	chr8	86342547	86478420	0.000318216303090948
WWP2	chr16	69762306	69941741	0.023749211551335886
WWTR1	chr3	149517235	149736714	0.00010377308115007898
XBP1	chr22	28794555	28800597	0.00019704791692216856
XCL2	chr1	168540768	168543997	-0.017182168887364152
XCR1	chr3	46017024	46027742	-0.051547819139238144
XDH	chr2	31334321	31414742	0.000544388298365933
XIAP	chrX	123859724	123913979	
XIRP1	chr3	39183210	39192596	-0.07944780010754804
XPA	chr9	97674909	97697357	-0.00010822378975490355
XPC	chr3	14145147	14178783	-0.12985314947077853
XPNPEP1	chr10	109864766	109923553	-0.0009113920687774904
XPNPEP3	chr22	40857077	40932815	-0.0033673850824723446
XPO1	chr2	61477849	61538626	0.00013370561209632298
XPO5	chr6	43522334	43576038	0.0019089376526115127
XPO6	chr16	28097979	28211920	0.000703216421654597
XPO7	chr8	21919662	22006585	-0.0002917252353298664
XPR1	chr1	180632022	180890279	-0.0023899609050197826
XRCC1	chr19	43543040	43580473	6.766533940056776e-05
XRCC2	chr7	152644776	152676141	
XRCC3	chr14	103697609	103715504	-0.05453383912870634
XRCC4	chr5	83077498	83353787	0.0007951827129060911
XRCC5	chr2	216107464	216206303	0.03647947861261257
XRCC6	chr22	41621119	41664048	-0.0033673850824723446
YAP1	chr11	102110447	102233424	-0.007125414384012746
YES1	chr18	721588	812546	-0.029405424639585172
YIF1B	chr19	38303558	38317273	8.397444375947614e-06
YIPF1	chr1	53851719	53889798	0.03124479520221401
YIPF5	chr5	144158162	144170714	-7.430581050845983e-05
YJEFN3	chr19	19528861	19537581	0.00011517494160196627
YLPM1	chr14	74763316	74859435	-0.08500630126655599
YTHDC2	chr5	113513694	113595285	0.0011284047209025895
YTHDF1	chr20	63195429	63216139	-0.00017165610921548544
YTHDF3	chr8	63168553	63212786	5.9424233657386705e-05
YWHAQ	chr2	9583967	9630997	0.0011069364036231303
YWHAZ	chr8	100916523	100953388	0.0010538214892235856
YY1	chr14	100238298	100282788	-0.06720953592301034
YY1AP1	chr1	155659443	155689000	0.0009447256351256569
ZAN	chr7	100733595	100797797	0.0006075267652087388
ZAP70	chr2	97713560	97739862	-5.285337936843565e-05
ZBED9	chr6	28570535	28616212	0.00010059273239843745
ZBP1	chr20	57603846	57620576	-0.00017165610921548544
ZBTB1	chr14	64503712	64533690	-0.05764698793466415
ZBTB10	chr8	80485619	80526265	0.000318216303090948
ZBTB16	chr11	114059711	114256765	-0.00712746846657141
ZBTB21	chr21	41986831	42010387	-0.0004919134136229591
ZBTB25	chr14	64449106	64505213	-0.05764698793466415
ZBTB3	chr11	62748319	62754184	0.0010815157196392648
ZBTB33	chrX	120250752	120258398	
ZBTB4	chr17	7459366	7484263	-0.0831837900968406
ZBTB40	chr1	22428838	22531157	0.0002534796543138907
ZBTB48	chr1	6579994	6589280	0.0037400227849095987
ZBTB49	chr4	4290251	4321786	-0.13004131408159444
ZC2HC1A	chr8	78666089	78719765	5.047327505746193e-06
ZC3H12A	chr1	37474580	37484377	0.020848399463453394
ZC3H12D	chr6	149446795	149485014	0.020430689065113222
ZC3H18	chr16	88570381	88631966	0.003182299448751606
ZC3H7A	chr16	11750586	11797258	0.0024196002195725906
ZC3HAV1L	chr7	139025706	139036042	2.7583275680340674e-05
ZC4H2	chrX	64915802	65034713	
ZCCHC10	chr5	132996985	133026604	0.002963002185801527
ZCCHC17	chr1	31296982	31364953	0.002703013181809804
ZCCHC2	chr18	62523025	62587709	-0.03381473962030213
ZCCHC3	chr20	297570	300321	-0.0014900675207223041
ZCCHC8	chr12	122471599	122501073	0.0012394304547421924
ZDHHC17	chr12	76763588	76853696	3.762811691452807e-05
ZDHHC22	chr14	77131270	77142734	-0.0869916729804872
ZEB1	chr10	31318495	31529814	-0.001017365306644463
ZEB2	chr2	144364364	144521057	-3.542801878991141e-05
ZER1	chr9	128729786	128772414	0.05472078756268738
ZFAND5	chr9	72351413	72365235	-0.012662156586271723
ZFAT	chr8	134477788	134713049	0.006421408472578152
ZFHX3	chr16	72782885	73891871	0.023749211551335886
ZFHX4	chr8	76681239	76867281	5.047327505746193e-06
ZFP57	chr6	29672392	29681110	3.6332272243724896e-05
ZFPL1	chr11	65084210	65088398	0.007507225461540621
ZFX	chrX	24149173	24216255	
ZFYVE1	chr14	72969451	73027131	-0.07266452118779655
ZFYVE21	chr14	103715730	103733668	-0.05453383912870634
ZFYVE26	chr14	67727374	67816590	-0.05764698793466415
ZGRF1	chr4	112539333	112636995	-0.05947985058414736
ZHX3	chr20	41178448	41317672	-0.0001926930305975184
ZIC2	chr13	99981784	99986765	-0.00463512448314386
ZIC4	chr3	147386046	147406860	0.00010377308115007898
ZMIZ1	chr10	79068966	79316528	7.908439244892513e-05
ZMIZ2	chr7	44748581	44769881	0.0002773504219891991
ZMPSTE24	chr1	40258236	40294180	0.04020297401217017
ZMYM1	chr1	35032172	35115859	0.007090505912763734
ZMYM3	chrX	71239624	71255146	
ZMYND10	chr3	50341110	50345732	-0.0392042182116494
ZMYND19	chr9	137582081	137590512	
ZNF106	chr15	42412823	42491141	0.002494240172503986
ZNF142	chr2	218637916	218659655	0.04712961019326936
ZNF165	chr6	28080568	28089563	0.00010059273239843745
ZNF177	chr19	9363020	9382617	0.010294009387855
ZNF232	chr17	5105541	5123116	-0.09664423698070382
ZNF280C	chrX	130202707	130268899	
ZNF281	chr1	200404940	200410056	4.5618617177241594e-05
ZNF296	chr19	45071500	45076587	0.0002678663191804061
ZNF326	chr1	89995110	90035533	0.00046837332385327163
ZNF331	chr19	53519527	53580269	-4.185476624158715e-06
ZNF341	chr20	33731657	33792269	-0.0002779070822181201
ZNF346	chr5	177022696	177081189	-0.004553560483529834
ZNF395	chr8	28345590	28402701	0.0001365661769422252
ZNF408	chr11	46701030	46705912	0.000497399835179321
ZNF410	chr14	73886617	73932511	-0.07266452118779655
ZNF449	chrX	135344796	135363413	
ZNF451	chr6	57086844	57170305	0.007837123110607812
ZNF469	chr16	88382989	88440757	0.003182299448751606
ZNF512	chr2	27582969	27623217	0.0006508387604871469
ZNF592	chr15	84748592	84806445	-0.000611215282787413
ZNF608	chr5	124636913	124748807	0.0019488247956638896
ZNF639	chr3	179323031	179338583	0.0003967077982037563
ZNF683	chr1	26361634	26374522	0.000777844687109851
ZNF687	chr1	151281618	151292176	0.004051103958096159
ZNF76	chr6	35258909	35295985	7.505368373103886e-05
ZNF768	chr16	30524004	30526821	0.0007675638341198598
ZNF8	chr19	58278955	58302791	
ZNF804A	chr2	184598529	184939492	0.0003384719219201136
ZNF827	chr4	145757627	145938823	-0.002289617241669375
ZNF829	chr19	36888124	36916291	8.397444375947614e-06
ZPR1	chr11	116773799	116788039	-0.007050972372759938
ZSCAN1	chr19	58034025	58054631	
ZSCAN12	chr6	28378955	28399734	0.00010059273239843745
ZSCAN16	chr6	28124609	28130082	0.00010059273239843745
ZSCAN20	chr1	33472645	33496507	0.007090505912763734
ZSCAN26	chr6	28267010	28278224	0.00010059273239843745
ZSWIM6	chr5	61332258	61546172	0.0006587734706454372
ZUP1	chr6	116635618	116668794	0.026991936291005957
ZYG11B	chr1	52726453	52827336	0.03124479520221401
ZYX	chr7	143381295	143391111	8.898160696866219e-05
