cell_id,group
aaaagjbk-1,tumor
aaachmja-1,tumor
aaaeabhb-1,tumor
aaajopgl-1,tumor
aaakbndh-1,tumor
aaamhfgg-1,tumor
aaancbnn-1,tumor
aaanciag-1,tumor
aabcjafe-1,tumor
aabhhgjo-1,tumor
aabhjmjl-1,tumor
aabjldmc-1,tumor
aabjlgfa-1,tumor
aabjonod-1,tumor
aabkcmgl-1,tumor
aabkhkac-1,tumor
aabkhnap-1,tumor
aabomelg-1,tumor
aabppild-1,tumor
aacalbjn-1,tumor
aacbfknh-1,tumor
aacjdhpk-1,tumor
aacjpbfl-1,tumor
aackmkea-1,tumor
aacmonnk-1,tumor
aacoddbd-1,tumor
aacpmnnk-1,tumor
aadaiabh-1,tumor
aadhfleo-1,tumor
aadkfmdb-1,tumor
aadkjihi-1,tumor
aadknkac-1,tumor
aadlbbkc-1,tumor
aadpabpb-1,tumor
aaebppdm-1,tumor
aaeclhgj-1,tumor
aaecmkoa-1,tumor
aaedfamc-1,tumor
aaedoiek-1,tumor
aaeicink-1,tumor
aaejbpkd-1,tumor
aaekghhg-1,tumor
aaeloggo-1,tumor
aafdcidi-1,tumor
aaffhjpk-1,tumor
aafmednn-1,tumor
aafpccbh-1,tumor
aagpnbmd-1,tumor
aahdkcdl-1,tumor
aahfkahk-1,tumor
aahhflak-1,tumor
aahifhjk-1,tumor
aahjbpfj-1,tumor
aahjilib-1,tumor
aahjjdpo-1,tumor
aaibbaco-1,tumor
aaidjbap-1,tumor
aaieldbc-1,tumor
aaigofoh-1,tumor
aailbopf-1,tumor
aajcdffa-1,normal
aajdnnpa-1,tumor
aajegbjj-1,normal
aajekhbi-1,normal
aajeplbe-1,tumor
aajghamk-1,tumor
aajgidoj-1,normal
aajnkblk-1,tumor
aajojibc-1,tumor
aakhjiki-1,tumor
aaklelbg-1,tumor
aaklnnbm-1,normal
aaknnack-1,tumor
aaknonon-1,tumor
aalacjmk-1,tumor
aalbakkk-1,tumor
aalfgimc-1,tumor
aalhcomp-1,tumor
aalibnbj-1,tumor
aaljaack-1,tumor
aaljflnj-1,normal
aaljmndl-1,tumor
aaloanfh-1,tumor
aalpkkmd-1,tumor
aamajaip-1,tumor
aamflall-1,tumor
aamfpdol-1,tumor
aaminako-1,tumor
aamlpkem-1,tumor
aammiffi-1,tumor
aamnbbon-1,tumor
aamnpdhk-1,tumor
aamobhfe-1,tumor
aamoeone-1,tumor
aampoihm-1,tumor
aanehdbc-1,tumor
aanfcndl-1,tumor
aanfmnfn-1,tumor
aanhhmla-1,tumor
aanipjik-1,tumor
aaoccnjn-1,normal
aaociblo-1,normal
aaodlehk-1,tumor
aaodmbdb-1,tumor
aaoifndl-1,tumor
aaoihfag-1,tumor
aaokndga-1,tumor
aaoobbnm-1,normal
aaoohlmd-1,tumor
aapdahcl-1,tumor
aapedfmi-1,tumor
aapgoicp-1,tumor
aaplmgkl-1,tumor
abachacl-1,tumor
abacihog-1,tumor
abagacdc-1,tumor
abahehjj-1,tumor
abaiemgb-1,tumor
abaijggn-1,tumor
abakniag-1,tumor
abalcjld-1,tumor
abaliemm-1,tumor
abalohem-1,tumor
abanifpm-1,tumor
abaokomg-1,tumor
abbcldak-1,tumor
abbedmni-1,tumor
abbfpbib-1,tumor
abbinmni-1,tumor
abbkpbec-1,tumor
abbobaih-1,tumor
abbpkpid-1,tumor
abcdomei-1,normal
abceaepp-1,tumor
abcgahcg-1,tumor
abcgpaci-1,tumor
abciokpp-1,normal
abcpngnf-1,tumor
abdbmfdn-1,tumor
abddkche-1,tumor
abdgccnd-1,tumor
abdhjncb-1,tumor
abdhpeof-1,tumor
abdkepoo-1,tumor
abdobbip-1,tumor
abedebhg-1,tumor
abeefekd-1,tumor
abefjopg-1,tumor
abekkima-1,normal
abeochhm-1,normal
abfdhkfm-1,normal
abfmnfee-1,tumor
abfnfjdn-1,tumor
abfonpda-1,tumor
abgcjfna-1,tumor
abgcogem-1,tumor
abgejbhc-1,tumor
abgelmck-1,tumor
abggeinm-1,tumor
abgmbimg-1,tumor
abhaopcg-1,tumor
abhenecd-1,tumor
abhfjpjb-1,tumor
abhmmbgm-1,tumor
abhmoaid-1,normal
abhncegi-1,tumor
abihhimg-1,tumor
abilpdha-1,tumor
abimnmid-1,tumor
abimpkmn-1,tumor
abinhmmd-1,tumor
abjehkek-1,tumor
abjhiimb-1,tumor
abjlbeno-1,tumor
abkbbjif-1,tumor
abkcilhm-1,tumor
abkhjjcb-1,tumor
abkjabnf-1,tumor
abkncoei-1,tumor
ablbljid-1,tumor
ablffeel-1,tumor
ablkelbg-1,tumor
ablkinba-1,tumor
ablpkife-1,tumor
abmbebne-1,tumor
abmcmkee-1,tumor
abmgacng-1,tumor
abmgafag-1,normal
abmjjjfj-1,tumor
abmkdadn-1,tumor
abmkokok-1,tumor
abmlajhf-1,tumor
abmobaje-1,normal
abmohcdh-1,tumor
abmoifjg-1,tumor
abmojiob-1,normal
abmpmcnn-1,tumor
abnancmb-1,normal
abnbngnl-1,normal
abncboce-1,tumor
abnealen-1,normal
abnmcnnm-1,normal
abnnnibf-1,normal
abocpnin-1,normal
abogedej-1,normal
abohiakj-1,normal
abonoglh-1,normal
aboohnbh-1,normal
abpeaohf-1,normal
abpegmmm-1,normal
abpejdca-1,tumor
abpepkof-1,normal
abpgdhof-1,tumor
abpgfmab-1,tumor
abpijdib-1,tumor
abpopinh-1,tumor
acaaobna-1,tumor
acadcpdn-1,tumor
acadpnpf-1,tumor
acaiheli-1,tumor
acaihnke-1,tumor
acalmffl-1,tumor
acbbbdeb-1,tumor
acbckhed-1,normal
acbconoo-1,tumor
acbdkdao-1,normal
acbeohhc-1,tumor
acbhcfkh-1,tumor
acbhmece-1,tumor
acbiceji-1,tumor
acbiidfk-1,tumor
acbkbjnb-1,tumor
acbmocbf-1,normal
acbnlaka-1,normal
acboankh-1,normal
acccbepg-1,normal
accejofj-1,tumor
accmlnhe-1,tumor
accnllll-1,tumor
acddjlei-1,normal
acdhlndp-1,normal
acdhnbcl-1,normal
acdihkif-1,normal
acdjbafg-1,tumor
acdkljmo-1,tumor
acdlmfpa-1,tumor
acdmojnf-1,tumor
acdngmee-1,tumor
acdonneg-1,tumor
acegkjii-1,normal
acfabmdi-1,tumor
acfbhndj-1,normal
acfbiage-1,tumor
acfckjbm-1,tumor
acfdnpob-1,normal
acfgjjbm-1,normal
acfjbamp-1,tumor
acfkcabg-1,tumor
acflcfjn-1,tumor
acfmgmnb-1,tumor
acfogccj-1,tumor
acfoilgp-1,tumor
acgajnhd-1,normal
acgdmlma-1,tumor
acgoeaen-1,tumor
achapohb-1,tumor
achbglfl-1,tumor
achfaipm-1,tumor
achfgclf-1,tumor
achfjclg-1,tumor
achknimc-1,tumor
achnbhcj-1,tumor
achndiem-1,tumor
achobfpe-1,tumor
aciafhjl-1,tumor
acibgedj-1,tumor
acibpphd-1,normal
acicadcm-1,normal
acidkmoo-1,normal
acihndfo-1,normal
aciifjfb-1,normal
acijnnoe-1,tumor
acinapji-1,tumor
acinnfmm-1,tumor
aciodhpn-1,tumor
acioelom-1,tumor
aciokgdi-1,tumor
acipdnjm-1,normal
acjdoeda-1,normal
acjebdga-1,normal
acjegahl-1,normal
acjffonm-1,normal
acjhokda-1,normal
ackbekeg-1,normal
ackeflpj-1,normal
ackhfgdi-1,normal
ackoibhm-1,normal
ackpaghc-1,normal
aclaahke-1,normal
aclammlo-1,normal
acldifdl-1,normal
acldjach-1,normal
aclelpdd-1,tumor
aclfpgoh-1,tumor
aclgblip-1,tumor
aclhfhem-1,tumor
aclnmgae-1,tumor
aclojgla-1,tumor
aclokemn-1,tumor
aclpccoi-1,tumor
acmccnck-1,tumor
acmfcpcc-1,tumor
acmgdmbl-1,tumor
acmjpjba-1,tumor
acmlabnc-1,tumor
acmmbloo-1,normal
acmmbndc-1,tumor
acmmiofm-1,tumor
acmocenf-1,tumor
acmpccjk-1,normal
acncjfpf-1,tumor
acnefihn-1,tumor
acniamee-1,tumor
acnmfggp-1,tumor
acobmfgf-1,tumor
acocnfjm-1,tumor
acocoinc-1,tumor
acodciol-1,tumor
acoeeacp-1,normal
acojjjpi-1,tumor
acombgla-1,normal
acomhdff-1,tumor
aconlbmm-1,tumor
acpbjhbg-1,tumor
acpbmkoh-1,tumor
acpcbmof-1,tumor
acpdbkkl-1,tumor
acpeboje-1,tumor
acpfdldl-1,tumor
acpmnckk-1,normal
acpnkglb-1,tumor
adagbfnb-1,tumor
adahhphp-1,tumor
adaibdim-1,tumor
adakaool-1,tumor
adalmapg-1,tumor
adannpej-1,normal
adbbknkn-1,normal
adbcgkkj-1,normal
adbifgnn-1,normal
adbifnff-1,tumor
adbkfbea-1,normal
adblhocj-1,normal
adblikff-1,normal
adbpjagc-1,normal
adcfcjje-1,normal
adcflhdj-1,tumor
adcgnbec-1,normal
adcgoefg-1,normal
adcibjog-1,tumor
adclfjeh-1,tumor
adcmncmi-1,tumor
adcncbim-1,tumor
addabfea-1,tumor
addbldco-1,normal
addcglgo-1,tumor
adddcbne-1,tumor
adddffpb-1,tumor
addlebep-1,tumor
addmjllh-1,normal
adebfaka-1,tumor
adeepopp-1,normal
adekibbj-1,tumor
adepjhfh-1,normal
adfehfnj-1,tumor
adfepemf-1,normal
adfincfd-1,normal
adfkhcea-1,normal
adfonhck-1,normal
adfponbl-1,normal
adgalopc-1,tumor
adgbnbhm-1,tumor
adgcdmfh-1,tumor
adgclbil-1,tumor
adgdfone-1,tumor
adgfjefp-1,tumor
adgknfkj-1,tumor
adgompmo-1,normal
adhabgoa-1,normal
adhbddjc-1,normal
adhbkhjg-1,normal
adhcejlj-1,normal
adhclmkh-1,normal
adhgcilp-1,normal
adhgiaab-1,tumor
adhgjnbb-1,tumor
adhhficf-1,tumor
adhidamo-1,tumor
adhlhhjn-1,tumor
adhlidml-1,normal
adiabmpl-1,normal
adibbhdg-1,normal
adidpggp-1,tumor
adilhopb-1,tumor
adimalom-1,normal
adipdbip-1,tumor
adjafifi-1,tumor
adjbjoga-1,tumor
adjdaicj-1,tumor
adjffaca-1,normal
adjhjjje-1,normal
adjpfhco-1,tumor
adjpfmlg-1,tumor
adjplflg-1,tumor
adkdidaf-1,tumor
adkdjdho-1,tumor
adkeelbm-1,tumor
adkhkemk-1,tumor
adkjpdbc-1,normal
adkmobnk-1,normal
adkohepb-1,normal
adkpbpec-1,normal
adlakogk-1,normal
adlapgpb-1,tumor
adldilem-1,tumor
adlhhejf-1,tumor
admbhgoo-1,normal
admehdia-1,normal
admjhnof-1,normal
admlpngd-1,normal
admocjhl-1,normal
adnboegd-1,normal
adnffbbn-1,normal
adniajal-1,normal
adnlgjcj-1,normal
adnmdffk-1,normal
adnokmei-1,normal
adnpjoof-1,normal
adoenbff-1,normal
adoffpgb-1,normal
adofjmff-1,normal
adolbklb-1,normal
adpcanke-1,normal
adpcbjko-1,normal
adpclajl-1,normal
adpcpkfe-1,normal
adpepicp-1,tumor
adphfbbj-1,normal
adphnakd-1,tumor
adpjehol-1,normal
adpkgjgc-1,normal
aeaaelfp-1,normal
aeacddmd-1,normal
aeafmifi-1,normal
aeahaead-1,normal
aeanhmgd-1,normal
aeapgaoa-1,tumor
aebbflcd-1,normal
aebdkfej-1,normal
aebegcok-1,normal
aebeghol-1,normal
aebfgahi-1,normal
aebhikia-1,normal
aebiebii-1,normal
aebjadli-1,normal
aebkjhpo-1,normal
aebmpanm-1,normal
aeccaibp-1,normal
aecfhonm-1,tumor
aecgbfaa-1,tumor
aechmpeh-1,tumor
aeciaejb-1,tumor
aecjpcgm-1,normal
aecleahn-1,tumor
aedabgpb-1,tumor
aedadapc-1,tumor
aeddeiob-1,tumor
aedfhngl-1,tumor
aedonkli-1,tumor
aeeaehfn-1,tumor
aeebeobo-1,tumor
aeebldab-1,tumor
aeehnlba-1,tumor
aeejgkff-1,tumor
aeekbjlj-1,tumor
aeelmdde-1,tumor
aeemppdn-1,tumor
aeeneajb-1,tumor
aeeoboea-1,tumor
aeepaeeb-1,tumor
aefbckco-1,tumor
aefemddf-1,tumor
aefggfoc-1,tumor
aefjlnfh-1,tumor
aefmgpnm-1,tumor
aefmiegd-1,tumor
aefnkhcp-1,tumor
aefpikmb-1,tumor
aegabboi-1,tumor
aeganbpp-1,tumor
aegcfpnk-1,tumor
aegcionk-1,tumor
aeghamfl-1,tumor
aeghicdk-1,tumor
aegkbhmf-1,tumor
aegkiblf-1,tumor
aegmafnn-1,tumor
aehbkhgg-1,tumor
aehepjkl-1,tumor
aehfphmf-1,tumor
aehhioco-1,tumor
aehjchcc-1,tumor
aehjhhmb-1,tumor
aehmlcfa-1,tumor
aehpoedn-1,tumor
aeifmcgo-1,tumor
aeijkbfd-1,tumor
aeikflbh-1,tumor
aeikhpgm-1,tumor
aeikidkd-1,tumor
aeingnmm-1,tumor
aejdallb-1,tumor
aejdcika-1,tumor
aejelgch-1,tumor
aejleaem-1,normal
aejmaabj-1,tumor
aejpgfll-1,tumor
aekfepbp-1,tumor
aekgbcja-1,tumor
aeknilop-1,tumor
aekopfel-1,tumor
aelafmgd-1,tumor
aelafomm-1,tumor
aelbdmio-1,tumor
aelehjon-1,tumor
aelgehkm-1,tumor
aelkefcn-1,tumor
aellnpho-1,tumor
aelnmdbk-1,tumor
aelojkge-1,tumor
aemgaiaf-1,tumor
aemhcjoa-1,tumor
aemhpdod-1,tumor
aemifkec-1,tumor
aemoleao-1,tumor
aemopiea-1,tumor
aencdlkh-1,tumor
aeneolel-1,tumor
aenibedi-1,tumor
aenijmjo-1,tumor
aenjcdkn-1,tumor
aenkjlpd-1,tumor
aenndjbl-1,tumor
aeokhjkp-1,tumor
aeonmhpb-1,tumor
aeonnbpi-1,tumor
aeopfnec-1,tumor
aepfdiga-1,tumor
aepfnbmf-1,tumor
aepimllj-1,tumor
aepnemjl-1,tumor
aepoiodo-1,tumor
afabpeli-1,tumor
afacphli-1,tumor
afagdkkl-1,tumor
afagfcfc-1,tumor
afagmgea-1,tumor
afaibjag-1,tumor
afaiemgn-1,tumor
afajfddl-1,tumor
afakkgnb-1,tumor
afbaihpe-1,normal
afbcbece-1,tumor
afbebfao-1,tumor
afbeoijb-1,normal
afbfijbg-1,tumor
afbfkgjd-1,tumor
afbfoooi-1,tumor
afblfpgo-1,tumor
afbmfhmb-1,normal
afbmpced-1,normal
afccbamd-1,tumor
afcflmgh-1,tumor
afcigafn-1,normal
afcikope-1,tumor
afcjajnc-1,tumor
afcmiafd-1,normal
afcofdbd-1,tumor
afcogkah-1,tumor
afdahhcc-1,tumor
afdbfbnm-1,tumor
afdbobao-1,tumor
afdelhno-1,tumor
afdhikok-1,tumor
afdhlfan-1,tumor
afdhlhjg-1,tumor
afdigkbk-1,tumor
afdkcefl-1,normal
afdnddhp-1,tumor
afegeglk-1,tumor
afelbani-1,tumor
afemkicc-1,tumor
affcanee-1,tumor
affdgeej-1,tumor
affgeomd-1,tumor
affgglme-1,tumor
affijdbh-1,tumor
affipbnc-1,tumor
affjdoan-1,tumor
affkmdcg-1,tumor
afgcnego-1,tumor
afghdnca-1,tumor
afgkoabe-1,tumor
afhbfljk-1,tumor
afhckfej-1,tumor
afhhkkgc-1,tumor
afhifoeh-1,tumor
afhjijme-1,tumor
afhmpajc-1,tumor
afhoojpg-1,tumor
afhpnhpf-1,tumor
afibhaik-1,normal
aficgbne-1,tumor
afifaidf-1,tumor
afigngmi-1,tumor
afihogif-1,tumor
afijgngi-1,tumor
afikjlgm-1,tumor
afingiph-1,tumor
afinndid-1,tumor
afiopfaa-1,tumor
afjbfhbo-1,tumor
afjcbgkf-1,tumor
afjicomh-1,tumor
afjnakgo-1,tumor
afjnnlcj-1,tumor
afjoggol-1,tumor
afjplffc-1,tumor
afkbijcp-1,tumor
afkcmedd-1,tumor
afkhcpeg-1,tumor
afkikjcc-1,tumor
afknhoff-1,tumor
aflacnem-1,tumor
aflbahda-1,tumor
aflblhpb-1,tumor
aflbolhj-1,tumor
aflcpdhc-1,tumor
aflhfoin-1,normal
aflhopjg-1,tumor
afljaolb-1,tumor
afllonii-1,tumor
aflmmkdm-1,tumor
afmffdfd-1,tumor
afmhnffl-1,tumor
afmpobmg-1,tumor
afncoobp-1,tumor
afnebfid-1,tumor
afnhekhe-1,tumor
afnhoomf-1,tumor
afniimpn-1,tumor
afnjmaok-1,tumor
afobkegf-1,tumor
afohcjpj-1,tumor
afokhapo-1,normal
afoogofa-1,tumor
afpclone-1,normal
afpfbiff-1,tumor
afpfgddp-1,tumor
afplbchg-1,tumor
afpobolb-1,tumor
afpoeogb-1,tumor
afppigpg-1,tumor
agafpofo-1,tumor
agajkpda-1,tumor
aganbaph-1,tumor
aganhdni-1,tumor
agbbidhn-1,tumor
agbnnkhb-1,tumor
agbopokp-1,tumor
agcbbfgb-1,tumor
agcdlfdk-1,tumor
agceamof-1,tumor
agcfjnok-1,tumor
agcgkkbn-1,tumor
agcjfijp-1,tumor
agcpmiam-1,tumor
agddcgba-1,tumor
agdehepk-1,tumor
agdkknen-1,tumor
agdpgjmi-1,tumor
agedgjpm-1,tumor
agefhpne-1,tumor
agegkhaa-1,tumor
agegpdjp-1,tumor
ageoiebl-1,tumor
agfbjold-1,tumor
agfcffgh-1,tumor
agfcioje-1,tumor
agfgaaap-1,tumor
agfknefi-1,tumor
agflocdo-1,tumor
agflpkop-1,tumor
agfnoimj-1,tumor
agfnongj-1,tumor
agfpefpd-1,tumor
aggbifbb-1,tumor
aggdbgjk-1,tumor
agglhmhf-1,tumor
aggmbijd-1,tumor
aggngldi-1,tumor
aghdimel-1,tumor
agheamkk-1,tumor
aghijmkp-1,tumor
aghmpehg-1,tumor
aghobpki-1,tumor
aghpgchh-1,tumor
agickfec-1,tumor
agieajog-1,tumor
agifaopd-1,normal
agikkihj-1,tumor
agimjfaj-1,tumor
agiofhfm-1,tumor
agjclmhl-1,tumor
agjifndi-1,tumor
agjkncmb-1,tumor
agjldiil-1,tumor
agjmcheg-1,tumor
agjplegl-1,tumor
agkabhoj-1,tumor
agkbknha-1,tumor
agkdnkcp-1,tumor
agkhlcbb-1,tumor
agkiihcm-1,tumor
agkjpmab-1,tumor
agkmhffl-1,tumor
aglcimeb-1,tumor
aglpeaic-1,tumor
aglplbeh-1,tumor
agmbdpci-1,tumor
agmdigig-1,tumor
agmekkmk-1,tumor
agmjgdlk-1,tumor
agmjjned-1,tumor
agnaahme-1,tumor
agnaigfh-1,tumor
agneipmi-1,tumor
agngfpom-1,tumor
agnodbcc-1,tumor
agoafikf-1,tumor
agobnbcg-1,tumor
agoegcdg-1,tumor
agogcmon-1,tumor
agogobem-1,tumor
agoigdkd-1,tumor
agoikhbn-1,tumor
agpbdlod-1,tumor
agpbphbk-1,tumor
agplllpe-1,tumor
agpnhdkd-1,tumor
agpnmjik-1,tumor
agppeeig-1,tumor
ahacmfaf-1,tumor
ahacpcnf-1,normal
ahaekaen-1,tumor
ahallcjl-1,tumor
ahapmddb-1,tumor
ahbeefah-1,tumor
ahbghpll-1,tumor
ahbpofmk-1,tumor
ahcaddla-1,tumor
ahcigbkb-1,tumor
ahckplno-1,tumor
ahcmdnhf-1,tumor
ahcnjjoc-1,tumor
ahcocafe-1,tumor
ahddkejd-1,tumor
ahddppip-1,tumor
ahdeeacg-1,tumor
ahdfclkc-1,tumor
ahdniame-1,tumor
aheeahcg-1,tumor
aheeecfc-1,tumor
ahefapgg-1,tumor
aheghecg-1,tumor
aheinigk-1,tumor
ahejcjjm-1,tumor
ahellhne-1,tumor
ahenaefn-1,tumor
ahenppgk-1,tumor
aheoacnb-1,normal
aheoecpj-1,normal
ahfeilcc-1,tumor
ahfliila-1,tumor
ahfobijc-1,tumor
ahgbppfh-1,tumor
ahgenjba-1,tumor
ahgjiggf-1,tumor
ahgkddde-1,tumor
ahglgepg-1,tumor
ahgmllik-1,tumor
ahgnhkoc-1,tumor
ahgomgia-1,tumor
ahhddjio-1,tumor
ahhhkonm-1,tumor
ahhjbggf-1,tumor
ahhmkocl-1,tumor
ahhnohjd-1,tumor
ahicljlh-1,tumor
ahiekkgd-1,tumor
ahihcbll-1,tumor
ahimejjd-1,tumor
ahimlnmm-1,tumor
ahincipf-1,tumor
ahjacjid-1,tumor
ahjepmjk-1,tumor
ahjfgnld-1,tumor
ahjimkmj-1,tumor
ahkaagca-1,normal
ahkaonjb-1,tumor
ahkbpblg-1,tumor
ahkfgemm-1,tumor
ahkjjgmj-1,tumor
ahklhcca-1,tumor
ahknlplb-1,tumor
ahkobjng-1,tumor
ahkomioe-1,tumor
ahlalikm-1,tumor
ahlhcpgj-1,normal
ahlmojph-1,normal
ahlnhagf-1,tumor
ahmajjlg-1,tumor
ahmapbmj-1,tumor
ahmgpmek-1,tumor
ahmmlbnk-1,tumor
ahmnfefk-1,normal
ahmpgfhm-1,normal
ahmpplmi-1,normal
ahnafgif-1,tumor
ahnjcpoh-1,tumor
ahnlblpp-1,tumor
ahnneoml-1,normal
ahnoinhl-1,tumor
ahoaamho-1,tumor
ahogaaid-1,tumor
ahohaoek-1,tumor
ahokblkj-1,tumor
aholcfio-1,tumor
aholcnhm-1,tumor
ahomioep-1,normal
ahompgfp-1,normal
ahonffel-1,tumor
ahpdnlli-1,tumor
ahphipmg-1,tumor
ahpjjkld-1,tumor
ahpkihdd-1,tumor
ahplfhhj-1,tumor
ahppkkgl-1,normal
aiacmjpk-1,tumor
aiacncbh-1,tumor
aiadaebj-1,tumor
aiadgpmh-1,tumor
aiafifoa-1,tumor
aibjhjpb-1,tumor
aibkagbi-1,tumor
aibkgbai-1,normal
aibkhfoo-1,normal
aiblfini-1,tumor
aibmfide-1,tumor
aibnbbba-1,tumor
aibnjbkg-1,tumor
aibpkcjc-1,normal
aicagohc-1,tumor
aicbhhfc-1,tumor
aicfjjcg-1,tumor
aichbjoi-1,tumor
aicmaohg-1,tumor
aicnjdni-1,tumor
aicoppmi-1,tumor
aicpllia-1,tumor
aidaabnj-1,tumor
aidafhel-1,tumor
aidbkkdj-1,tumor
aidbolca-1,tumor
aidcibih-1,tumor
aidgmgnl-1,tumor
aidiggbb-1,tumor
aidinjpo-1,tumor
aidjhgla-1,tumor
aidnfmoi-1,tumor
aiebelgi-1,tumor
aiedmpol-1,tumor
aiedokcb-1,tumor
aiegibik-1,tumor
aiegkoda-1,tumor
aiejeggf-1,tumor
aieonbkn-1,tumor
aifcnobo-1,tumor
aifekncd-1,tumor
aificpeh-1,tumor
aifiidfo-1,tumor
aifjbhli-1,normal
aifjgaoe-1,tumor
aifjlgke-1,tumor
aifklbco-1,tumor
aiflgnol-1,tumor
aifmfdph-1,normal
aifnaogg-1,tumor
aifobkhh-1,tumor
aigbpelf-1,tumor
aigcdccb-1,tumor
aigcdfmp-1,tumor
aigepdpp-1,tumor
aiggffhd-1,tumor
aighcahk-1,tumor
aiglocbj-1,tumor
aigmbpah-1,tumor
aiheapmf-1,tumor
aihgbjfc-1,tumor
aihgecpa-1,tumor
aihonbhi-1,tumor
aiicmhmp-1,tumor
aiidglmn-1,tumor
aiiklbee-1,tumor
aiiophhk-1,tumor
aijbhapc-1,tumor
aijbjcji-1,tumor
aijkhngp-1,tumor
aijlcheo-1,tumor
aijnonll-1,tumor
aijpdkge-1,tumor
aijpidpi-1,tumor
aikfmipk-1,tumor
aikifhlj-1,tumor
aikkpjjn-1,tumor
aikmcefi-1,tumor
aiknjdha-1,tumor
aikohplb-1,tumor
aikpegfa-1,tumor
ailcfnll-1,tumor
ailfhkik-1,tumor
ailgdgki-1,tumor
ailkehml-1,tumor
ailkfpem-1,tumor
ailmhmfm-1,tumor
ailmlkbf-1,tumor
ailnnbke-1,tumor
ailojaml-1,tumor
aimafmhg-1,tumor
aimcdbki-1,tumor
aimdnchg-1,tumor
aimdnoeh-1,tumor
aimggabc-1,tumor
aimhkkpe-1,tumor
aimkidmp-1,tumor
aimlcede-1,tumor
aimldgpd-1,tumor
aimmfldg-1,tumor
aimnbhpi-1,tumor
aimnokac-1,tumor
aimoekhc-1,tumor
aimpkkoe-1,tumor
ainboadb-1,tumor
ainienli-1,tumor
ainpjgjj-1,tumor
aioalcli-1,tumor
aiobhdpb-1,tumor
aiobjbio-1,tumor
aiodmejk-1,tumor
aioikjid-1,tumor
aiojaefg-1,tumor
aiomdiah-1,tumor
aionfkjd-1,tumor
aionibhb-1,tumor
aionijoj-1,tumor
aionoffe-1,tumor
aiopjcdh-1,tumor
aipakdef-1,tumor
aipallmp-1,tumor
aipfgdde-1,tumor
aiphmbaf-1,tumor
aipjcifi-1,tumor
aiplgmkm-1,tumor
aiplpilh-1,tumor
aipmpmlj-1,tumor
aippeolh-1,tumor
ajadbain-1,tumor
ajadjmjf-1,tumor
ajagmckd-1,tumor
ajaniban-1,tumor
ajapboge-1,tumor
ajbdglfn-1,tumor
ajbikchp-1,tumor
ajbjgibc-1,tumor
ajblbolg-1,tumor
ajblejdg-1,tumor
ajbnfkgc-1,tumor
ajbolokf-1,tumor
ajcfkcpp-1,tumor
ajcfknja-1,tumor
ajchialp-1,tumor
ajchldpl-1,tumor
ajcjehlo-1,tumor
ajcjpkel-1,tumor
ajckngeo-1,tumor
ajcocgbh-1,tumor
ajcodafo-1,tumor
ajdbjkga-1,tumor
ajdcbekh-1,tumor
ajddgjfb-1,tumor
ajdelafn-1,tumor
ajegcakg-1,tumor
ajegiekd-1,tumor
ajejcanp-1,tumor
ajekdmnm-1,tumor
ajekenbi-1,tumor
ajeldfbe-1,tumor
ajenkapl-1,tumor
ajfapjok-1,tumor
ajfbhcac-1,tumor
ajfbmghb-1,tumor
ajfcbfli-1,tumor
ajfcmcfb-1,tumor
ajfdhndo-1,tumor
ajfehdjp-1,tumor
ajfienmk-1,tumor
ajfjbknd-1,tumor
ajfmiimg-1,normal
ajgaagna-1,tumor
ajgadjih-1,tumor
ajgefkhh-1,tumor
ajgfeece-1,tumor
ajgikdoi-1,tumor
ajgkfgib-1,tumor
ajgkglma-1,tumor
ajgopbhj-1,tumor
ajgplijp-1,tumor
ajgpnoal-1,tumor
ajhealeg-1,tumor
ajhnlnni-1,tumor
ajhplkei-1,tumor
ajifkkpb-1,tumor
ajihdmdd-1,tumor
ajihpjfg-1,tumor
ajikgjen-1,tumor
ajioedmm-1,tumor
ajioelob-1,tumor
ajjeenca-1,tumor
ajjfncge-1,tumor
ajjfncia-1,tumor
ajjjkmlo-1,tumor
ajjkkpna-1,tumor
ajjkliap-1,tumor
ajjmbodg-1,tumor
ajjmdfdo-1,tumor
ajkbbcbn-1,tumor
ajkejpkb-1,tumor
ajkfcpdc-1,tumor
ajkhllnf-1,tumor
ajkkjfkm-1,normal
ajklkgog-1,normal
ajlabpek-1,tumor
ajlakggk-1,tumor
ajlhnidc-1,normal
ajmbnkkm-1,tumor
ajmccppe-1,normal
ajmdiocb-1,normal
ajmfcoal-1,tumor
ajmnfpbl-1,tumor
ajmofhpa-1,tumor
ajnaljcf-1,tumor
ajndaoei-1,tumor
ajndhdim-1,tumor
ajneejaf-1,tumor
ajngncfn-1,tumor
ajnhalkl-1,tumor
ajnkgecl-1,tumor
ajnojolf-1,tumor
ajnpchpc-1,tumor
ajoabknk-1,tumor
ajoapkdj-1,tumor
ajocfoam-1,tumor
ajogdpgg-1,tumor
ajoghnaj-1,tumor
ajojfccc-1,tumor
ajollapi-1,tumor
ajpfengn-1,tumor
ajpiedpo-1,tumor
ajpjkeon-1,tumor
ajplehbk-1,tumor
ajpneomg-1,tumor
ajppcdfd-1,tumor
akaapihf-1,tumor
akacblpb-1,tumor
akafbgkd-1,tumor
akagfepc-1,tumor
akaiginb-1,tumor
akalcpbc-1,tumor
akamfeja-1,tumor
akaoegle-1,normal
akbaecpk-1,tumor
akbbdhdd-1,tumor
akbdbpkn-1,tumor
akbdhgfl-1,tumor
akbgchpd-1,tumor
akbgjifl-1,tumor
akbjnclg-1,tumor
akbmiejk-1,tumor
akbninhn-1,tumor
akbofkki-1,tumor
akcdjkpb-1,tumor
akcdlina-1,tumor
akcgghdc-1,tumor
akcjmidh-1,tumor
akcklhmn-1,tumor
akcnpdhk-1,tumor
akcomjod-1,tumor
akcooajg-1,tumor
akdbccje-1,tumor
akdnidla-1,tumor
akdolbpo-1,tumor
akdpnnmo-1,tumor
akeclecd-1,tumor
akecojmn-1,tumor
akehejjl-1,tumor
akeollna-1,tumor
akfcbnba-1,tumor
akffabbf-1,tumor
akfjbgif-1,tumor
akfkjbeh-1,tumor
akfllpam-1,tumor
akfpcbli-1,tumor
akghddhi-1,tumor
akgobfgd-1,tumor
akgondgi-1,tumor
akhbnpii-1,tumor
akhbolhf-1,tumor
akhdaipk-1,tumor
akhhbjgd-1,tumor
akhkeecf-1,tumor
akhpjipp-1,tumor
akhpnlng-1,tumor
akicahpk-1,tumor
akiccddl-1,tumor
akiijkkf-1,tumor
akilapip-1,tumor
akillhli-1,tumor
akinncbi-1,tumor
akioladb-1,tumor
akjaaocd-1,tumor
akjacchd-1,tumor
akjaemmg-1,tumor
akjeocah-1,tumor
akjklpja-1,tumor
akkbinhl-1,normal
akkdkija-1,tumor
akkenncj-1,tumor
akkheibh-1,tumor
akkljoef-1,tumor
akkmldpk-1,normal
akkmmbmi-1,normal
akkokhnf-1,normal
aklcildl-1,normal
aklgejmd-1,tumor
aklhcgkk-1,tumor
akljcdid-1,normal
aklkmnik-1,normal
aklnoilk-1,normal
akloimdb-1,normal
akmapmlh-1,tumor
akmceknp-1,tumor
akmefdfg-1,tumor
akmilldf-1,tumor
akmmhmjn-1,tumor
akmnbkhk-1,tumor
akndiame-1,tumor
akneghdo-1,tumor
aknhkkal-1,tumor
aknlclec-1,normal
aknmnpep-1,tumor
aknmpkje-1,tumor
aknpbpih-1,tumor
akobbnjd-1,tumor
akocdkge-1,tumor
akocfebn-1,tumor
akogoddj-1,tumor
akojjola-1,tumor
akojlgjk-1,tumor
akokcnpd-1,tumor
akokdbni-1,tumor
akoknmkg-1,tumor
akonpnci-1,tumor
akpeajpe-1,tumor
akpehbmo-1,tumor
akpinncf-1,tumor
akpkbonl-1,tumor
akpklloc-1,tumor
akplckag-1,tumor
akppfepo-1,tumor
aladimkh-1,normal
aladoebj-1,tumor
alafppcl-1,tumor
alaggnic-1,tumor
alahippb-1,tumor
alaoafmk-1,tumor
albbaefm-1,tumor
albjennj-1,tumor
albjgfcp-1,tumor
albldijb-1,tumor
alcammek-1,tumor
alcdncpd-1,normal
alcfoohb-1,tumor
alcglokk-1,tumor
alcimhmp-1,tumor
alcjjhpc-1,normal
alclfcmj-1,tumor
alcnajpe-1,normal
alcokjec-1,tumor
alcooccl-1,tumor
aldbjodj-1,tumor
aldcolip-1,tumor
aldghajl-1,tumor
aldhjaca-1,tumor
aldlabbg-1,normal
aldpfcob-1,tumor
aleaihdd-1,tumor
aleallak-1,tumor
alegoilb-1,tumor
alehbpjh-1,tumor
alekafli-1,tumor
aleleifj-1,tumor
alencfig-1,tumor
aleofhho-1,tumor
alfceppo-1,tumor
alfgmpjm-1,tumor
alflmjod-1,tumor
alfnnbah-1,tumor
algblepp-1,tumor
algfekji-1,tumor
algkifal-1,tumor
alhbbaal-1,tumor
alhdpjph-1,normal
alhibcjl-1,tumor
alhjbbdo-1,tumor
alhlmddl-1,normal
alhmmnaj-1,tumor
alhniglf-1,tumor
alhnleoo-1,tumor
alhnmnep-1,tumor
alhoippp-1,tumor
alidpmnk-1,tumor
aliilmpe-1,tumor
alijknng-1,tumor
alilbgbn-1,tumor
alilglpd-1,tumor
aliodjmi-1,tumor
alipigje-1,tumor
aljchmaa-1,tumor
aljdghed-1,tumor
aljgblbi-1,tumor
aljineab-1,tumor
aljjdohn-1,tumor
aljkcnlh-1,tumor
aljmlkad-1,tumor
aljmnhem-1,tumor
alkapkkm-1,tumor
alkeegde-1,tumor
alkglpio-1,tumor
alkijdkb-1,tumor
alkmechd-1,tumor
alkngekc-1,tumor
allbnpcg-1,tumor
allcbnip-1,tumor
allcenal-1,tumor
allfmfgo-1,tumor
allfmpnp-1,tumor
allglopo-1,tumor
allhdanf-1,tumor
allllign-1,tumor
allmdela-1,tumor
allomcdi-1,tumor
almedjfd-1,normal
almeflkm-1,tumor
almohfek-1,tumor
almphamn-1,tumor
alnacble-1,normal
alnfanbe-1,tumor
alngjlcf-1,normal
alnhdfak-1,tumor
alnhobpi-1,tumor
alnijedb-1,tumor
alnmabfi-1,normal
alnminbd-1,normal
alnnecmm-1,normal
aloakpld-1,normal
aloflofo-1,tumor
alokclme-1,tumor
aloncpii-1,tumor
alpbdeem-1,tumor
alpcggid-1,tumor
alpfnjgb-1,normal
alpfpblh-1,tumor
alpkjgid-1,tumor
alplnfnp-1,tumor
alppihai-1,tumor
amabkdik-1,tumor
amabpcll-1,tumor
amahbghc-1,tumor
amalfadn-1,tumor
amalodig-1,tumor
ambbbaaf-1,tumor
ambgecaj-1,tumor
ambgmooh-1,tumor
ambmmafm-1,tumor
ambnmlbg-1,normal
amcalooh-1,normal
amcdajpo-1,tumor
amcegaej-1,tumor
amcggfgp-1,tumor
amcgjlnf-1,normal
amcjalce-1,normal
amcpjemd-1,normal
amdaamjn-1,tumor
amdbcjdo-1,tumor
amdfddko-1,tumor
amdocfid-1,tumor
amdodfgg-1,tumor
amebnmeh-1,tumor
amebpjfo-1,tumor
amedneik-1,normal
amefhhmg-1,tumor
amehjkfk-1,tumor
amehnpci-1,tumor
amemgcjo-1,tumor
amenfjko-1,tumor
amenpani-1,tumor
amfamlpf-1,tumor
amfcgfgi-1,tumor
amfcnhcf-1,tumor
amfgjhhn-1,tumor
amfhhagg-1,tumor
amfhmjok-1,tumor
amfjphgm-1,tumor
amfnjiil-1,tumor
amfppdce-1,tumor
amgaodpn-1,tumor
amgdgkgk-1,tumor
amgldcbh-1,tumor
amglmlnf-1,tumor
amhbbmhh-1,tumor
amhcggcj-1,tumor
amhflnho-1,tumor
amhihbgh-1,tumor
amhkilfe-1,tumor
amhnnkdl-1,tumor
amhoinpl-1,tumor
amiablei-1,tumor
amigfcij-1,tumor
amigmeji-1,tumor
amijoapa-1,tumor
aminagab-1,tumor
amininej-1,tumor
aminkgjg-1,tumor
amjahokp-1,tumor
amjbmfnp-1,tumor
amjdmjco-1,tumor
amjenlmd-1,normal
amjhjmkb-1,normal
amjkcdhg-1,normal
amjklkld-1,normal
amkfecbi-1,normal
amkfhpil-1,normal
amkkgafb-1,tumor
amklaaji-1,tumor
amkmgcfl-1,tumor
amkphfeh-1,tumor
amlbliap-1,tumor
amlcaklc-1,tumor
amlckmld-1,normal
amldjfba-1,normal
amldjfff-1,tumor
amldnojd-1,tumor
amledmij-1,normal
amleejok-1,tumor
amlemhmb-1,tumor
amlhffmk-1,tumor
amljakck-1,tumor
amlkfcgo-1,normal
amlnmije-1,normal
amlojmib-1,tumor
ammalomm-1,tumor
ammcbibk-1,normal
ammdjpnp-1,tumor
ammegfom-1,tumor
ammfkbhh-1,tumor
ammkmlei-1,tumor
ammljfbe-1,tumor
ammmaema-1,tumor
ammmfbjg-1,tumor
ammnblel-1,tumor
ammpplol-1,tumor
amnbecmb-1,tumor
amnccgfk-1,tumor
amnchhoo-1,tumor
amndiapc-1,tumor
amngdcme-1,normal
amngmgbc-1,tumor
amnjnbad-1,tumor
amnlcjej-1,tumor
amnlgoed-1,tumor
amnmcmkn-1,tumor
amnoiilo-1,tumor
amnpddpb-1,tumor
amnppgkb-1,tumor
amocehnc-1,normal
amodbjci-1,tumor
amoeinca-1,tumor
amofdacj-1,tumor
amomajfo-1,tumor
amomdhdp-1,tumor
amoobaoc-1,normal
ampaafkm-1,tumor
ampekooi-1,tumor
ampfijll-1,normal
ampghncm-1,tumor
ampjdocp-1,tumor
ampkleba-1,tumor
ampmpgip-1,normal
ampopahh-1,tumor
anadbbco-1,tumor
anaecbgd-1,tumor
anajbojf-1,tumor
analhgne-1,tumor
anapbkef-1,tumor
anapeabf-1,tumor
anbcfodd-1,tumor
anbkhaek-1,tumor
anbkpjjk-1,tumor
anbofbpb-1,tumor
anchfkke-1,tumor
anckiggk-1,tumor
ancmamkg-1,normal
ancolfop-1,tumor
ancpfhph-1,tumor
ancpnjhl-1,tumor
andcjoen-1,tumor
andhhacm-1,tumor
andiebbf-1,tumor
aneamcgh-1,tumor
aneancpj-1,tumor
aneegbjb-1,tumor
anemjbpc-1,tumor
aneodhjh-1,tumor
anfbagfa-1,tumor
anfcnlhm-1,tumor
anfehkad-1,tumor
anffnpfo-1,normal
anfiedaj-1,tumor
anfkfmme-1,tumor
anfkmemb-1,tumor
anflckdn-1,tumor
anflgpml-1,tumor
anfllfpe-1,tumor
angbcgeh-1,tumor
angecomh-1,tumor
angfadnf-1,tumor
angflopn-1,tumor
anggfodc-1,tumor
angjnjfn-1,tumor
angkjmai-1,tumor
angknmbc-1,tumor
anglinae-1,tumor
angokegn-1,tumor
angpjaii-1,tumor
anhakifl-1,tumor
anhcombj-1,tumor
anhnoaag-1,tumor
anhpoffp-1,tumor
anihceib-1,tumor
anikgnjc-1,tumor
anikljig-1,normal
anilleac-1,tumor
aniokcfe-1,tumor
anipodnn-1,tumor
anjbaicj-1,tumor
anjeiopl-1,tumor
anjepmgd-1,tumor
anjhlmco-1,tumor
anjkahgh-1,tumor
anjkficn-1,tumor
anjpggcl-1,normal
anjppagl-1,normal
ankapihn-1,normal
ankgknih-1,tumor
ankhilof-1,normal
ankljaah-1,tumor
anlaigip-1,tumor
anliidjo-1,normal
anlkgokg-1,tumor
anlledle-1,normal
anlonfpl-1,normal
anmbakeb-1,normal
anmbekhd-1,normal
anmhhkfl-1,tumor
anmofapf-1,tumor
anmpahhl-1,tumor
anmppkgg-1,tumor
anncoijj-1,tumor
anndkeai-1,tumor
annfhblp-1,tumor
annflfbd-1,tumor
anngpimm-1,tumor
annmlfpc-1,tumor
anoeaoib-1,tumor
anofibhh-1,tumor
anofikem-1,tumor
anogfhko-1,tumor
anohcoga-1,tumor
anoihepb-1,tumor
anoijdpo-1,tumor
anojnomo-1,tumor
anonpdal-1,tumor
anpanphd-1,tumor
anpdakob-1,tumor
anpfaeao-1,tumor
anphafbo-1,tumor
anphajni-1,tumor
anpkpkmh-1,tumor
aoaeniff-1,tumor
aoafihgc-1,tumor
aoagkajl-1,tumor
aoahfmae-1,normal
aoajjedh-1,normal
aoamcnkh-1,normal
aoampigl-1,tumor
aoaoncln-1,tumor
aobalhko-1,tumor
aobbfffo-1,tumor
aobcbjjd-1,tumor
aobchcml-1,tumor
aobcpblj-1,normal
aobgkhof-1,tumor
aobhehfc-1,tumor
aoblaelf-1,tumor
aobmpocm-1,tumor
aocalemg-1,tumor
aocdeicg-1,tumor
aochhokf-1,tumor
aodacmbd-1,tumor
aodhipja-1,normal
aodieobh-1,normal
aodjafjc-1,normal
aodjpjlh-1,normal
aodoilnh-1,normal
aoeappae-1,normal
aoegjfoj-1,normal
aoehoobh-1,normal
aoemojae-1,normal
aoepgbol-1,normal
aofacjgj-1,tumor
aofaenap-1,tumor
aofeapcc-1,tumor
aofgcndl-1,tumor
aofoenei-1,tumor
aofpnnjj-1,tumor
aogeigef-1,tumor
aognhnbe-1,tumor
aogpcfdb-1,tumor
aohajhnh-1,tumor
aohakpcn-1,tumor
aohbffph-1,normal
aohjnill-1,tumor
aohopcla-1,tumor
aoifbeim-1,tumor
aoifkfkh-1,tumor
aojdlgcf-1,normal
aojnpdgl-1,tumor
aojpkeae-1,tumor
aokcihkl-1,tumor
aokdlmak-1,tumor
aokedcef-1,tumor
aokgamgb-1,tumor
aokgigjb-1,tumor
aokoonoo-1,normal
aolacjjh-1,tumor
aolaepkf-1,tumor
aolbmegg-1,normal
aolmajim-1,tumor
aolnefok-1,normal
aolnhkop-1,tumor
aomachib-1,tumor
aomcnnhd-1,tumor
aomeaaod-1,tumor
aomebfnf-1,tumor
aomfhldm-1,tumor
aomgaggd-1,tumor
aomhamoh-1,tumor
aompibhp-1,tumor
aonabkbd-1,normal
aonadlde-1,normal
aonimfbp-1,normal
aonlfeng-1,normal
aonmeecm-1,normal
aonnmiih-1,normal
aoodcddb-1,normal
aoogdjej-1,tumor
aooggolh-1,tumor
aoojlogn-1,tumor
aoojogdj-1,tumor
aookhamo-1,tumor
aoomjcib-1,tumor
aopbeckg-1,tumor
aopcddka-1,tumor
aopcfpfn-1,tumor
aopdcbdj-1,tumor
aopfbjpo-1,tumor
aopfjanm-1,tumor
aopgniie-1,tumor
aophgide-1,tumor
aopjfokd-1,tumor
aopkefgj-1,tumor
aopknfpo-1,tumor
aoplneml-1,tumor
aopnencc-1,tumor
aopngbkf-1,tumor
aoppjfbi-1,tumor
aoppmplp-1,tumor
apacfmdd-1,normal
apadnkbk-1,tumor
apafpkhh-1,tumor
apagmfnc-1,tumor
apahikbb-1,tumor
apajkeif-1,tumor
apalnffc-1,tumor
apancipk-1,tumor
apaocecl-1,tumor
apapibgg-1,tumor
apbcomam-1,tumor
apbjnnga-1,tumor
apbkelng-1,tumor
apbnlnme-1,tumor
apcammch-1,tumor
apcehkbd-1,tumor
apchbddo-1,tumor
apcklfnn-1,tumor
apcknkem-1,tumor
apcmkbob-1,tumor
apcnffpg-1,tumor
apdaobdi-1,tumor
apdcfbjf-1,tumor
apdcfhpe-1,tumor
apdfbdff-1,tumor
apdfifbg-1,tumor
apdideoo-1,tumor
apdlahle-1,tumor
apdlkfpe-1,tumor
apdmpbdg-1,tumor
apdphopb-1,tumor
apednink-1,tumor
apeebimp-1,tumor
apeeldea-1,tumor
apehcbdk-1,tumor
apehojkl-1,tumor
apemfonm-1,tumor
apenmeek-1,tumor
apeplpdn-1,tumor
apffdgdo-1,tumor
apfgmbha-1,tumor
apfpegmp-1,tumor
apgahbnb-1,tumor
apgckkpl-1,tumor
apgeibod-1,tumor
apggebgb-1,tumor
apggfcbc-1,tumor
apgkomcm-1,tumor
apgnpboo-1,tumor
aphbamob-1,normal
aphebndh-1,tumor
aphempmf-1,tumor
aphkdfgc-1,tumor
aphlfdec-1,tumor
aphlgobh-1,tumor
aphmeknp-1,tumor
aphnlkcm-1,tumor
apicenjj-1,tumor
apidbgji-1,tumor
apigmnjk-1,tumor
apignnjk-1,tumor
apikcnkk-1,tumor
apikcobl-1,normal
apinomea-1,tumor
apjbefjn-1,tumor
apjbipdi-1,tumor
apjcbjdh-1,normal
apjdbion-1,tumor
apjhmihg-1,tumor
apjodgnh-1,tumor
apkabfck-1,tumor
apkeldog-1,tumor
apkfeipc-1,tumor
apkgoaei-1,tumor
apklkldd-1,tumor
apknfbai-1,tumor
aplcamja-1,tumor
apldccef-1,tumor
apldefmj-1,tumor
aplidmba-1,tumor
apljbpbe-1,tumor
aplnlepk-1,tumor
aplocgjk-1,tumor
aplpcnmo-1,tumor
aplpidae-1,tumor
apmbbdle-1,tumor
apmbdmml-1,tumor
apmcibne-1,tumor
apmejkgi-1,tumor
apmfedgb-1,tumor
apmfhdmk-1,tumor
apmlafgp-1,tumor
apmmejhm-1,tumor
apmobeje-1,tumor
apnapefm-1,tumor
apndknhm-1,tumor
apnelapa-1,tumor
apnmnkfm-1,tumor
apnnehij-1,tumor
apoddlob-1,tumor
apoeamji-1,tumor
apoedocn-1,tumor
apoghlhg-1,tumor
apojjgcn-1,tumor
apojkppk-1,tumor
apokniki-1,tumor
apomombp-1,tumor
aponenkn-1,tumor
apoofnni-1,normal
apopokmn-1,tumor
appbpchn-1,tumor
appdioco-1,tumor
appfifnf-1,tumor
appgfkpd-1,tumor
appgkheo-1,tumor
apphmokm-1,normal
appphape-1,tumor
baapoijg-1,normal
babbcaaa-1,tumor
babbfpem-1,tumor
babeofmf-1,tumor
babfnekh-1,tumor
babhcdan-1,tumor
babhjopn-1,tumor
babiekhn-1,normal
babjmoij-1,normal
babpkenh-1,tumor
bacapfbg-1,tumor
bacbbign-1,tumor
bacfdoke-1,tumor
bacmlgjk-1,tumor
bacmmkil-1,tumor
bacndghf-1,tumor
bacnenaj-1,tumor
badglecm-1,tumor
badmgjmb-1,tumor
badnldcf-1,tumor
badojcpf-1,tumor
badpcidb-1,tumor
baeamnjm-1,tumor
baebfjph-1,tumor
baecjjka-1,tumor
baecpepb-1,tumor
baedmibk-1,tumor
baekbdej-1,tumor
baekhbkl-1,tumor
baekjhll-1,tumor
baelnefe-1,tumor
baeniaaf-1,tumor
baeoilce-1,tumor
bafbkmmi-1,tumor
bafcdemi-1,tumor
bafelhji-1,tumor
bafghcmk-1,tumor
bafipnbn-1,tumor
bafjadle-1,tumor
baflclpd-1,normal
baflhgdb-1,tumor
bagdiikb-1,normal
bagedfeg-1,tumor
bagnekko-1,tumor
bagpplma-1,normal
bahaelbd-1,normal
bahdbhca-1,tumor
bahdomle-1,tumor
baheafmd-1,tumor
bahgkaon-1,tumor
bahjgjpp-1,normal
bahjglaa-1,normal
bahmolgg-1,normal
baicnbkd-1,normal
baieeaih-1,normal
baiheanj-1,normal
baihocdi-1,normal
baiibnic-1,normal
bajbkhba-1,normal
bajgfmpn-1,normal
bajgonfa-1,normal
bajifkmi-1,normal
bajjofle-1,normal
bajkoikc-1,normal
bajmdajm-1,normal
bajmgpnh-1,normal
bajnnemg-1,normal
bakbhmgp-1,normal
bakfnend-1,normal
bakgljeb-1,normal
bakkfagg-1,normal
baklafgg-1,normal
baklmdgd-1,normal
bakolnbd-1,normal
baldimkn-1,normal
balffhic-1,normal
baljkhao-1,normal
balnjfhh-1,normal
baloledd-1,normal
balpdhaf-1,tumor
bamepedg-1,tumor
bamfibbi-1,tumor
bamicili-1,normal
bamjdlpb-1,normal
bancpphd-1,tumor
bandhfjl-1,tumor
baneompk-1,tumor
baoigoeh-1,tumor
baolbjnf-1,tumor
baondbpm-1,tumor
bapajikl-1,tumor
bapckack-1,tumor
bbacbdkf-1,tumor
bbafmhmi-1,tumor
bbaleiga-1,tumor
bbalgfoo-1,tumor
bbanhcln-1,tumor
bbanodbn-1,tumor
bbbfgnmm-1,tumor
bbbgpbpi-1,tumor
bbbiadif-1,tumor
bbbigjol-1,tumor
bbbnacpb-1,tumor
bbbnlfgo-1,tumor
bbcaocml-1,tumor
bbccbhob-1,tumor
bbchlnfg-1,tumor
bbcipadb-1,tumor
bbclbglo-1,tumor
bbcoofpd-1,tumor
bbcpkefj-1,tumor
bbdbalki-1,tumor
bbddhhfd-1,tumor
bbdegnje-1,tumor
bbdgnnei-1,tumor
bbdhebpe-1,tumor
bbdlmpeb-1,tumor
bbdmkabd-1,tumor
bbeaggnm-1,tumor
bbebemdb-1,tumor
bbeecilk-1,tumor
bbejlbbi-1,tumor
bbembjfe-1,tumor
bbepdejg-1,tumor
bbflbmed-1,tumor
bbflebag-1,tumor
bbfnbbmd-1,tumor
bbfnblhl-1,tumor
bbfoiljl-1,tumor
bbgcllib-1,tumor
bbgdkbdl-1,tumor
bbghpebi-1,normal
bbgimioi-1,normal
bbgjhgcf-1,normal
bbgmiejf-1,normal
bbgniaed-1,normal
bbgpgghn-1,normal
bbhfidpa-1,normal
bbhhomap-1,normal
bbiajhid-1,normal
bbiajoha-1,normal
bbialagf-1,normal
bbibgcnd-1,normal
bbicgbll-1,normal
bbiclkaf-1,normal
bbieepmp-1,normal
bbigofhg-1,normal
bbihodbi-1,normal
bbiiihdn-1,normal
bbinkgkb-1,normal
bbjaigfk-1,normal
bbjflikc-1,normal
bbjilidi-1,normal
bbjljlnl-1,normal
bbjmolfc-1,normal
bbjnnpia-1,normal
bbkbdcfm-1,normal
bbkdjkcg-1,normal
bbkehcdc-1,normal
bbkehgog-1,normal
bbkjlgnb-1,normal
bbkldokf-1,normal
bbkmiioi-1,normal
bblciaij-1,normal
bblehgmp-1,normal
bblgbjdh-1,normal
bbljbgnf-1,normal
bbllleed-1,normal
bbllnjnl-1,normal
bblmfidg-1,normal
bblnngli-1,normal
bbmbanpc-1,normal
bbmebham-1,normal
bbmjbmao-1,normal
bbmkhpgk-1,normal
bbmooldk-1,normal
bbmpflmc-1,normal
bbmpndoe-1,normal
bbnagggp-1,normal
bbnddnjm-1,normal
bbnidkmo-1,normal
bbnkddld-1,normal
bbnmhepo-1,normal
bbnmkgod-1,normal
bbnmnpei-1,normal
bbnojnhj-1,normal
bboablcp-1,normal
bboaepna-1,normal
bbohmmkp-1,normal
bboioofb-1,normal
bbpboeka-1,tumor
bbpdpfae-1,tumor
bbpghjdk-1,tumor
bbphadpm-1,tumor
bbphfbmc-1,normal
bbpjgdag-1,normal
bcaefpfe-1,normal
bcagilkm-1,normal
bcahoinj-1,normal
bcajdbjg-1,normal
bcakipog-1,normal
bcakndbj-1,normal
bcapobca-1,normal
bcbbmihk-1,normal
bcbcgmhi-1,normal
bcbedjkk-1,normal
bcbengkd-1,normal
bcbfmeoo-1,tumor
bcbjolmf-1,tumor
bcbkpajm-1,tumor
bcblecdn-1,tumor
bcbljnje-1,tumor
bcbmcnig-1,normal
bcbndlnp-1,normal
bccclbho-1,normal
bccdljol-1,normal
bccefkhl-1,normal
bccemdgj-1,normal
bccifeja-1,normal
bccomcfp-1,normal
bcdbbkdp-1,normal
bcdhgdbg-1,normal
bcdhnmjl-1,normal
bcdiepgj-1,normal
bcdjhbni-1,normal
bcdjilfp-1,normal
bcdnjeib-1,normal
bcdpkbcg-1,normal
bceaddig-1,normal
bceadnfj-1,normal
bcebmmbh-1,normal
bcedaljd-1,normal
bcedmeee-1,normal
bceeieae-1,normal
bceejoae-1,normal
bcefmljg-1,normal
bcehdbkf-1,normal
bceinonb-1,normal
bcfekpcd-1,normal
bcfgbido-1,normal
bcfggcbd-1,normal
bcfoaggn-1,normal
bcfoegfg-1,normal
bcgfclkb-1,normal
bcgifjkf-1,normal
bcgjpdai-1,normal
bcgmaimi-1,normal
bcgndagl-1,normal
bcgpfghg-1,normal
bchakiio-1,normal
bchbfbap-1,normal
bchcdcji-1,normal
bchcfbpa-1,tumor
bchfncei-1,tumor
bchhimjj-1,tumor
bchjbcjo-1,tumor
bchjolim-1,tumor
bchleoin-1,normal
bchmlkfa-1,tumor
bcieeodg-1,normal
bcifmnfp-1,normal
bcifnkfc-1,normal
bcihammd-1,tumor
bciiaihn-1,tumor
bciihmpb-1,tumor
bcioopfe-1,tumor
bcjbkkji-1,tumor
bcjfnmpb-1,normal
bcjliaap-1,normal
bcjnfmic-1,normal
bckaiffp-1,normal
bckhelol-1,normal
bckikknj-1,normal
bckochob-1,normal
bckodmnl-1,normal
bckpaleh-1,normal
bclcabei-1,normal
bclcogld-1,normal
bclfnlfi-1,normal
bclhcfhi-1,normal
bcljlbnf-1,normal
bcljogjd-1,normal
bcllchpm-1,normal
bclnekhh-1,normal
bclngbja-1,normal
bclnkoeh-1,normal
bclonpko-1,normal
bclopkjp-1,normal
bcmcgiel-1,normal
bcmfbald-1,normal
bcmgbgcf-1,normal
bcmmebfm-1,normal
bcmnppjg-1,normal
bcmpjand-1,tumor
bcnablem-1,tumor
bcnbebna-1,tumor
bcnclhpc-1,tumor
bcnkbdaj-1,tumor
bcnnomcf-1,tumor
bcnoiloo-1,tumor
bcoakmdg-1,tumor
bcoepddl-1,tumor
bcogflee-1,tumor
bcohbnmm-1,tumor
bcojhmgo-1,tumor
bcokafop-1,tumor
bcomgkan-1,tumor
bcpcgkac-1,tumor
bcpcihnj-1,tumor
bcpdpoaj-1,tumor
bcpflnel-1,tumor
bcpgcfdn-1,tumor
bcpjejga-1,tumor
bcpohlel-1,tumor
bdaeaajb-1,tumor
bdafplnl-1,tumor
bdagelob-1,tumor
bdaihdjf-1,normal
bdakkhmf-1,tumor
bdamgimf-1,tumor
bdamhdlb-1,tumor
bdannodd-1,tumor
bdbabchj-1,tumor
bdbbjjmc-1,tumor
bdbcjfob-1,tumor
bdbemmad-1,tumor
bdbfdmpa-1,tumor
bdbfkcbl-1,tumor
bdbfkccg-1,tumor
bdbfpjob-1,normal
bdbgbcej-1,tumor
bdbilapm-1,tumor
bdbiljko-1,tumor
bdbmajhi-1,tumor
bdbmhodn-1,normal
bdbmkkic-1,tumor
bdbnmkoh-1,tumor
bdbohhbh-1,normal
bdcakfjd-1,normal
bdcalhdg-1,normal
bdcbfmmn-1,normal
bdcbmkde-1,tumor
bdccgapl-1,tumor
bdccjfcj-1,tumor
bdcdfnbf-1,normal
bdcimblh-1,tumor
bdcjbjcg-1,tumor
bdcjehck-1,tumor
bdcooglj-1,tumor
bdcpikhp-1,tumor
bddjlfan-1,tumor
bdeaplab-1,tumor
bdedlnef-1,tumor
bdeenjmc-1,tumor
bdegbjlh-1,tumor
bdejjeof-1,tumor
bdenakdg-1,tumor
bdepafpc-1,tumor
bdepngnb-1,tumor
bdfgbhdc-1,tumor
bdfjmlnl-1,tumor
bdfkabbi-1,tumor
bdfmpail-1,tumor
bdfnhcci-1,tumor
bdfodfmf-1,tumor
bdfofohp-1,tumor
bdfpjlhh-1,tumor
bdgcooaf-1,tumor
bdgdfcop-1,tumor
bdgfdflm-1,tumor
bdgjflaj-1,tumor
bdgmeade-1,tumor
bdgmpefl-1,tumor
bdhabcjh-1,tumor
bdhahkfe-1,tumor
bdhcenij-1,tumor
bdhcgdla-1,tumor
bdhggeej-1,tumor
bdhhgojo-1,tumor
bdhipnlf-1,tumor
bdhlpknl-1,tumor
bdhmepoe-1,tumor
bdhpiibn-1,tumor
bdiancpl-1,tumor
bdigjnnn-1,normal
bdimhfpj-1,tumor
bdioeeij-1,tumor
bdjekehh-1,tumor
bdjfniko-1,tumor
bdjgbepf-1,tumor
bdjialdk-1,tumor
bdjieflh-1,tumor
bdjlokgi-1,tumor
bdjmgnlp-1,tumor
bdjmmkca-1,tumor
bdjnddla-1,tumor
bdjnekie-1,tumor
bdjpeaca-1,normal
bdkdkbje-1,tumor
bdkgigcl-1,tumor
bdkjmagj-1,tumor
bdkmcone-1,normal
bdkoepka-1,tumor
bdlaliga-1,tumor
bdlcgigi-1,tumor
bdlhenej-1,tumor
bdljedac-1,tumor
bdlkpfjc-1,tumor
bdlloegn-1,tumor
bdlnllfp-1,normal
bdlpdgan-1,normal
bdmbmmkl-1,tumor
bdmfhnmh-1,normal
bdmhnibn-1,tumor
bdmijhjp-1,tumor
bdmpadbn-1,tumor
bdmplnbf-1,tumor
bdnaeaek-1,tumor
bdnajlmh-1,tumor
bdnbibif-1,tumor
bdneflnc-1,normal
bdnfdipa-1,tumor
bdngclhp-1,tumor
bdnleemp-1,normal
bdnpckgk-1,normal
bdoaapbc-1,tumor
bdocdnoc-1,tumor
bdoebhnb-1,tumor
bdofinof-1,tumor
bdogjfdi-1,tumor
bdonenal-1,tumor
bdoofool-1,tumor
bdpemlii-1,tumor
bdpepmih-1,tumor
bdpfkkfm-1,tumor
bdphafhn-1,tumor
bdphpoph-1,tumor
bdpjmoon-1,tumor
beaaadbh-1,normal
beabonmo-1,tumor
beakpbpk-1,tumor
bealagga-1,tumor
bebcdlmn-1,tumor
bebcodbk-1,tumor
bebdgjoc-1,tumor
bebeamol-1,tumor
bebfpjpe-1,tumor
bebgjeol-1,tumor
bebhhokn-1,tumor
bebnlfbd-1,tumor
bebocpee-1,tumor
becckddo-1,tumor
becdojhl-1,tumor
becefgkn-1,tumor
beceggnj-1,tumor
becekkmh-1,tumor
becjciff-1,tumor
becljdfj-1,tumor
becmbkml-1,tumor
becpdijc-1,tumor
bedbbgpp-1,tumor
bedbcbnb-1,normal
bedeodcf-1,tumor
bedfaddj-1,tumor
bedfcgga-1,tumor
bedjdbli-1,tumor
bedlnkmm-1,tumor
beeaeobn-1,tumor
beecgmdg-1,tumor
beefebea-1,tumor
beegcigl-1,tumor
beehmfgk-1,tumor
beeipmeg-1,tumor
beelgbkl-1,tumor
beemifaf-1,tumor
beempgfl-1,tumor
beenpege-1,tumor
beeodioa-1,tumor
beepjnod-1,tumor
befaflph-1,tumor
befbkali-1,tumor
befbnlfb-1,tumor
befdfopi-1,tumor
befdmenp-1,tumor
befgdoge-1,tumor
befjeoei-1,tumor
befjonji-1,tumor
befonnii-1,tumor
begdbgef-1,tumor
begeinlk-1,tumor
beghnnjf-1,tumor
begklehf-1,tumor
begofbed-1,tumor
begoiflf-1,tumor
behaemnf-1,tumor
behenbdc-1,tumor
behgolnc-1,tumor
behhncji-1,tumor
behiocej-1,tumor
behjckbf-1,tumor
behjkkck-1,tumor
behkcmnc-1,tumor
behkhghb-1,tumor
behldpab-1,tumor
behmagjd-1,tumor
behoghpa-1,tumor
behpdgfi-1,tumor
beibpbcj-1,tumor
beifkjgl-1,tumor
beijalif-1,tumor
beilofie-1,tumor
beioijki-1,tumor
beiphlni-1,tumor
bejadpoa-1,tumor
bejbpbgh-1,tumor
bejefjdc-1,tumor
bejgfkgl-1,tumor
bejhpnod-1,tumor
bejicpbk-1,tumor
bejldibi-1,tumor
bekamdel-1,tumor
bekbeing-1,tumor
bekdjeof-1,tumor
bekeiocl-1,tumor
bekgnnpg-1,tumor
belfohef-1,tumor
beljeaje-1,tumor
bellhfdd-1,tumor
belmlbkb-1,tumor
belmpbkc-1,tumor
bemaehem-1,tumor
bembbdki-1,tumor
bemdfpni-1,tumor
bemeefeh-1,tumor
bemoehhk-1,tumor
bemohlng-1,tumor
benalmif-1,tumor
benbbemh-1,tumor
benepnbl-1,tumor
bengdahc-1,tumor
benkgofc-1,tumor
benllflh-1,tumor
benlmklm-1,tumor
benlobgf-1,tumor
benmhaoo-1,tumor
bennbmnb-1,tumor
bennnajg-1,normal
beobbdcb-1,tumor
beobognd-1,tumor
beochknf-1,tumor
beocmlcn-1,tumor
beoeggkk-1,tumor
beoflpii-1,tumor
beoienji-1,tumor
beoniiei-1,tumor
beonmedc-1,tumor
beoopmof-1,normal
beopanmp-1,tumor
bepanadc-1,tumor
bepcaadl-1,tumor
bepgdffd-1,tumor
bephdmge-1,tumor
bepkknkl-1,tumor
beplglce-1,tumor
bfaededa-1,tumor
bfafdcmk-1,tumor
bfagpmgk-1,tumor
bfaieaha-1,tumor
bfakcmcl-1,tumor
bfannokn-1,tumor
bfaoghin-1,tumor
bfapajhm-1,tumor
bfbamhec-1,tumor
bfbbdnlb-1,tumor
bfbdfekp-1,tumor
bfbhckee-1,tumor
bfbhencf-1,tumor
bfbijnpd-1,tumor
bfbkaofi-1,tumor
bfbnlcnc-1,tumor
bfbnodaj-1,tumor
bfbophdn-1,tumor
bfbpilba-1,tumor
bfccibpo-1,tumor
bfcdkijp-1,tumor
bfcifhbk-1,tumor
bfcljbpc-1,tumor
bfcnjpkn-1,tumor
bfcppmmi-1,tumor
bfdcejbe-1,tumor
bfdfajlh-1,tumor
bfdfndli-1,tumor
bfdklhlc-1,tumor
bfdlcckj-1,tumor
bfdnpehi-1,tumor
bfdocidp-1,tumor
bfdonkon-1,tumor
bfdpajld-1,tumor
bfefbipg-1,tumor
bfehelho-1,tumor
bfejjkio-1,tumor
bfekmald-1,tumor
bffaflmk-1,tumor
bffapiam-1,tumor
bffcfiba-1,tumor
bffkmilp-1,tumor
bffmelba-1,tumor
bffminci-1,normal
bffojjki-1,tumor
bfgcmimf-1,tumor
bfgfcplp-1,tumor
bfgphpjn-1,tumor
bfhbgbjf-1,tumor
bfhceahc-1,normal
bfhfmnfn-1,normal
bfhjffbg-1,normal
bfhkdemb-1,normal
bfhkpapi-1,normal
bfhmnmig-1,normal
bfianckj-1,normal
bfibednb-1,normal
bfibomng-1,normal
bfidchia-1,normal
bfiegdno-1,normal
bfijaiih-1,normal
bfikokni-1,tumor
bfilfmia-1,tumor
bfilnfmi-1,tumor
bfimfdhh-1,tumor
bfineepn-1,tumor
bfipkmed-1,tumor
bfipljaa-1,tumor
bfjabdab-1,tumor
bfjahgpn-1,tumor
bfjbdmmn-1,tumor
bfjbjael-1,tumor
bfjbnkmj-1,tumor
bfjcjhle-1,tumor
bfjeaaie-1,tumor
bfjfeppi-1,tumor
bfjhclpe-1,tumor
bfjkhcpp-1,tumor
bfjkhlmd-1,normal
bfjolbgi-1,normal
bfjphbpn-1,normal
bfkagjcj-1,tumor
bfkcdkma-1,tumor
bfkfbnng-1,tumor
bfkgighm-1,tumor
bfkgkafi-1,tumor
bfkiibog-1,tumor
bfkmipgg-1,tumor
bfknkieo-1,tumor
bfkombfp-1,tumor
bfkppdph-1,tumor
bflchnno-1,tumor
bflcimdg-1,tumor
bflejamc-1,tumor
bflheblb-1,tumor
bflknlen-1,normal
bflmfbah-1,tumor
bflnbmej-1,tumor
bflpkgfg-1,tumor
bfmdchbb-1,tumor
bfmegino-1,tumor
bfmhgnjm-1,tumor
bfmnlcfm-1,tumor
bfnaeodh-1,tumor
bfndmdhk-1,tumor
bfngblco-1,tumor
bfngncbl-1,tumor
bfnjpahk-1,tumor
bfnlnkhh-1,tumor
bfnmfhnd-1,tumor
bfnndnjp-1,tumor
bfnpjcnp-1,tumor
bfocddip-1,tumor
bfodoajo-1,tumor
bfofollf-1,tumor
bfohkikg-1,tumor
bfohlckk-1,tumor
bfojkceb-1,tumor
bfomnbkn-1,tumor
bfopjein-1,tumor
bfpalhja-1,tumor
bfpbjfge-1,tumor
bfpchdbg-1,tumor
bfpdahao-1,tumor
bfpdmpgm-1,tumor
bfpfiejb-1,tumor
bfpibkjf-1,tumor
bfpkbilo-1,tumor
bfpkhaig-1,tumor
bfpmibee-1,tumor
bfpmkcig-1,tumor
bfpoicfn-1,tumor
bgackmke-1,tumor
bgaconne-1,tumor
bgaofjbe-1,tumor
bgaohocp-1,tumor
bgaomhkm-1,tumor
bgbdgflb-1,tumor
bgbembka-1,tumor
bgbfogpl-1,tumor
bgbhbghl-1,tumor
bgbhkbnb-1,tumor
bgbjckfe-1,tumor
bgbkfjjp-1,tumor
bgbljcof-1,tumor
bgbmlijg-1,tumor
bgbmniep-1,tumor
bgbnbjme-1,tumor
bgbpemfa-1,tumor
bgcahbpj-1,tumor
bgcbpebj-1,tumor
bgcgikii-1,tumor
bgclccbi-1,tumor
bgclkkkm-1,tumor
bgclpbmc-1,tumor
bgdepkgc-1,tumor
bgdfpmbj-1,tumor
bgdgfgok-1,tumor
bgdgngkg-1,tumor
bgdnloef-1,tumor
bgdocleo-1,tumor
bgdphipc-1,tumor
bgealjga-1,tumor
bgebjfno-1,tumor
bgebpnic-1,tumor
bgefmjpo-1,tumor
bgegicfd-1,tumor
bgeieibl-1,tumor
bgejbmgo-1,tumor
bgejfnec-1,tumor
bgejgifg-1,tumor
bgekjjpf-1,tumor
bgelafhf-1,tumor
bgemkoml-1,tumor
bgfaakcj-1,tumor
bgfbkiga-1,tumor
bgfddmcf-1,tumor
bgfgnnci-1,tumor
bgfjcjmp-1,tumor
bgflpnoo-1,tumor
bgfmnggj-1,tumor
bgfnjjin-1,tumor
bgfnlecb-1,tumor
bgfohooi-1,tumor
bggbmjpl-1,tumor
bggcmenl-1,tumor
bggkblfj-1,tumor
bggohjid-1,tumor
bggopfhp-1,tumor
bggpmfci-1,tumor
bghcdlha-1,tumor
bghegcke-1,tumor
bghfoomf-1,normal
bghhgpji-1,normal
bghjnjbf-1,tumor
bghmemac-1,tumor
bghoealj-1,tumor
bghpklmo-1,tumor
bgifnppm-1,tumor
bgimjejh-1,tumor
bgimkimh-1,tumor
bgioibjp-1,tumor
bgjclphm-1,tumor
bgjdbnbn-1,tumor
bgjklhjo-1,tumor
bgkbcngc-1,tumor
bgkhaafe-1,tumor
bgkifanj-1,tumor
bgkkmagm-1,tumor
bgklippi-1,tumor
bgkmjejc-1,tumor
bglcidaa-1,tumor
bglcmlag-1,tumor
bgldemep-1,tumor
bgldkadk-1,tumor
bgleafii-1,tumor
bglejlja-1,tumor
bglenlmf-1,tumor
bglgkefi-1,tumor
bglgpmld-1,tumor
bglpahbe-1,tumor
bgmafkmc-1,tumor
bgmapbcl-1,tumor
bgmbebhc-1,tumor
bgmbffpc-1,tumor
bgmcbmla-1,tumor
bgmeidmp-1,tumor
bgmgihdh-1,tumor
bgmpjikl-1,tumor
bgmplpok-1,tumor
bgncpchh-1,tumor
bgndjdjp-1,tumor
bgneplej-1,tumor
bgnfkdmm-1,tumor
bgngimoc-1,tumor
bgnmeffa-1,tumor
bgobdlmn-1,tumor
bgobpoga-1,tumor
bgodhclg-1,tumor
bgoempgh-1,tumor
bgofbfob-1,tumor
bgofciki-1,tumor
bgogpgfg-1,tumor
bgohnafh-1,tumor
bgolnnch-1,tumor
bgomjjgc-1,tumor
bgomohfo-1,tumor
bgooedfi-1,tumor
bgpddigj-1,tumor
bgpebcdl-1,tumor
bgpekbji-1,tumor
bgpjhcpj-1,tumor
bgpkmbai-1,tumor
bgpncill-1,tumor
bhaaoged-1,tumor
bhadcflc-1,tumor
bhaepbnf-1,normal
bhafpjjg-1,normal
bhamaibd-1,normal
bhanhinc-1,normal
bhapphnk-1,normal
bhbakdhk-1,normal
bhbfdgmf-1,normal
bhbfijjk-1,normal
bhbfobij-1,normal
bhbipnoh-1,normal
bhbkhgpa-1,tumor
bhboacje-1,normal
bhcdccdp-1,normal
bhcihccc-1,normal
bhckcaoi-1,tumor
bhclljjj-1,tumor
bhdbappg-1,normal
bhdcmeoc-1,tumor
bhdkfgpn-1,normal
bhdogneg-1,tumor
bheaapen-1,normal
bhedbnee-1,normal
bheealhl-1,normal
bhefijma-1,normal
bhegjkfe-1,normal
bhfaeakg-1,normal
bhfdglph-1,normal
bhfibcdb-1,normal
bhfjipgd-1,normal
bhflhpna-1,normal
bhgaiipc-1,normal
bhgimgoo-1,normal
bhgimpfm-1,normal
bhglnoim-1,normal
bhhacnpe-1,tumor
bhhgmgjn-1,normal
bhhjabjb-1,normal
bhhnbjpk-1,normal
bhhpmeee-1,normal
bhiakflk-1,normal
bhianieo-1,normal
bhidoaln-1,tumor
bhihlpcc-1,tumor
bhilejba-1,tumor
bhilgikg-1,tumor
bhioenpl-1,tumor
bhipmdbk-1,tumor
bhjdhgmn-1,tumor
bhjdpack-1,tumor
bhjeihhe-1,tumor
bhjhabmc-1,tumor
bhjhlpnh-1,tumor
bhjicbkg-1,normal
bhjimpfi-1,tumor
bhjobgmd-1,tumor
bhjolbpf-1,tumor
bhjopbfg-1,tumor
bhkdgfkn-1,normal
bhkdhioj-1,normal
bhkfdila-1,normal
bhkiffdl-1,normal
bhkogiko-1,normal
bhkpcjll-1,normal
bhlcoajn-1,normal
bhleellf-1,tumor
bhlhamdd-1,normal
bhlieeeh-1,normal
bhliokci-1,normal
bhlklblg-1,tumor
bhmalpai-1,tumor
bhmbcbmd-1,normal
bhmcbmlo-1,tumor
bhmigjga-1,tumor
bhmodkej-1,normal
bhngmffo-1,normal
bhngmhem-1,normal
bhnhbjcb-1,normal
bhnihjhe-1,tumor
bhninooj-1,normal
bhnjifdi-1,normal
bhnnhkib-1,tumor
bhnpikgk-1,normal
bhnpjkdb-1,tumor
bhnpkoak-1,normal
bhocomdh-1,normal
bhodpbob-1,tumor
bhofhpbf-1,normal
bhokbjak-1,normal
bhonbdni-1,tumor
bhoonjdi-1,tumor
bhopccno-1,normal
bhpbjpfk-1,normal
bhpbmgba-1,normal
bhpdiohl-1,normal
bhpdlnom-1,normal
bhpimjli-1,normal
bhpkodmo-1,tumor
bhpocngh-1,tumor
bhpojfia-1,tumor
bhpoongp-1,normal
biaballh-1,normal
biacnpee-1,normal
biaedggf-1,normal
bialodad-1,normal
biapjlel-1,normal
bibgdcle-1,normal
biblkngb-1,tumor
biblngic-1,tumor
biccdejc-1,tumor
bicmcaea-1,normal
bicojheb-1,normal
bidabbnb-1,normal
bideonhe-1,normal
bidfepbp-1,normal
bidhgipj-1,normal
bidlfnhe-1,normal
bidnhnik-1,normal
bieaalef-1,normal
biecklfo-1,normal
biedhjlh-1,normal
bieegpok-1,normal
biehogmb-1,normal
bieiidfp-1,normal
biejjndk-1,normal
biekfomb-1,normal
bifeliah-1,tumor
bifhafkp-1,normal
bifldnap-1,tumor
bifljman-1,tumor
bifoebmk-1,normal
bifoipfn-1,normal
bifpagnf-1,normal
bigcaagp-1,tumor
bigcbgag-1,normal
biggblmp-1,normal
bigiicen-1,normal
bigjfamb-1,normal
bigkoghb-1,normal
bigmmmgk-1,normal
bihblfom-1,normal
bihcmibj-1,normal
bihgnjad-1,normal
bihphhip-1,normal
biicmmhb-1,normal
biiigafi-1,normal
biijinka-1,normal
bijboila-1,normal
bijcanpb-1,normal
bijceamp-1,normal
bijfcddj-1,normal
bijhoheb-1,normal
bijjjgai-1,normal
bijpkhdc-1,tumor
bikahekm-1,normal
bikdojnc-1,tumor
bikefbdd-1,normal
bikjijan-1,tumor
bilcjdcf-1,tumor
bildkloo-1,normal
biljclal-1,normal
bilmicac-1,normal
bimbkhji-1,normal
bimdlgjg-1,normal
bimhgfhg-1,normal
bimlhdjg-1,normal
binblobi-1,normal
binionhe-1,normal
biocpnjg-1,normal
biofnfcm-1,normal
biohmnmo-1,normal
bioidenl-1,normal
bipakjle-1,normal
bipapkjg-1,normal
biphiffg-1,normal
bipmcpja-1,normal
bipojcml-1,normal
bjaaaoge-1,normal
bjafddio-1,tumor
bjafmbnj-1,normal
bjankijo-1,normal
bjaofnni-1,normal
bjbcbmpe-1,normal
bjblcfof-1,normal
bjblchkb-1,normal
bjcbogob-1,tumor
bjccgdfm-1,tumor
bjcdcdno-1,tumor
bjcekpea-1,normal
bjcghmap-1,tumor
bjchkkgf-1,tumor
bjcmjmca-1,normal
bjcmlmdp-1,normal
bjcoaelo-1,normal
bjdbimdc-1,tumor
bjdddeng-1,tumor
bjdfbafb-1,tumor
bjdgjoei-1,tumor
bjdjjhjf-1,normal
bjdlgmgh-1,normal
bjdlhmmb-1,normal
bjdojanc-1,normal
bjechhfk-1,normal
bjedlaaa-1,normal
bjeiomfi-1,normal
bjejbihb-1,normal
bjekapin-1,normal
bjengmme-1,normal
bjepgnpc-1,normal
bjfbpdna-1,normal
bjfdakoe-1,normal
bjfdehjk-1,normal
bjfhhpdi-1,normal
bjfinmlo-1,normal
bjfiokij-1,normal
bjfoilpc-1,tumor
bjgfankk-1,normal
bjgfhcbg-1,normal
bjgfjljb-1,normal
bjghcnbc-1,normal
bjghggae-1,normal
bjghjkdk-1,normal
bjgjhfad-1,normal
bjgkbidj-1,normal
bjhdfkop-1,tumor
bjhehpnj-1,tumor
bjhhgebp-1,normal
bjhnmoal-1,normal
bjicblfg-1,tumor
bjicemje-1,normal
bjiepdnc-1,tumor
bjigninj-1,normal
bjihlhgf-1,normal
bjiinmem-1,normal
bjilchof-1,normal
bjimkdkf-1,normal
bjimnpon-1,normal
bjinfgem-1,normal
bjioafli-1,normal
bjippook-1,normal
bjjacnmp-1,normal
bjjdcbhe-1,normal
bjjjekkf-1,normal
bjjlnpfl-1,normal
bjjmgdgi-1,normal
bjjpckpb-1,normal
bjkbfiea-1,normal
bjkfdhee-1,normal
bjkfiial-1,normal
bjkigmkm-1,normal
bjkjbmfj-1,normal
bjkjjjef-1,normal
bjklgahi-1,normal
bjkmpmdh-1,tumor
bjknpoig-1,normal
bjlhnokk-1,normal
bjlkhgem-1,tumor
bjmadgco-1,normal
bjmcllko-1,normal
bjmeedkp-1,normal
bjminbgi-1,normal
bjncfada-1,normal
bjncnkkb-1,normal
bjnfimfh-1,normal
bjnhlhnm-1,normal
bjnihgin-1,normal
bjnimfep-1,normal
bjnmlggd-1,normal
bjnnahni-1,normal
bjnnchap-1,normal
bjobgoji-1,normal
bjohgbbk-1,normal
bjojdcpk-1,normal
bjojkgnh-1,normal
bjopagfh-1,normal
bjpankkf-1,tumor
bjpbomdo-1,normal
bjpeecnj-1,normal
bjpjeofb-1,tumor
bjpjiakc-1,tumor
bjpkbmfn-1,tumor
bjpkchoe-1,tumor
bjpkedkm-1,normal
bkafmndc-1,normal
bkaioeaj-1,normal
bkaioplb-1,normal
bkajpoin-1,normal
bkakjlgn-1,normal
bkallflf-1,normal
bkbcjinn-1,normal
bkbhaiid-1,normal
bkbpjihl-1,normal
bkchfakp-1,tumor
bkcodfpc-1,tumor
bkddkmkc-1,tumor
bkdhjmnd-1,tumor
bkdoakcb-1,tumor
bkdphbph-1,normal
bkecgkni-1,normal
bkedghga-1,tumor
bkeeknfp-1,tumor
bkefbpgf-1,tumor
bkehaeac-1,tumor
bkeljepc-1,tumor
bkemknnh-1,normal
bkfdmpma-1,normal
bkffplek-1,normal
bkfghpak-1,normal
bkfndpbj-1,normal
bkfndpgd-1,normal
bkgcfhoa-1,normal
bkgdhfpa-1,normal
bkgdjnjb-1,normal
bkgnffbp-1,normal
bkgoapcf-1,normal
bkhdbbmp-1,normal
bkhdkfef-1,normal
bkhfcefd-1,normal
bkhgpngc-1,normal
bkhhnhcd-1,tumor
bkhikahn-1,tumor
bkhkdmnm-1,tumor
bkhmkgmm-1,normal
bkhncaed-1,normal
bkhnhkgd-1,normal
bkihanei-1,normal
bkijbbcm-1,normal
bkijfoog-1,normal
bkikghhm-1,normal
bkikiade-1,tumor
bkjbkjmi-1,tumor
bkjcggdm-1,normal
bkjcncjh-1,tumor
bkjomfof-1,tumor
bkkdhlnc-1,tumor
bkkejofe-1,normal
bkkfenbo-1,normal
bkkfnjkk-1,normal
bkkinbhi-1,tumor
bkklckhm-1,tumor
bkklkloa-1,normal
bkkofcdj-1,tumor
bklddgik-1,normal
bklkgbgl-1,normal
bkmbmhfe-1,normal
bkndnboh-1,normal
bknelddl-1,tumor
bkniflnj-1,normal
bkniimaf-1,normal
bknjmgpg-1,normal
bknlmjdd-1,normal
bknlppkh-1,normal
bknmbmaj-1,normal
bknnhgki-1,normal
bknoijbf-1,normal
bknonmce-1,normal
bknppghm-1,normal
bkoapnhk-1,normal
bkocnkhk-1,normal
bkodnfbg-1,normal
bkoekelk-1,normal
bkokonke-1,tumor
bkoledlo-1,normal
bkpefepk-1,tumor
bkpgnegh-1,normal
bkphlahn-1,normal
bkpieoie-1,normal
bkpijoef-1,normal
bkpilclh-1,normal
bkpkekka-1,normal
bkplplag-1,normal
bkpngakb-1,normal
blaapbdp-1,normal
blaccmif-1,normal
blacpalf-1,normal
blakhmla-1,normal
blamamke-1,normal
blanmfff-1,normal
blaobonn-1,normal
blaoedao-1,normal
blapoeje-1,normal
blbbhnjb-1,tumor
blbehgno-1,normal
blbeiamh-1,normal
blbjboko-1,normal
blbjdjmd-1,normal
blbjnojd-1,normal
blbpmogm-1,normal
blcdegkd-1,normal
blcenhcm-1,normal
blchcepo-1,normal
blcjhaoj-1,normal
blclfmfn-1,normal
blcneeok-1,normal
bldbnaao-1,normal
bldgllmd-1,tumor
bldhpbmg-1,tumor
bldighkk-1,tumor
bldipngl-1,tumor
bldjabeh-1,tumor
bleagaif-1,normal
bleaojcm-1,normal
blebkjef-1,normal
blejfnkh-1,tumor
blekfflp-1,normal
blelcfhb-1,normal
blembfjb-1,normal
blempeeb-1,normal
blepekjp-1,normal
blfcnnmg-1,tumor
blfejcpm-1,tumor
blfjafhf-1,normal
blfjfgfc-1,normal
blfnjjic-1,normal
blgcinip-1,tumor
blgeigfc-1,normal
blgiadib-1,normal
blgkllep-1,normal
blhcbfal-1,normal
blhcbfga-1,normal
blhcgdnm-1,normal
blhdamhj-1,tumor
blhechle-1,tumor
blheobbk-1,tumor
blhkdfpl-1,tumor
blhlkmoc-1,tumor
bliajagb-1,normal
blibenfj-1,normal
blidhlnf-1,normal
bliihmmh-1,normal
blilgpga-1,tumor
blimfneo-1,tumor
bliobhji-1,tumor
bljbfdlg-1,tumor
bljebdob-1,tumor
bljeildc-1,tumor
bljfgjfp-1,tumor
bljgjiad-1,normal
bljgljcb-1,normal
bljhailp-1,tumor
bljhamco-1,normal
bljicchn-1,normal
bljleffl-1,tumor
bljnbenp-1,normal
bljnembj-1,normal
bljoaodo-1,normal
blkagjoh-1,normal
blkaomee-1,normal
blkfbicf-1,tumor
blkjnhcf-1,tumor
blkljpjj-1,normal
blklpndc-1,tumor
blkngicc-1,tumor
blkocloh-1,tumor
blkollch-1,normal
blkpbdjj-1,normal
blkpdmgi-1,normal
bllgachg-1,normal
bllgckeo-1,normal
blljalpl-1,normal
blmbcpbd-1,normal
blmbjeei-1,tumor
blmdcalb-1,normal
blmgpcen-1,tumor
blnbabcd-1,tumor
blndbdam-1,tumor
blniebfi-1,normal
blnjelmk-1,normal
blnlmknj-1,normal
blnmengh-1,normal
blocmobi-1,normal
blohbaag-1,normal
bloicfeo-1,normal
bloilgaf-1,normal
blokbfep-1,normal
blokghfd-1,normal
blolfdhj-1,normal
blonlkbi-1,normal
blpbaofa-1,tumor
blpeffbn-1,normal
blpmaimc-1,normal
bmaaekgl-1,normal
bmaahgif-1,normal
bmaepkab-1,normal
bmakffme-1,normal
bmalhgae-1,normal
bmanjbdc-1,normal
bmaolpah-1,normal
bmbaocdk-1,normal
bmbdfifm-1,normal
bmbelddk-1,normal
bmbhgclf-1,normal
bmbkefhh-1,normal
bmbneeed-1,normal
bmbnnang-1,normal
bmbpepac-1,normal
bmbpkfno-1,normal
bmcaaknc-1,normal
bmcbneic-1,normal
bmccaald-1,normal
bmcpbnll-1,normal
bmcpgklm-1,normal
bmdcmmil-1,normal
bmdgkdkm-1,normal
bmdjfdec-1,normal
bmdkemja-1,normal
bmdofaoe-1,normal
bmdohnmb-1,normal
bmdolgop-1,normal
bmeabjoi-1,normal
bmebpcnl-1,normal
bmedaace-1,normal
bmeeemlg-1,normal
bmenbifn-1,normal
bmenmgon-1,normal
bmfdknjb-1,tumor
bmfekgae-1,tumor
bmffbkai-1,normal
bmffoibe-1,normal
bmfijhgj-1,normal
bmfoebaa-1,normal
bmfppkcd-1,normal
bmgdfcpo-1,normal
bmgepmne-1,tumor
bmgfdoon-1,normal
bmggngic-1,normal
bmhcplff-1,normal
bmhdlcgh-1,normal
bmhijlle-1,normal
bmhinchk-1,normal
bmhohbkj-1,normal
bmiangmj-1,normal
bmifhpkn-1,normal
bmijklni-1,normal
bmikeacf-1,normal
bmimodje-1,normal
bmiohbmi-1,normal
bmipeija-1,normal
bmiplfkl-1,normal
bmjaoihc-1,normal
bmjbhpel-1,normal
bmjbjpeb-1,normal
bmjcnocd-1,normal
bmjfbopk-1,normal
bmjmomnb-1,tumor
bmjpjicl-1,tumor
bmlacnhb-1,normal
bmlbgahi-1,normal
bmlckhah-1,normal
bmlebibo-1,normal
bmlgffjc-1,tumor
bmligmnd-1,normal
bmlkepce-1,normal
bmllchag-1,normal
bmlpgiob-1,normal
bmmaomdm-1,normal
bmmdmmae-1,tumor
bmmfpecp-1,normal
bmmglkcj-1,normal
bmmkpihd-1,normal
bmmmmihh-1,normal
bmmogplp-1,normal
bmmpibka-1,tumor
bmnbgepe-1,normal
bmnpckef-1,normal
bmocfefc-1,tumor
bmocknep-1,tumor
bmoflnbk-1,normal
bmogodcj-1,normal
bmolkelf-1,normal
bmollimg-1,tumor
bmpagijb-1,tumor
bmpalaco-1,normal
bmpbcahe-1,tumor
bmpcolal-1,tumor
bmpcoolo-1,tumor
bmphabgb-1,normal
bmphknjk-1,normal
bmpjgnln-1,normal
bmpkcojj-1,tumor
bmpkhgie-1,tumor
bmpnmhlj-1,tumor
bnaanpdd-1,normal
bnackenn-1,normal
bnacpofo-1,normal
bnadggpa-1,normal
bnaempfa-1,normal
bnagmncf-1,normal
bnahfhha-1,normal
bnaiipfn-1,normal
bnakaooo-1,normal
bnalicca-1,normal
bnanalkf-1,normal
bnanjhgp-1,normal
bnapigdo-1,normal
bnbajegf-1,normal
bnbhdkig-1,normal
bnbhoomk-1,normal
bnboehdn-1,normal
bncabkmc-1,normal
bncdcjmc-1,normal
bncoppnm-1,normal
bndhjipb-1,tumor
bndijbed-1,normal
bndimkcf-1,normal
bndkdphe-1,normal
bndmclhn-1,normal
bndmopna-1,normal
bneecjjk-1,tumor
bneldeoc-1,tumor
bnemdaml-1,tumor
bnendoig-1,tumor
bnfbfeil-1,tumor
bnfcnidh-1,normal
bnfcooka-1,normal
bnfdgpca-1,normal
bnfgndcm-1,normal
bnfhpbfj-1,normal
bnflcdmk-1,normal
bnflnimh-1,normal
bnfnplgb-1,normal
bnfolffi-1,normal
bngchajb-1,tumor
bngeiclh-1,normal
bngfcgip-1,normal
bnglcapl-1,normal
bngpojck-1,tumor
bnhajopl-1,tumor
bnhdfljb-1,tumor
bnhemgca-1,normal
bnicibdm-1,normal
bnidooba-1,normal
bnieahnn-1,normal
bniemnnn-1,normal
bnjeagfl-1,normal
bnjhmnni-1,normal
bnjkalhi-1,normal
bnjldhmm-1,normal
bnjpafld-1,normal
bnkapfic-1,normal
bnkfnepl-1,normal
bnkjeomo-1,normal
bnkmgdpc-1,normal
bnkmhcln-1,normal
bnkmicbh-1,normal
bnknfjkh-1,normal
bnkojomj-1,normal
bnleehah-1,normal
bnljaihn-1,normal
bnlmbpae-1,normal
bnlomgll-1,normal
bnmienal-1,normal
bnmkpehb-1,normal
bnmlabgi-1,normal
bnmocaam-1,normal
bnnaejai-1,normal
bnncnoaf-1,normal
bnnfelkl-1,normal
bnnljiil-1,normal
bnnncomn-1,normal
bnoagpmi-1,normal
bnobdcff-1,normal
bnocbcbj-1,normal
bnoooiic-1,normal
bnpealof-1,normal
bnpjjpmk-1,tumor
bnpnjlbc-1,normal
bnpoppem-1,normal
bnppjljo-1,normal
boaaaegi-1,normal
boaeioek-1,normal
boanndbf-1,normal
boapbifc-1,normal
bobccdje-1,normal
bobdalck-1,normal
bobjegcm-1,normal
bobljdck-1,normal
bocfhbgf-1,normal
bocgjpba-1,normal
bocjmcad-1,normal
bockdknb-1,normal
bocklnam-1,normal
bocohofc-1,normal
bodacnhl-1,normal
bodcmfep-1,normal
bodepbjg-1,normal
bodhibkj-1,normal
bodnolpp-1,normal
boekmoon-1,normal
boemolnp-1,normal
bofhjccj-1,normal
bofppamf-1,tumor
bogalaao-1,tumor
boghjibc-1,normal
boghmhmc-1,normal
bogpondn-1,normal
bohdciif-1,normal
bohfpego-1,normal
bohhgffi-1,normal
bohkolne-1,normal
bohlcifb-1,normal
bohndifi-1,tumor
boibpceg-1,tumor
boiejiki-1,normal
boigekkp-1,normal
boikadpc-1,normal
boikjcbf-1,normal
boikpjgb-1,normal
boinmohg-1,normal
boinnjfn-1,tumor
boioljdl-1,tumor
bojafhan-1,normal
bojaibnd-1,normal
bojhmpdo-1,normal
bojijgko-1,normal
bojlcmcd-1,normal
bojoijkg-1,tumor
bojojfje-1,tumor
bokecbeg-1,tumor
bokemknc-1,tumor
bokfkpgh-1,normal
bokhgmol-1,normal
bokknoep-1,normal
boklbjph-1,tumor
bokmigeo-1,tumor
bokngakp-1,normal
bokpjfji-1,tumor
bolcflck-1,normal
bolefmak-1,tumor
bolfgpnh-1,normal
bolmlmcm-1,tumor
bolnohca-1,normal
bolphikf-1,tumor
bomfkdhh-1,tumor
bomjdcde-1,normal
bomlbjcf-1,normal
bomlcaba-1,normal
bommcleh-1,normal
bompoknk-1,normal
boncbibj-1,normal
bongbmba-1,normal
bonhdbpp-1,tumor
bonliibh-1,normal
bonmikbg-1,normal
bonnhjde-1,normal
booebcan-1,normal
booecomg-1,normal
boohpbgl-1,normal
bookbdfi-1,normal
bookieig-1,tumor
booofpjj-1,tumor
bopbaeek-1,tumor
bopikchp-1,tumor
bopkcgck-1,normal
bpaekhjd-1,tumor
bpagfeph-1,normal
bpaglcej-1,tumor
bpakjecb-1,normal
bpalbifa-1,normal
bpanibno-1,normal
bpanlidg-1,tumor
bpapbdja-1,normal
bpapfhfm-1,normal
bpaplhon-1,tumor
bpbgeebd-1,tumor
bpbgijij-1,tumor
bpbgjcmp-1,tumor
bpbkipji-1,tumor
bpblplim-1,normal
bpbolkja-1,tumor
bpcacmbo-1,tumor
bpcchmjb-1,normal
bpcgjinj-1,tumor
bpchbein-1,tumor
bpckgdmc-1,tumor
bpckjjeb-1,normal
bpcmfdkf-1,normal
bpcmggdn-1,tumor
bpcobbig-1,normal
bpdbnbhh-1,tumor
bpdccjkn-1,tumor
bpdeefih-1,tumor
bpdjkfaj-1,tumor
bpdogdbk-1,tumor
bpebienf-1,normal
bpedpiic-1,normal
bpefjkda-1,normal
bpelohcg-1,normal
bpemgkcj-1,normal
bpemmdfl-1,normal
bpenmaoo-1,normal
bpeoknno-1,normal
bpfablbf-1,normal
bpfmdofo-1,normal
bpfnehod-1,normal
bpfpogoi-1,normal
bpfppnlc-1,normal
bpgbjllj-1,normal
bpgckckg-1,normal
bpgdbodh-1,normal
bpgehknk-1,normal
bpghcafc-1,tumor
bpgmkdnh-1,normal
bphcgkhg-1,normal
bphibmnn-1,normal
bphkkljg-1,tumor
bphlckao-1,tumor
bphpjnok-1,tumor
bpicifjo-1,tumor
bpidpcdc-1,normal
bpjaodcl-1,normal
bpjbkaec-1,normal
bpjegime-1,normal
bpjelopa-1,normal
bpjlhneg-1,normal
bpjmdamd-1,normal
bpkbkggj-1,tumor
bpkcjpmk-1,tumor
bpkdiing-1,tumor
bpkfhihi-1,tumor
bpkgacpl-1,tumor
bpkpbdlc-1,tumor
bplkajpf-1,tumor
bplllnck-1,tumor
bplpbmbk-1,tumor
bpmaedmc-1,normal
bpmbbkeo-1,tumor
bpmhaebd-1,normal
bpmmcodg-1,tumor
bpncdeng-1,tumor
bpneedbh-1,tumor
bpnhoheb-1,tumor
bpnnncai-1,tumor
bpnoablp-1,tumor
bpofcomi-1,normal
bpofgokh-1,tumor
bpogdcoo-1,normal
bpohcjgm-1,tumor
bpokacij-1,tumor
bpomknjb-1,normal
bpoofjma-1,tumor
bppfipfn-1,tumor
bppihflc-1,tumor
caaakigj-1,tumor
caadmaig-1,tumor
caamgfgb-1,tumor
caapemke-1,tumor
cabapfah-1,normal
cabcgpph-1,tumor
cabdnnhk-1,tumor
cabhljci-1,normal
cabjcoml-1,tumor
cabjdfbp-1,tumor
cabldeka-1,normal
cablkfgc-1,tumor
cabloedo-1,tumor
cabohpmm-1,tumor
cacjeilk-1,normal
cacjpkjl-1,normal
cadehibk-1,normal
cadeimil-1,normal
cadghjgb-1,tumor
cadkmhcd-1,normal
cadokfon-1,normal
caecblah-1,normal
caeefcke-1,tumor
caeehibp-1,normal
caeikagn-1,normal
caenojin-1,tumor
caepbbjc-1,normal
cafbdbmk-1,tumor
cafdpkif-1,normal
caffdjhi-1,tumor
cafkgahn-1,tumor
cafncogj-1,tumor
cafnloli-1,tumor
cagfahkl-1,tumor
cagfeoof-1,tumor
caggdphf-1,tumor
cagidoco-1,tumor
cagililm-1,normal
cagjodmg-1,tumor
cagpahpg-1,normal
cagpfdgm-1,normal
cahdkaag-1,normal
cahfaoej-1,tumor
cahfoaog-1,normal
cahhjcdl-1,normal
cahjaekp-1,tumor
cahmbola-1,tumor
caiadgkb-1,tumor
caiblgpf-1,tumor
caijehnp-1,normal
caimelpl-1,normal
caimnhnh-1,normal
cajbcdia-1,tumor
cajkjicb-1,tumor
cajnjdci-1,tumor
cajpdkbc-1,normal
cakabnhd-1,tumor
cakcofmm-1,tumor
cakfoaln-1,normal
cakgfpap-1,normal
cakhpknj-1,normal
caklhfda-1,normal
calfbbpb-1,normal
calhigmk-1,normal
calhmhod-1,normal
callgpkl-1,normal
calmdpdk-1,normal
calnddog-1,normal
calnlomc-1,normal
camalkea-1,tumor
camgcdef-1,tumor
camgkkpp-1,normal
camhdnbf-1,normal
cammcddi-1,normal
camogofg-1,tumor
cancoekj-1,normal
candkfjc-1,normal
canehlml-1,normal
cangmmcp-1,normal
canioccn-1,tumor
canjafed-1,normal
canklijg-1,tumor
canncjdg-1,tumor
canoecgg-1,tumor
caoihihe-1,normal
capcgiod-1,normal
capdbjma-1,normal
capncgim-1,normal
cbabmjld-1,tumor
cbaimobg-1,normal
cbamdcab-1,normal
cbapdhom-1,tumor
cbbbaalp-1,tumor
cbbicnie-1,normal
cbbigbaj-1,normal
cbbkclfd-1,normal
cbbkedgk-1,tumor
cbbmancd-1,tumor
cbbploea-1,tumor
cbbpmfmo-1,normal
cbcgbila-1,tumor
cbcklani-1,tumor
cbclkehp-1,normal
cbcondkl-1,tumor
cbdflidb-1,tumor
cbdiedkl-1,tumor
cbdjpifj-1,tumor
cbdkegnj-1,tumor
cbdknipn-1,tumor
cbdnmgli-1,normal
cbeibjmn-1,normal
cbeipfdp-1,normal
cbfecikd-1,tumor
cbfigpne-1,normal
cbfpigha-1,tumor
cbgappgm-1,normal
cbgdebpg-1,tumor
cbgmkbkb-1,tumor
cbgppiki-1,tumor
cbhadfhb-1,tumor
cbhgikaf-1,normal
cbhipfbj-1,normal
cbhkdkjg-1,normal
cbieopan-1,normal
cbijkkfd-1,tumor
cbipifmm-1,normal
cbippkam-1,tumor
cbjeagga-1,normal
cbjfipoe-1,normal
cbjiicki-1,normal
cbjipikg-1,normal
cbjjofak-1,normal
cbjklmee-1,normal
cbjmkigi-1,normal
cbjnoodm-1,normal
cbjpbkoe-1,normal
cbjpegbk-1,normal
cbjpmkhn-1,tumor
cbkbieip-1,normal
cbkeabhb-1,normal
cbklikgm-1,normal
cbldcdkk-1,normal
cblgaeae-1,normal
cblnpjgk-1,normal
cblpiefh-1,normal
cbmfejkl-1,normal
cbmibehn-1,tumor
cbmjmklp-1,tumor
cbmlebmj-1,normal
cbmmkgle-1,normal
cbnbbena-1,normal
cbnfehgb-1,normal
cbnlkhff-1,tumor
cboehobl-1,normal
cbokpdkh-1,normal
cbopmcoe-1,normal
cbpcenhn-1,normal
cbpcimjj-1,normal
cbpeaago-1,normal
cbphhcfo-1,normal
cbpnbahf-1,normal
cbppcalo-1,normal
ccaacobc-1,tumor
ccafbbdn-1,tumor
ccahmmha-1,normal
ccamegbj-1,normal
ccbbigkj-1,normal
ccbobcjp-1,normal
cccbiaad-1,tumor
cccbjcee-1,tumor
cccfiffl-1,tumor
cccghlpb-1,tumor
cccnacld-1,tumor
ccdecged-1,normal
ccdjncmg-1,normal
ccdlhmgf-1,normal
ccdmlkah-1,normal
ccedmimg-1,tumor
ccekcflf-1,normal
ccelggka-1,normal
ccfaboad-1,normal
ccfbieml-1,normal
ccfefcjo-1,normal
ccfphgdc-1,normal
ccgdapdb-1,tumor
ccgffbic-1,normal
ccggdjlh-1,normal
ccghkkle-1,normal
ccglljlm-1,tumor
ccgnpbkl-1,normal
cchbkcoi-1,tumor
cchcohpn-1,tumor
cchmlcla-1,normal
cciccime-1,normal
ccihdbdc-1,normal
ccjbcmom-1,tumor
ccjdclbj-1,normal
ccjdhjib-1,tumor
ccjllgjc-1,normal
cckfahba-1,normal
cckhkhfn-1,normal
cckikeeo-1,normal
cclefdoc-1,normal
cclehpip-1,normal
ccljdmbb-1,tumor
cclogokg-1,normal
cclpdjkm-1,normal
ccmdoklj-1,normal
ccmfoeoi-1,tumor
ccmipjha-1,tumor
ccmlgijl-1,normal
ccmnfdcl-1,normal
ccndmckm-1,normal
ccnmbfff-1,tumor
ccnpheof-1,normal
ccoacocc-1,tumor
ccofagnj-1,normal
ccojpngh-1,normal
ccopkkkp-1,normal
ccpdgjdc-1,normal
ccphckfo-1,normal
ccpjknff-1,normal
cdaddbel-1,tumor
cdadnogi-1,tumor
cdbachll-1,normal
cdbhepgd-1,tumor
cdbjdjof-1,normal
cdbkhple-1,normal
cdblgfjm-1,normal
cdcdaobb-1,normal
cdcijdgn-1,normal
cdcmahld-1,normal
cdcnmmho-1,normal
cddbdiag-1,normal
cddfnamm-1,normal
cddjlknd-1,normal
cddkhnbp-1,tumor
cdehiegc-1,normal
cdeodaam-1,normal
cdfdkgcj-1,normal
cdfhkjph-1,tumor
cdfidoma-1,normal
cdfihepa-1,normal
cdfmhhgc-1,normal
cdfppgab-1,normal
cdgachng-1,normal
cdgaecld-1,normal
cdgajaoe-1,tumor
cdgcpllm-1,normal
cdgehjjk-1,normal
cdgfankd-1,normal
cdggjfim-1,normal
cdgikepd-1,normal
cdgkjlki-1,normal
cdglghne-1,tumor
cdglkcen-1,tumor
cdglkdfe-1,normal
cdhbdppa-1,normal
cdhflklj-1,normal
cdhgioap-1,normal
cdhpkkig-1,normal
cdibkdhd-1,tumor
cdicikke-1,normal
cdighlim-1,normal
cdijlfkd-1,normal
cdikeibb-1,normal
cdiodian-1,normal
cdjdbakc-1,normal
cdjgkkfi-1,normal
cdjmkbah-1,tumor
cdjnckjg-1,tumor
cdjociae-1,normal
cdjpblga-1,tumor
cdkaocph-1,normal
cdkbkkin-1,normal
cdkifhhg-1,tumor
cdknbhlp-1,tumor
cdlemecb-1,tumor
cdlgepdh-1,tumor
cdlkhebd-1,tumor
cdlkofai-1,normal
cdmaecbd-1,normal
cdmcjifb-1,tumor
cdmdbhbc-1,normal
cdmeddlf-1,normal
cdmfdenh-1,tumor
cdmiigap-1,normal
cdnaflip-1,normal
cdndlojg-1,normal
cdnfkgdp-1,tumor
cdnjnmfp-1,tumor
cdnkdngm-1,tumor
cdnobmog-1,tumor
cdnohooh-1,normal
cdobolmg-1,tumor
cdocleak-1,tumor
cdodhane-1,tumor
cdodjdnl-1,tumor
cdodjndo-1,tumor
cdognido-1,tumor
cdoiakae-1,tumor
cdokkaam-1,tumor
cdolecpi-1,tumor
cdoocfef-1,normal
cdoomjmi-1,tumor
cdopildf-1,tumor
cdpagiok-1,tumor
cdpefiin-1,tumor
cdpfmfff-1,tumor
cdpkecdk-1,tumor
cdpnclgh-1,tumor
cdppjpkh-1,normal
cdpplieo-1,tumor
ceaaognp-1,tumor
ceaddffm-1,tumor
ceaenpcj-1,normal
ceaieobh-1,tumor
ceajckpo-1,tumor
cealhkab-1,tumor
ceapjnac-1,normal
cebbillg-1,tumor
cebbolfa-1,tumor
cebggnen-1,tumor
cecbjlkh-1,tumor
cecceokc-1,normal
cecdiajj-1,tumor
cecfipij-1,tumor
cecibafn-1,normal
cecpijbb-1,tumor
cecpncll-1,tumor
cedafndp-1,tumor
cedbaloo-1,tumor
ceddnagh-1,tumor
ceddpipj-1,tumor
cedeplfb-1,tumor
cedfodoe-1,tumor
cediibik-1,normal
cedlahbj-1,normal
cedmkhjp-1,normal
cedodegc-1,normal
ceehmnjc-1,tumor
cefgheml-1,tumor
cefiigap-1,normal
cefobfke-1,normal
cegakphi-1,normal
cegbogag-1,normal
cegcpdhk-1,tumor
cegdpeik-1,normal
ceghkcpe-1,normal
ceghldio-1,normal
cegmgeij-1,normal
cehbmaik-1,normal
cehckkin-1,normal
cehfgkgd-1,normal
cehmfmak-1,tumor
cehphmbj-1,normal
ceigjjii-1,normal
ceiglpmi-1,normal
ceipdcgd-1,normal
ceipikfp-1,normal
cejacejm-1,normal
cejbfpah-1,normal
cejecmfb-1,tumor
cejekfbo-1,tumor
cejocnhd-1,tumor
cekbahad-1,tumor
cekdoolj-1,normal
cekefkng-1,tumor
celbmadl-1,normal
celeehdb-1,normal
celhicli-1,normal
celiopef-1,tumor
cellikdn-1,tumor
cemagmbn-1,normal
cemhioei-1,normal
cemofhpa-1,tumor
cemoilgc-1,tumor
cencbijp-1,tumor
cendbnpm-1,tumor
cenedjhn-1,tumor
cengomjg-1,tumor
cenhgnhp-1,normal
cenkebhb-1,normal
cenldibj-1,normal
cenmehfg-1,tumor
cenmiief-1,tumor
cenmongi-1,normal
cenneplc-1,normal
ceobboen-1,tumor
ceokpclm-1,normal
cepebhfd-1,tumor
cephghgl-1,tumor
ceplghck-1,normal
cepllphp-1,tumor
cepmgacg-1,normal
cfapbhpd-1,normal
cfbbgbpg-1,tumor
cfbkagnl-1,normal
cfbmkeea-1,normal
cfcaeinn-1,normal
cfcclanb-1,tumor
cfcfnpno-1,tumor
cfchleje-1,normal
cfchlplk-1,tumor
cfcohhcg-1,normal
cfdagnhl-1,normal
cfdejihi-1,tumor
cfdhhimi-1,tumor
cfdlhgic-1,normal
cfecabfi-1,normal
cfeegbno-1,normal
cfefibnp-1,tumor
cfeihlpk-1,tumor
cfejbkgo-1,tumor
cfeleobh-1,tumor
cfeobfan-1,normal
cfeofoeh-1,tumor
cffcjhfo-1,tumor
cffdadho-1,tumor
cffdklee-1,tumor
cffgffbc-1,tumor
cffgiebp-1,tumor
cffgjpmn-1,tumor
cffkdbhe-1,tumor
cffmdfeh-1,tumor
cfgcmcpm-1,tumor
cfgcnhbp-1,normal
cfgdmabm-1,normal
cfgfdjno-1,normal
cfgiehjh-1,tumor
cfgimken-1,tumor
cfgjapll-1,normal
cfgjhcom-1,tumor
cfgkkkdg-1,tumor
cfgpfnmj-1,normal
cfgpnafo-1,normal
cfgpoddc-1,tumor
cfhdpahf-1,tumor
cfheglio-1,normal
cfhfgjmp-1,tumor
cfhihiji-1,tumor
cfhkdgfn-1,tumor
cfhkfjme-1,normal
cfhnijmi-1,normal
cfiandjo-1,tumor
cfiblkpc-1,tumor
cficfiem-1,tumor
cfidgbch-1,tumor
cfifeemg-1,normal
cfifpfjc-1,normal
cfigbila-1,tumor
cfihockf-1,tumor
cfiiblgk-1,tumor
cfiikglo-1,tumor
cfjalnpk-1,tumor
cfjeneio-1,tumor
cfjfmnmn-1,tumor
cfkbidai-1,tumor
cfkdpbje-1,tumor
cfkemoip-1,tumor
cfkgfkkj-1,tumor
cfkiepjg-1,tumor
cfkmhabb-1,tumor
cfkoejkh-1,tumor
cflcnjjp-1,tumor
cfldeceg-1,tumor
cflgiapm-1,tumor
cfljgnbb-1,tumor
cflmiboc-1,tumor
cfloemhb-1,normal
cfloomaj-1,normal
cflplglj-1,normal
cfmehkpi-1,tumor
cfmkgiif-1,tumor
cfnbgjgf-1,tumor
cfnbpihn-1,tumor
cfnekmbn-1,normal
cfnhopbc-1,normal
cfnilffa-1,normal
cfnoceig-1,normal
cfofalcj-1,normal
cfofpjff-1,normal
cfoggcme-1,tumor
cfojakeb-1,tumor
cfomlmmj-1,tumor
cfpchngl-1,tumor
cfpgnpfa-1,normal
cfpooenk-1,normal
cgaenlgm-1,normal
cgaghogl-1,normal
cgahajjl-1,normal
cgamphlj-1,normal
cgaoemdn-1,tumor
cgbafamd-1,normal
cgbgccel-1,tumor
cgbippci-1,tumor
cgbmidbj-1,normal
cgbpimac-1,tumor
cgcaahmj-1,normal
cgchbhlh-1,tumor
cgchkogi-1,tumor
cgcmfgek-1,tumor
cgdbmedd-1,normal
cgdfnako-1,tumor
cgdgdddj-1,tumor
cgdkefob-1,tumor
cgdlccld-1,tumor
cgdlhokn-1,tumor
cgdmcbfn-1,normal
cgdmelnc-1,normal
cgdoeenl-1,normal
cgehgjph-1,normal
cgeigdfc-1,normal
cgfelegd-1,normal
cgfibcgo-1,normal
cgfifike-1,normal
cgfinlfi-1,tumor
cgfopgjh-1,tumor
cggapmfg-1,tumor
cgggoeol-1,normal
cggjheae-1,normal
cggpbjan-1,normal
cghelphl-1,normal
cghkbhop-1,tumor
cghlndfi-1,normal
cgibfnpc-1,tumor
cgidfjba-1,normal
cgimfgbf-1,tumor
cgimplcf-1,tumor
cgjgepcl-1,tumor
cgjhfjma-1,tumor
cgjifedj-1,tumor
cgjjjiek-1,tumor
cgjkifoc-1,normal
cgjlamae-1,tumor
cgkdebal-1,tumor
cgkfjikn-1,normal
cgknlokj-1,tumor
cglaiohj-1,tumor
cglchckc-1,tumor
cglfpcne-1,normal
cglhmhcc-1,normal
cglkhhdb-1,normal
cgllmhkh-1,normal
cglmplpk-1,normal
cgloefdl-1,normal
cgmfdomk-1,normal
cgmhiakj-1,normal
cgmnhaan-1,normal
cgmoofja-1,normal
cgnaodah-1,normal
cgncandc-1,normal
cgndjobc-1,normal
cgnemidp-1,tumor
cgniemgp-1,tumor
cgniiakj-1,tumor
cgniojpl-1,tumor
cgnldmcf-1,tumor
cgnnepon-1,normal
cgnnjlde-1,tumor
cgnoknig-1,tumor
cgnpdboi-1,normal
cgobejgl-1,normal
cgoclaog-1,normal
cgodihcc-1,normal
cgofjodm-1,normal
cgofojnk-1,normal
cgokmiao-1,normal
cgonkgho-1,tumor
cgpegjaf-1,normal
cgpolgnk-1,tumor
chaiiijl-1,tumor
challopg-1,tumor
chanciho-1,tumor
chbakllm-1,tumor
chbbhgjj-1,normal
chbcecio-1,normal
chbdgmbj-1,normal
chbfkkih-1,normal
chbgchll-1,tumor
chbioghj-1,tumor
chbldbdj-1,normal
chblhkdd-1,tumor
chcbfhap-1,tumor
chcfegfm-1,tumor
chcgpopd-1,normal
chchjbfb-1,tumor
chcmgppb-1,normal
chcnpccg-1,tumor
chdkcpii-1,normal
chdocamk-1,normal
chdpmdcg-1,normal
cheahjdb-1,tumor
chebbjgj-1,normal
chehhkil-1,tumor
cheipole-1,tumor
chelegfi-1,normal
chfdjeif-1,normal
chfhfckf-1,normal
chfomdgn-1,normal
chfplkch-1,normal
chgdafcp-1,tumor
chgecmbp-1,normal
chgejaon-1,tumor
chhblgjg-1,tumor
chhcfcka-1,normal
chhdaamb-1,normal
chhgfefk-1,tumor
chhheoig-1,normal
chhkgipc-1,normal
chhndelc-1,normal
chidlpjb-1,tumor
chielfog-1,normal
chigcdfb-1,normal
chijokgm-1,normal
chinbffa-1,normal
chjblpih-1,normal
chjbofnd-1,normal
chjdcafb-1,normal
chjebmpk-1,normal
chjilmli-1,normal
chjlokbo-1,normal
chkfjeik-1,normal
chkhajnp-1,normal
chkhdlgg-1,normal
chkkfbnp-1,normal
chlaefal-1,normal
chlhdhfo-1,normal
chljfdao-1,normal
chljkpop-1,normal
chlkkajk-1,normal
chlknmnk-1,normal
chlkojop-1,normal
chlmlajd-1,tumor
chlocmae-1,normal
chlpeekm-1,normal
chlppcek-1,tumor
chlppkaj-1,normal
chmfhghk-1,tumor
chmgacpn-1,normal
chmjajlo-1,normal
chmldfoj-1,normal
chmmfhic-1,normal
chndhegf-1,tumor
chnfollp-1,tumor
chocblii-1,normal
choelneg-1,tumor
chofhnbi-1,tumor
chofmgeh-1,normal
chogegbn-1,normal
choiagbo-1,tumor
ciaagjbg-1,tumor
ciaenbfj-1,tumor
ciahaaii-1,normal
cialhiol-1,tumor
ciamjjmj-1,normal
ciamlieg-1,normal
ciapngha-1,normal
cibcopem-1,normal
cibfeinp-1,normal
cibipgaa-1,normal
cibnelbo-1,normal
cibnmfdc-1,normal
cibokllj-1,normal
ciboknpi-1,normal
cibpcehj-1,normal
cicajoob-1,normal
cickkpbo-1,normal
ciclihph-1,normal
cicobdfg-1,normal
cicoikbd-1,normal
cicpcibd-1,tumor
cidchmac-1,normal
cidfbfab-1,normal
cidgaegc-1,tumor
cidgjnma-1,tumor
ciecafim-1,normal
ciecaobb-1,tumor
ciegmmig-1,normal
ciehbjfn-1,normal
cifhmmkg-1,tumor
cifjolnh-1,tumor
ciflkcao-1,normal
cigcfjna-1,tumor
cihklbhk-1,normal
cihmpkig-1,tumor
ciiaepml-1,tumor
ciigjjkk-1,normal
ciihoomp-1,tumor
ciikabko-1,normal
ciimdpoi-1,tumor
ciimkfab-1,tumor
ciinfnlk-1,normal
ciinnllh-1,normal
cijedjfe-1,tumor
cijfiemi-1,tumor
cijmbmfo-1,normal
cijmcknh-1,tumor
cijppdni-1,tumor
cikcjeod-1,tumor
cikfbobn-1,normal
cikgeibo-1,normal
cikjkkab-1,normal
cikmjlif-1,tumor
cikoilec-1,normal
cikpfmen-1,normal
cilacpgi-1,normal
cilcmbhk-1,normal
cilecbig-1,tumor
cimbooid-1,tumor
cimcanae-1,tumor
cimfblnd-1,normal
cimfokkp-1,tumor
cimghfdi-1,normal
cimlhlkk-1,tumor
cimlpele-1,tumor
cindljko-1,tumor
cinffade-1,normal
cinghiea-1,normal
cinlmoio-1,tumor
cinohghl-1,normal
cinpoiie-1,normal
cioaalbh-1,tumor
ciogonlo-1,tumor
ciohemne-1,tumor
ciomkibg-1,normal
cionejpc-1,tumor
cipagdeo-1,normal
cipaibji-1,tumor
cipbhigm-1,tumor
cipcigbn-1,tumor
cipeidhk-1,tumor
cipgnljg-1,tumor
cipgpkab-1,tumor
cipkfkpp-1,normal
cjaacclb-1,normal
cjaadnnm-1,normal
cjacjokj-1,tumor
cjaeemfn-1,tumor
cjahkneh-1,tumor
cjahkoeo-1,tumor
cjakhmmj-1,tumor
cjaoplhj-1,tumor
cjbbdhbi-1,tumor
cjbibknm-1,normal
cjbjjkmg-1,tumor
cjbkmdad-1,normal
cjbloglk-1,normal
cjbmlole-1,tumor
cjcehajd-1,normal
cjcembgc-1,normal
cjcjkkaf-1,normal
cjcjogjj-1,tumor
cjckmkhc-1,tumor
cjcmagei-1,tumor
cjcplghd-1,tumor
cjddikkk-1,tumor
cjdecojb-1,tumor
cjdflabm-1,tumor
cjdllbof-1,normal
cjdopfpd-1,tumor
cjeibpce-1,tumor
cjejhple-1,normal
cjelmdhb-1,normal
cjemkfpd-1,normal
cjfdoobc-1,tumor
cjfgccgi-1,tumor
cjfghbai-1,tumor
cjfhdoaj-1,tumor
cjgahklg-1,normal
cjgchbcj-1,normal
cjgfcmck-1,normal
cjglpgjl-1,normal
cjgnjjig-1,normal
cjgofgdm-1,normal
cjgoihkf-1,normal
cjgopmdj-1,normal
cjhbanip-1,normal
cjhdenfa-1,normal
cjheagaj-1,tumor
cjhemhnh-1,normal
cjhfhedb-1,normal
cjhghanc-1,normal
cjhpllpl-1,normal
cjifjjao-1,normal
cjihcolh-1,normal
cjiippkb-1,normal
cjilkbjm-1,normal
cjjkdebk-1,normal
cjkfknim-1,tumor
cjkgapfl-1,tumor
cjkjdodh-1,tumor
cjkjoede-1,normal
cjkkbjkk-1,tumor
cjkmpacp-1,normal
cjlebgni-1,normal
cjleklla-1,tumor
cjlfbaof-1,tumor
cjlglpie-1,tumor
cjlgmali-1,tumor
cjlkchni-1,tumor
cjlmomoe-1,tumor
cjloenfo-1,tumor
cjlonhgg-1,normal
cjmaadha-1,tumor
cjmabobh-1,normal
cjmeokno-1,normal
cjmfmffc-1,normal
cjmgcndm-1,tumor
cjmhofnm-1,normal
cjmkdiff-1,normal
cjmmijin-1,normal
cjmpedbl-1,normal
cjncobpk-1,normal
cjnfhjpl-1,normal
cjngadem-1,normal
cjngbkhb-1,normal
cjnkgcod-1,tumor
cjnkofgc-1,normal
cjnnbikk-1,normal
cjoafagp-1,normal
cjohlmnh-1,normal
cjolbdfk-1,normal
cjonnkhh-1,normal
cjpcnpoo-1,normal
cjpddhnh-1,normal
cjpdihpj-1,normal
cjpdngkj-1,normal
cjpggkgj-1,tumor
cjpilkia-1,normal
cjpkdfhk-1,normal
cjpmklmo-1,normal
cjpmmgpj-1,normal
cjpnjfaf-1,normal
cjpogpeg-1,normal
cjpojdoo-1,normal
ckacphkl-1,tumor
ckadcpfl-1,normal
ckaejdgm-1,normal
ckafkmlg-1,normal
ckafmiha-1,normal
ckaibkgl-1,tumor
ckamjall-1,tumor
ckaopebp-1,tumor
ckapihkn-1,normal
ckbadjhi-1,tumor
ckbchnmk-1,tumor
ckbdddgm-1,normal
ckbdnghk-1,normal
ckbgpdab-1,normal
ckbidbdf-1,normal
ckbkaafa-1,normal
ckblnoaa-1,normal
ckcefjnn-1,tumor
ckchkcji-1,tumor
ckchnppl-1,tumor
ckcoaakg-1,normal
ckcpmmec-1,normal
ckddbegd-1,normal
ckdgokml-1,normal
ckdhhhoe-1,tumor
ckdkpaao-1,tumor
ckdloncn-1,normal
ckdmihnk-1,tumor
ckdnnmhb-1,tumor
ckdpmbgf-1,tumor
ckeabbhp-1,tumor
ckebmhil-1,tumor
ckecclbm-1,normal
ckecmjcm-1,normal
ckedkdic-1,tumor
ckegbggf-1,normal
ckehoknn-1,normal
ckejbcmi-1,normal
ckemgmln-1,normal
ckfbhajp-1,normal
ckfcghnc-1,normal
ckfdamkg-1,tumor
ckffldam-1,tumor
ckflgaah-1,normal
ckflkmmb-1,tumor
ckfnlngg-1,tumor
ckfnnaon-1,tumor
ckgaodhm-1,tumor
ckgbpogl-1,tumor
ckgemjlj-1,normal
ckggjjch-1,tumor
ckgifidl-1,normal
ckgkledh-1,tumor
ckgmpepb-1,tumor
ckgpefmh-1,tumor
ckhclpkl-1,normal
ckhgpdhk-1,normal
ckhgphoe-1,normal
ckhiahfn-1,normal
ckhjbjle-1,normal
ckhjhhhd-1,normal
ckhlbpdo-1,normal
ckhlkfad-1,tumor
ckhnmdlj-1,normal
ckhocdlj-1,normal
ckhojocg-1,normal
ckidigdh-1,normal
ckiiloan-1,normal
ckijfken-1,normal
ckijpmmn-1,tumor
ckipgied-1,normal
ckipjphg-1,normal
ckjjncaa-1,normal
ckkbofho-1,normal
ckkedpdh-1,tumor
ckkgbdbd-1,tumor
ckkifdff-1,tumor
ckkknhpf-1,tumor
ckknjckk-1,normal
cklaaico-1,normal
cklbmogp-1,normal
cklechda-1,normal
cklffojm-1,normal
cklhmpbc-1,normal
ckljfcpe-1,normal
ckljkplp-1,normal
cklkakje-1,normal
cklljoic-1,tumor
ckloflap-1,tumor
ckmbofio-1,tumor
ckmcaflc-1,tumor
ckmfbjhc-1,tumor
ckmifebj-1,normal
ckmobikk-1,normal
cknelfbl-1,normal
cknocimk-1,normal
ckocpjfa-1,normal
ckodlmin-1,tumor
ckoegbig-1,normal
ckoephin-1,tumor
ckoepicd-1,normal
ckogfoml-1,normal
ckogpokl-1,tumor
ckoiapmc-1,normal
ckoidlpf-1,normal
ckoijaib-1,normal
ckpcinhp-1,normal
ckpfabfh-1,normal
ckpkknni-1,normal
ckpkohge-1,normal
ckplgola-1,normal
ckpopjlm-1,normal
ckppocpi-1,normal
clagdanp-1,normal
claloabm-1,tumor
clamkkng-1,tumor
claocdio-1,normal
claococc-1,tumor
clbhabjp-1,normal
clblacic-1,normal
clbnpiaa-1,normal
clboomem-1,normal
clcegihp-1,tumor
clckanac-1,tumor
clcmhgkd-1,normal
clcpifjl-1,tumor
cldaaabp-1,tumor
cldcpbjb-1,normal
cldlaehb-1,normal
cldlbbjf-1,normal
cldlbmbb-1,normal
cldlpkfn-1,normal
cldodbch-1,tumor
clefceok-1,normal
clegakfe-1,tumor
clehdaha-1,tumor
cleikkeg-1,tumor
clejcgen-1,tumor
clemgjga-1,tumor
clepkfhg-1,normal
clfagljn-1,normal
clfbpmmd-1,tumor
clfgblgi-1,tumor
clfgmeeh-1,normal
clfhnfmb-1,tumor
clfipkhj-1,tumor
clfkmmch-1,tumor
clgebcei-1,tumor
clghbahm-1,tumor
clglakap-1,normal
clgpekgj-1,tumor
clgpjoej-1,tumor
clhaadad-1,tumor
clhbldll-1,normal
clhehmhm-1,tumor
clhijiap-1,tumor
clhipngl-1,tumor
clhjelci-1,tumor
clhmeiii-1,tumor
clibpgjf-1,normal
clifkhpp-1,tumor
clifppgp-1,tumor
clijbpad-1,tumor
clineceo-1,tumor
cljcfioe-1,normal
cljejkdl-1,normal
cljpmahg-1,tumor
clkgciag-1,normal
clkgcjnn-1,normal
clkhgcnl-1,normal
clkkmdhj-1,normal
clknnjei-1,normal
cllcmdpk-1,normal
clldljjc-1,normal
cllfcddi-1,normal
cllhcajb-1,normal
cllikegf-1,normal
cllknmdc-1,normal
clmgjhee-1,normal
clmhhgde-1,normal
clmlanao-1,tumor
clmmcolb-1,tumor
clmniian-1,tumor
clmnpclc-1,normal
clmpdhgf-1,tumor
clnafpai-1,tumor
clnfbchf-1,normal
clnfnheb-1,tumor
clngcmba-1,normal
clnjmdhb-1,normal
clnmcjcn-1,tumor
clnpmfae-1,tumor
cloaljkl-1,tumor
clobanno-1,normal
clocajlh-1,tumor
cloccknd-1,tumor
cloddakn-1,tumor
clofljmm-1,normal
clomjbdg-1,tumor
cloofeae-1,normal
clopcihn-1,normal
clpaadcp-1,normal
clpdegil-1,normal
clpdjkfp-1,normal
clpeigfm-1,normal
clpfaeea-1,tumor
clpfclme-1,tumor
clphcmnj-1,normal
clpklkpp-1,normal
clpnaifa-1,normal
cmafdpol-1,normal
cmafhlle-1,normal
cmaimkkf-1,normal
cmajgjbb-1,normal
cmamdefa-1,normal
cmanpmdh-1,normal
cmaopjba-1,normal
cmapaljm-1,normal
cmbanejp-1,normal
cmbcipki-1,normal
cmbeidbo-1,normal
cmbgaafi-1,normal
cmbgclco-1,normal
cmbnmfmo-1,normal
cmbpenhe-1,normal
cmcinpgc-1,normal
cmcjbijk-1,normal
cmcmiopj-1,normal
cmcnljph-1,normal
cmdbdhmf-1,normal
cmddgemg-1,normal
cmddindb-1,normal
cmdmclfe-1,normal
cmeanmki-1,normal
cmedlidd-1,normal
cmehenej-1,normal
cmejnmbo-1,tumor
cmenoleb-1,normal
cmfdcadn-1,normal
cmgeplon-1,normal
cmggonni-1,normal
cmghlddn-1,normal
cmgikpik-1,normal
cmglcffh-1,normal
cmgmkpjh-1,normal
cmhgjoid-1,normal
cmhooakp-1,tumor
cmibklak-1,tumor
cmicpdjb-1,normal
cmighhii-1,normal
cmiifica-1,normal
cmiihfak-1,normal
cmipefdo-1,normal
cmjamhma-1,normal
cmjcgced-1,normal
cmjcpapg-1,normal
cmjendkk-1,normal
cmjepgpa-1,normal
cmjhjfhf-1,tumor
cmjkejpo-1,tumor
cmjljidd-1,tumor
cmjlpndd-1,normal
cmjnlfim-1,normal
cmkdpipm-1,normal
cmkhiooo-1,normal
cmkkgdjc-1,normal
cmkkicin-1,tumor
cmkmipii-1,tumor
cmkoelch-1,normal
cmldaopb-1,normal
cmlefggl-1,tumor
cmlelgkp-1,normal
cmlfoemf-1,normal
cmllhkbp-1,normal
cmlnhlci-1,normal
cmlnkmmg-1,normal
cmlojhjb-1,normal
cmmbflib-1,normal
cmmdbjfa-1,normal
cmmkipgm-1,normal
cmmllmbb-1,normal
cmmokcmj-1,normal
cmnbbkkb-1,normal
cmndmeka-1,tumor
cmnfejie-1,normal
cmnjekki-1,normal
cmnmdmhl-1,normal
cmnmpmok-1,tumor
cmobgnim-1,normal
cmoddclh-1,normal
cmomdibd-1,normal
cmpbhkef-1,normal
cmpekljp-1,normal
cmphfknf-1,normal
cmpmeiad-1,normal
cmppidfk-1,normal
cnaaplhl-1,tumor
cnajlmdd-1,normal
cnaodmin-1,normal
cnbdmcdi-1,normal
cnbfmldp-1,normal
cnbnfjek-1,normal
cncapkkb-1,normal
cncjggmn-1,normal
cncnlpfb-1,normal
cndbekde-1,normal
cndblgeb-1,tumor
cndnpall-1,normal
cndpbkck-1,normal
cnedhcbj-1,tumor
cnegaohp-1,normal
cnegppob-1,normal
cnfadefb-1,normal
cnfdlbok-1,normal
cnffonbb-1,normal
cnfgpigl-1,normal
cnfkkbdp-1,normal
cnfmjoah-1,normal
cnfndhch-1,normal
cnfonekb-1,normal
cngbdgan-1,normal
cngehjol-1,normal
cnghokkg-1,normal
cnginnlm-1,normal
cngkjhhm-1,normal
cngnohdb-1,normal
cngoklni-1,normal
cnhbkngp-1,normal
cnhffgjf-1,normal
cnhhimfc-1,normal
cnhjjpod-1,normal
cnhkkblg-1,normal
cnhlcgkp-1,normal
cnibkedo-1,normal
cnibmanc-1,normal
cnicilhj-1,normal
cnjbgjeo-1,normal
cnjejeim-1,normal
cnjjgpdb-1,normal
cnkddlle-1,normal
cnkdjage-1,normal
cnkeealn-1,normal
cnkjpmma-1,normal
cnkofchn-1,normal
cnlimbef-1,normal
cnlmedml-1,normal
cnmabndk-1,normal
cnmbjbpj-1,normal
cnmbmlpj-1,normal
cnmdhahf-1,normal
cnmfajmd-1,normal
cnmgcfkp-1,normal
cnmhmpej-1,normal
cnmjagjm-1,normal
cnmknobo-1,normal
cnmlclli-1,normal
cnmmigod-1,normal
cnmnadlc-1,normal
cnmngbak-1,normal
cnnenoca-1,normal
cnngmfii-1,normal
cnnhbfic-1,normal
cnodloke-1,normal
cnoecgem-1,normal
cnoekgmm-1,normal
cnofggla-1,normal
cnpbeepb-1,normal
cnpcehjf-1,normal
cnpfpelc-1,normal
cnpgppli-1,normal
cnpichge-1,normal
cnpmjcme-1,normal
cnppmcmo-1,normal
coabooon-1,normal
coacgkpd-1,normal
coahpelm-1,normal
coajjndp-1,normal
coajngko-1,normal
coanhdok-1,normal
cobhjkfn-1,normal
cobkfjao-1,normal
cobmhahh-1,normal
cocadmig-1,normal
cocaemnl-1,normal
cocjdgjk-1,normal
coddffhe-1,normal
codeghej-1,normal
codfenkh-1,normal
codlbmbg-1,normal
codlgnio-1,normal
codmmfdn-1,normal
codokjpb-1,normal
codonhda-1,normal
coeacffl-1,normal
coefiohm-1,normal
coekfaip-1,normal
coelhjmk-1,normal
coemfald-1,normal
coemhdbc-1,normal
cofafheb-1,normal
cofgbaod-1,normal
cofojenj-1,normal
cofpgpif-1,normal
cofpncba-1,normal
cogmojhh-1,normal
cogokfaj-1,normal
cogpfdbp-1,normal
cohdcpbo-1,normal
coheogfa-1,tumor
cohfgeha-1,normal
cohkcoaf-1,normal
cohknlih-1,normal
cohnmled-1,normal
cohpflei-1,normal
coiblmbl-1,normal
coiejafm-1,tumor
cojchlmc-1,normal
cojiefkl-1,normal
cojljdki-1,normal
cojpldih-1,normal
cokbgjio-1,normal
cokfnpol-1,normal
cokmhpie-1,normal
cokmkipg-1,normal
cokoeeji-1,normal
coljnfja-1,normal
coljpjlk-1,normal
coloplic-1,normal
combenng-1,normal
comobjel-1,normal
compmnmg-1,normal
conbllmk-1,normal
concddai-1,normal
confifhb-1,normal
conganka-1,normal
coniegdf-1,normal
coofdiac-1,normal
cooflehi-1,normal
cooggoph-1,normal
cooiebjm-1,normal
coojbokm-1,normal
coomiamk-1,normal
coonhgme-1,normal
copdojgp-1,normal
copkhalp-1,normal
copkiknm-1,normal
coplbiih-1,normal
cpaaepgd-1,normal
cpagpcdo-1,normal
cpajpioj-1,normal
cpaohmee-1,normal
cpbagdlg-1,normal
cpbaonkf-1,normal
cpbijfjj-1,normal
cpcaohhk-1,normal
cpccdoep-1,normal
cpcfmjpg-1,normal
cpcioajk-1,normal
cpcjohpl-1,normal
cpckfklf-1,normal
cpckllea-1,normal
cpdachil-1,normal
cpdankhk-1,normal
cpddmoim-1,normal
cpebpoca-1,normal
cpecedce-1,normal
cpegkmop-1,normal
cpeipdlo-1,normal
cpeolgkk-1,normal
cpeopodn-1,normal
cpfffgoe-1,normal
cpfijgpp-1,normal
cpfjdmpf-1,normal
cpfjmkhc-1,normal
cpgdipoj-1,normal
cpghdbdb-1,normal
cpghpeak-1,normal
cpglicig-1,normal
cpgmeojm-1,normal
cpgmkole-1,normal
cphdamhm-1,normal
cphdnbeh-1,normal
cpheeikb-1,normal
cphfpoef-1,normal
cphglcef-1,tumor
cphglncl-1,normal
cphhdimp-1,normal
cphjemgg-1,normal
cpialjdk-1,normal
cpifjele-1,normal
cpiockib-1,normal
cpjelbpn-1,normal
cpkeogkj-1,normal
cpkiiapj-1,normal
cpklmdnl-1,normal
cpkmggde-1,normal
cplblpjc-1,normal
cplfhcdb-1,normal
cplpaoeh-1,normal
cpmjnldl-1,normal
cpnbimoj-1,normal
cpnkpaoi-1,normal
cpnnghcm-1,normal
cpnnickb-1,normal
cpogaiao-1,normal
cpogdjbg-1,normal
cpoipnph-1,normal
cpokaehb-1,normal
cpomhmdp-1,normal
cponamil-1,normal
cppdjedn-1,normal
cpphdhpb-1,normal
cppkbjlo-1,normal
cppkfbce-1,normal
cppohlbd-1,normal
cpppgdhb-1,normal
daafgeoh-1,normal
dabgoldn-1,normal
dabhmiag-1,normal
dabnaefp-1,normal
dacchnkj-1,normal
dacekehf-1,normal
dachokdg-1,tumor
daciekia-1,normal
dacjikce-1,normal
dacmknee-1,tumor
dacmoegi-1,normal
dacobmgi-1,normal
dacobpgl-1,normal
dadbgplc-1,normal
dadbhlea-1,normal
dadccgni-1,normal
dadnohlj-1,normal
daeckkpo-1,normal
daeflnkf-1,normal
daeipcke-1,normal
daenjigm-1,normal
daepaijp-1,normal
dafdlhje-1,normal
dafppeng-1,normal
daggimba-1,normal
dagkoded-1,normal
daglenhe-1,normal
dahbfacm-1,normal
dahebmnm-1,normal
dahfopnd-1,normal
dahgoeij-1,normal
dahjcdid-1,normal
daicgggo-1,normal
daiheceh-1,normal
daijhnfo-1,normal
dailadjo-1,normal
daimpanj-1,normal
daipidpa-1,normal
daippccd-1,normal
dajapabk-1,tumor
dajgopcc-1,normal
dajioikf-1,normal
dajmdjak-1,normal
daknfgac-1,normal
daldkknb-1,normal
dalkooep-1,normal
dalmmokm-1,normal
dalmnpnc-1,normal
dalopdfg-1,normal
dambcccm-1,normal
dambhcmi-1,normal
dambkhpo-1,normal
damebehj-1,normal
damfpohg-1,normal
damhlfgk-1,normal
damkdnkl-1,normal
damppbjf-1,normal
danfjcjn-1,normal
daojkppn-1,normal
dapampci-1,normal
dapfdejj-1,normal
dapfnpml-1,normal
dapijnnd-1,normal
dapjccfd-1,normal
dapjlbbp-1,normal
dappeaog-1,normal
dapphboj-1,normal
dbafjldh-1,normal
dbahmgnk-1,normal
dbajiapb-1,normal
dbalgaek-1,normal
dbbdieol-1,normal
dbbliohe-1,normal
dbbnhgik-1,normal
dbcalggc-1,normal
dbcdkonn-1,normal
dbceledm-1,normal
dbckldoj-1,normal
dbdaigmm-1,normal
dbdcajpd-1,normal
dbdcpffn-1,normal
dbddkblb-1,normal
dbdghgfj-1,normal
dbdgphjj-1,normal
dbdhlnib-1,normal
dbdiapef-1,normal
dbdomoie-1,normal
dbegmied-1,normal
dbfhffok-1,normal
dbfibphi-1,normal
dbfkdbde-1,normal
dbfockih-1,normal
dbfpngno-1,normal
dbgdnhnl-1,normal
dbgmianj-1,normal
dbgnpenf-1,normal
dbhaiamm-1,normal
dbhdfngf-1,normal
dbhffcjf-1,normal
dbhkagbb-1,normal
dbhkcegn-1,normal
dbhoceke-1,normal
dbicjafg-1,normal
dbifpdlo-1,normal
dbilohhh-1,normal
dbjanoeo-1,normal
dbjbpbgd-1,normal
dbjefdca-1,normal
dbjlfcdo-1,normal
dbjlfign-1,normal
dbjpcafo-1,normal
dbkbfobn-1,normal
dbkcngcp-1,normal
dbkfcnpk-1,normal
dbkhcjpa-1,normal
dbkhngin-1,normal
dbkjciga-1,normal
dbkllnmn-1,normal
dbkmfmfo-1,normal
dbkmkbie-1,normal
dbknidie-1,normal
dbknjpai-1,normal
dblchjif-1,normal
dblfmaln-1,normal
dblgbhaa-1,normal
dbljjbjl-1,normal
dblkiicf-1,normal
dblppone-1,normal
dbmbmmna-1,normal
dbmcjbhe-1,normal
dbmdldfb-1,normal
dbminnfh-1,normal
dbmiodmb-1,normal
dbmlnbph-1,normal
dbmmchbh-1,normal
dbmpcpma-1,normal
dbnbpfom-1,normal
dbnkdjoj-1,normal
dbnmcomm-1,normal
dbnncjle-1,normal
dboaegmb-1,normal
dbogcgnf-1,normal
dbogfood-1,normal
dboggmhp-1,normal
dbpamkjn-1,normal
dbpanpah-1,normal
dbpeancd-1,normal
dcaclkgk-1,tumor
dcamggdo-1,normal
dcaocbbg-1,normal
dcbdcbnl-1,normal
dcbegcmc-1,normal
dcbgjopj-1,normal
dcbhemcf-1,normal
dcbimfop-1,normal
dcbjacag-1,normal
dcblllki-1,normal
dcbphnne-1,normal
dccancbc-1,normal
dccgofnb-1,normal
dcclfhln-1,normal
dccndjhl-1,normal
dcdaoglk-1,normal
dcdcochi-1,normal
dcddnaii-1,normal
dcdheibe-1,normal
dcdimpnf-1,normal
dcdjephg-1,normal
dceakjbg-1,normal
dcehfbde-1,normal
dceidcdp-1,normal
dceigfnf-1,normal
dcejoomg-1,normal
dcemphjj-1,tumor
dcepeggn-1,normal
dcfeppdf-1,normal
dcfgccok-1,normal
dcfjhmol-1,normal
dcfmmdee-1,tumor
dcfokkij-1,tumor
dcgkjlln-1,tumor
dcgoeene-1,normal
dcgpgbgl-1,normal
dchhohah-1,normal
dchkpoje-1,tumor
dchpaeak-1,normal
dciacnbp-1,normal
dcibfdpb-1,normal
dcicdpke-1,normal
dcifimfa-1,normal
dcigfeah-1,tumor
dcignalf-1,tumor
dcihlkic-1,normal
dcikhgcd-1,normal
dcjagnba-1,normal
dcjajcnc-1,normal
dcjdhjjf-1,normal
dcjdofkg-1,normal
dcjhhbom-1,normal
dcjjfbab-1,normal
dcjjojan-1,normal
dcjkbmop-1,normal
dcjkhnke-1,normal
dcjkonja-1,normal
dcjpeigc-1,normal
dckdlfha-1,normal
dckfdecd-1,normal
dckjfkpc-1,tumor
dckknoeh-1,normal
dclagdam-1,normal
dclagfip-1,normal
dclfnbfj-1,normal
dclhhjko-1,normal
dcmihkeh-1,normal
dcnaehcj-1,normal
dcneiheg-1,normal
dcnfjkob-1,normal
dcnhplef-1,normal
dcnohgha-1,normal
dcocfgha-1,normal
dcofkclb-1,normal
dcopjogg-1,normal
dcpdelmn-1,normal
dcpfkehi-1,normal
dcpkgdnp-1,normal
dcpnipoc-1,normal
dcpnkchf-1,normal
dcppnlie-1,normal
ddadmdmg-1,normal
ddajbbhg-1,normal
ddalkfae-1,normal
ddamaohk-1,normal
ddbcdfda-1,normal
ddbcipah-1,normal
ddbfohlk-1,normal
ddbhkhkd-1,normal
ddblmdgi-1,normal
ddbofigd-1,normal
ddbofkmg-1,normal
ddbopjfp-1,normal
ddclhmke-1,normal
ddcofodb-1,normal
ddcojhfh-1,normal
dddalmom-1,normal
dddbjclk-1,normal
ddddnapa-1,normal
dddfhkog-1,normal
dddmikfk-1,normal
dddokbjn-1,normal
dddpeffc-1,normal
dddplehl-1,normal
ddebneog-1,normal
ddehmnco-1,normal
ddeieacp-1,normal
ddeimime-1,normal
ddeoklpc-1,normal
ddfahclb-1,normal
ddfjcmeo-1,normal
ddfjooac-1,normal
ddfpckkc-1,normal
ddgccccf-1,normal
ddggohfj-1,normal
ddgikijp-1,normal
ddhebjic-1,normal
ddhfahlo-1,normal
ddhfkbok-1,normal
ddhigbom-1,normal
ddhinmgd-1,normal
ddhjcikg-1,normal
ddhjhlaj-1,normal
ddhkaldj-1,normal
ddhmdecd-1,normal
ddhmohhe-1,normal
ddhnabal-1,normal
ddhpalfg-1,normal
ddiccjnm-1,normal
ddicmgib-1,normal
ddigmnad-1,normal
ddihpodm-1,normal
ddjdacfi-1,normal
ddjdnjef-1,normal
ddjgmcak-1,normal
ddjjpijb-1,normal
ddkhmiio-1,normal
ddkicmfe-1,normal
ddlcaino-1,normal
ddlhocgc-1,normal
ddlmkmib-1,normal
ddlojaeb-1,normal
ddlpceed-1,normal
ddmcbhoh-1,normal
ddmkkccd-1,normal
ddmmfmfn-1,normal
ddnlejhe-1,normal
ddoepibm-1,normal
ddojkgai-1,normal
ddolpicl-1,normal
ddpadobj-1,normal
ddpanpel-1,normal
ddpbcfei-1,normal
ddpbmahn-1,normal
ddpjpdkf-1,normal
ddpncfho-1,normal
deaknlog-1,normal
dealbglp-1,normal
deamcjkb-1,normal
deampjnp-1,normal
debbonaa-1,normal
debcphog-1,normal
debnjopi-1,normal
decaagjl-1,normal
decpbinf-1,normal
dedejlhm-1,normal
dedfcgie-1,normal
dedgckak-1,normal
dedgldag-1,normal
dedgpefg-1,normal
dedlnibl-1,normal
dedpgpki-1,normal
deefdljo-1,normal
deefoegd-1,normal
deelalej-1,normal
deemlllk-1,normal
deeofhan-1,normal
defbigdj-1,normal
defbjedf-1,normal
defcknjd-1,normal
defencjh-1,normal
defenmga-1,normal
defgfbnm-1,normal
defgkplk-1,normal
degbiekf-1,normal
degcfamg-1,normal
degdkpki-1,normal
degeleek-1,normal
degfdlig-1,normal
deghjach-1,normal
deghkpja-1,normal
degkheif-1,normal
degmkjmi-1,normal
dehafobb-1,normal
dehefdkp-1,normal
dehefmmi-1,normal
dehgabnn-1,normal
dehhpoae-1,normal
dehjidob-1,normal
dehpblgb-1,normal
deiaiinf-1,normal
deibeefl-1,normal
deibgalm-1,normal
deimgmmf-1,normal
deinjofb-1,normal
deiooikk-1,normal
dejbfnnm-1,normal
dejdaofi-1,normal
dejdigcl-1,normal
dejhbfcg-1,normal
dejimnnp-1,normal
dejlddff-1,normal
dejpdcpp-1,normal
dekbpeji-1,normal
dekdnool-1,normal
dekemkgk-1,normal
dekfadpn-1,normal
dekhlldf-1,normal
dekmfkce-1,normal
dekpmgli-1,normal
delalkap-1,normal
delbcjie-1,normal
delgemne-1,normal
delghoji-1,normal
delklldg-1,normal
delmhoia-1,normal
deloahbm-1,normal
delpmppo-1,normal
demdhbcb-1,normal
demeckkc-1,normal
demhfdid-1,normal
denajkpg-1,normal
dencmghg-1,normal
dendbdph-1,normal
denemgjo-1,normal
dengmoob-1,normal
denjecbc-1,normal
denonkfc-1,normal
denpnnhn-1,normal
deocjehd-1,normal
deodemdk-1,normal
deoicbdj-1,normal
deojccnm-1,normal
deokchdo-1,normal
deokegii-1,normal
deolmgcf-1,normal
deomaeia-1,normal
deopjimd-1,normal
depahdod-1,normal
depcgidj-1,normal
depdpaek-1,normal
depelabd-1,normal
depgcold-1,normal
depgohpk-1,normal
depkdifg-1,normal
depmiofg-1,normal
dfahemlk-1,normal
dfajbhcm-1,normal
dfakcpoi-1,normal
dfbaahhk-1,normal
dfbajcbk-1,normal
dfbdahml-1,normal
dfbfgohp-1,normal
dfbmmkfl-1,normal
dfcajafi-1,normal
dfccjlpb-1,normal
dfckbgbe-1,normal
dfdfnnml-1,normal
dfdgihdm-1,normal
dfdhgdbc-1,normal
dfdidoki-1,normal
dfdiijkd-1,normal
dfdlaefb-1,normal
dfdnaphk-1,normal
dfdpcgbk-1,normal
dfdpmnkp-1,normal
dfeafjom-1,normal
dfeccaoi-1,normal
dfeedohg-1,normal
dfefkpkg-1,normal
dfefmkcp-1,normal
dfelikde-1,normal
dfemcokf-1,normal
dffaahlc-1,normal
dffcjeaa-1,normal
dffghdfb-1,normal
dffplbli-1,normal
dfgacfjk-1,normal
dfgebihg-1,normal
dfgeddkc-1,normal
dfgfbeic-1,normal
dfgfmpmc-1,normal
dfghggbp-1,normal
dfgjdamk-1,normal
dfgmkigg-1,normal
dfgnmpga-1,normal
dfhapgcn-1,normal
dfhchbdb-1,normal
dfhcijij-1,normal
dfigdhpo-1,normal
dfighfan-1,normal
dfihcfob-1,normal
dfikopgh-1,normal
dfilplnc-1,normal
dfinpchf-1,normal
dfipmpem-1,normal
dfjamocn-1,normal
dfjcpfho-1,normal
dfjonpck-1,normal
dfjpopkj-1,normal
dfkahdjg-1,normal
dfkcmdih-1,normal
dfkdaohj-1,normal
dfkgllif-1,normal
dfkhhakc-1,normal
dfkidalb-1,normal
dfklecbg-1,normal
dfklpdpe-1,normal
dflifdng-1,normal
dfljacmp-1,normal
dflpdlbp-1,normal
dfmagopd-1,normal
dfmcdbmg-1,normal
dfmhfjkh-1,normal
dfmkbgbo-1,normal
dfnaagia-1,normal
dfnajald-1,normal
dfnakldm-1,normal
dfnejkia-1,normal
dfngoicc-1,normal
dfngpedc-1,normal
dfnkeahi-1,normal
dfnlfkii-1,normal
dfnpgdpf-1,normal
dfochegg-1,normal
dfoejdap-1,normal
dfoendkn-1,normal
dfofchho-1,normal
dfoglbog-1,normal
dfohbbdn-1,normal
dfohghla-1,normal
dfojojio-1,normal
dfokjgig-1,normal
dfpbfcdk-1,normal
dfpjoael-1,normal
dfpkbmkj-1,normal
dfplfone-1,normal
dfpmpcpo-1,normal
dgabbnce-1,normal
dgadfjke-1,normal
dgamadle-1,normal
dganebcg-1,normal
dgannpfk-1,normal
dgbbhnio-1,normal
dgbhgdng-1,normal
dgbikobb-1,normal
dgblekik-1,normal
dgbopcgl-1,normal
dgcbecgm-1,normal
dgccckef-1,normal
dgccpfim-1,tumor
dgcedldn-1,normal
dgciiecd-1,normal
dgckkmnf-1,normal
dgcleabp-1,normal
dgcpcido-1,normal
dgcpedfc-1,normal
dgdbhhkf-1,normal
dgdfchpn-1,normal
dgdgcfho-1,normal
dgdlkjoa-1,normal
dgdmjlej-1,normal
dgeimllg-1,normal
dgemnojp-1,normal
dgenhkop-1,normal
dgenkcif-1,normal
dgfbknkn-1,normal
dgfdhjdm-1,normal
dgfhdbmn-1,normal
dgfhmfbg-1,normal
dgfhpcbc-1,normal
dgfjiphm-1,normal
dgfkdpem-1,normal
dgfoekdh-1,normal
dggannli-1,normal
dggcljpb-1,normal
dggiigib-1,normal
dghfdidh-1,normal
dghhdngl-1,normal
dghifejf-1,normal
dghjmfhd-1,tumor
dghknial-1,normal
dghmhmmg-1,normal
dghobfhk-1,normal
dgidkooe-1,normal
dgiheihm-1,normal
dgihimco-1,normal
dgioeaib-1,normal
dgjbjfdg-1,normal
dgjghokh-1,normal
dgjhcnag-1,normal
dgjlpegd-1,normal
dgkcojha-1,normal
dgkeapfi-1,normal
dgkkfnii-1,normal
dgkndaea-1,normal
dglagabo-1,normal
dglbafoe-1,normal
dglfajbk-1,normal
dglhmokg-1,normal
dgljdedp-1,normal
dglmnkel-1,normal
dglndfbe-1,normal
dgmebfml-1,normal
dgmhijpp-1,normal
dgmoknhf-1,normal
dgmopokg-1,normal
dgnaajhl-1,normal
dgnabeie-1,normal
dgnbchpj-1,normal
dgnbdpmm-1,normal
dgnchfoo-1,normal
dgnelklo-1,normal
dgnlmbii-1,normal
dgnnbdkd-1,normal
dgnopgpg-1,normal
dgnpacla-1,normal
dgoegfmp-1,normal
dgoipnfa-1,normal
dhahhbjn-1,normal
dhakpekn-1,normal
dhambokm-1,normal
dhamdmlg-1,normal
dhaoioeg-1,normal
dhbalkfk-1,normal
dhbbjadf-1,normal
dhbbphbl-1,normal
dhcakloh-1,normal
dhcalcpj-1,normal
dhccldhc-1,normal
dhcmdlaa-1,normal
dhcnhfop-1,normal
dhcpclph-1,normal
dhdeglil-1,normal
dhdgpjcc-1,normal
dhdhbehn-1,normal
dhdhlpmc-1,normal
dhdjopbd-1,normal
dheagegg-1,normal
dhecpekf-1,normal
dheecbpf-1,normal
dhegplac-1,normal
dhehecnj-1,normal
dhehifag-1,normal
dhekdcnf-1,normal
dhemgaaf-1,normal
dhfgoaej-1,normal
dhfjplgo-1,normal
dhganapd-1,normal
dhgmaajk-1,normal
dhhajheg-1,normal
dhhbnpba-1,normal
dhhcohan-1,normal
dhhehpig-1,normal
dhhelpfp-1,normal
dhijcibg-1,normal
dhjfgpal-1,normal
dhjfnjgc-1,normal
dhjglhbb-1,tumor
dhjkimob-1,normal
dhjojonf-1,normal
dhjpmjbf-1,normal
dhkagfoi-1,normal
dhkiemmf-1,tumor
dhkjndnp-1,tumor
dhkkoeam-1,tumor
dhlcljmn-1,tumor
dhlddobo-1,tumor
dhlfmjkc-1,tumor
dhmbnfkj-1,normal
dhmcgnnj-1,normal
dhmgdjeb-1,normal
dhmgkfdp-1,tumor
dhmihkpo-1,normal
dhmkmjan-1,normal
dhmknpod-1,normal
dhmnnodb-1,normal
dhmpjdkj-1,normal
dhnclaie-1,normal
dhnhcabi-1,normal
dhniiehd-1,tumor
dhnlfhfa-1,normal
dhnlkpdl-1,normal
dhnmejee-1,normal
dhoipcki-1,normal
dhomkgld-1,normal
dhpacllm-1,normal
dhpjkekh-1,normal
dhpjpgog-1,normal
dhpoekgj-1,tumor
dhpomlgj-1,normal
diahkfap-1,normal
diajkdmn-1,tumor
diaohmdm-1,normal
dibihinl-1,normal
dibndemf-1,tumor
dibnmoag-1,normal
dibomloo-1,normal
dicdkdbh-1,normal
dicdpaol-1,normal
dicgbphl-1,normal
dicgomdo-1,tumor
dicldlog-1,normal
dicndike-1,normal
dicpkejg-1,normal
dicpkkib-1,normal
didfjeki-1,normal
didjmjcl-1,tumor
diechdfo-1,normal
diedbldh-1,normal
dieidmnn-1,normal
dieinedp-1,tumor
dienohjg-1,tumor
dieogmfb-1,normal
diepflgb-1,normal
difnmpkh-1,normal
difocfbj-1,tumor
digafnbn-1,tumor
digdnnoi-1,tumor
digjpmcc-1,normal
digkocac-1,tumor
digmoged-1,normal
digpgkai-1,tumor
digponhj-1,normal
dihekond-1,normal
dihhlmgc-1,normal
dihmcnbh-1,tumor
dihopcal-1,normal
diiiabkf-1,normal
diinlikp-1,normal
dijbfddb-1,tumor
dijdkocp-1,normal
dijgheoj-1,tumor
dijhhdlo-1,tumor
dijhpdpg-1,tumor
dijjdjik-1,normal
dijmadpm-1,normal
dijoenlj-1,normal
dikdnjgf-1,normal
dikeaaod-1,tumor
dikgmiea-1,tumor
dikhejlc-1,tumor
dikiclaf-1,tumor
dilbochm-1,normal
diljppmg-1,tumor
dilmnhpb-1,tumor
dilonfej-1,normal
dilpelpb-1,tumor
dimddkdm-1,normal
dimffnin-1,normal
dimgobam-1,tumor
dimhdaeo-1,tumor
dimhkpkp-1,tumor
dimiilpd-1,normal
dimnbinm-1,tumor
dimnggan-1,tumor
dimpbmhk-1,tumor
dinbekmd-1,normal
dinclehn-1,tumor
dinikkfm-1,tumor
dinjkeoo-1,tumor
dipkbpko-1,normal
djamcjhj-1,normal
djannnim-1,normal
djbabghb-1,normal
djbbnfmi-1,normal
djbelcjb-1,tumor
djbfcpfl-1,tumor
djbfggdp-1,normal
djbkidji-1,normal
djbnbbkk-1,tumor
djcbjode-1,normal
djcfmkoc-1,normal
djcipbja-1,tumor
djcjbipe-1,normal
djclhjai-1,tumor
djcmming-1,normal
djdadjel-1,normal
djdgpfed-1,normal
djdnfgpf-1,normal
djeakahp-1,normal
djeemgkc-1,normal
djeidkhf-1,tumor
djenbnka-1,normal
djenebbo-1,tumor
djepgjoc-1,normal
djfbkiif-1,normal
djfeoilm-1,normal
djfjpnnn-1,normal
djfmchif-1,normal
djfooedb-1,normal
djfpcppg-1,normal
djgfhaoo-1,tumor
djgheglf-1,tumor
djgipbom-1,normal
djgkbpdd-1,tumor
djgmbicd-1,tumor
djgoakie-1,normal
djgpblpo-1,normal
djhafpmm-1,normal
djhbpanl-1,normal
djhcfdmo-1,normal
djheacac-1,normal
djhefcid-1,normal
djhiekll-1,normal
djhjdcgd-1,normal
djhjkbpf-1,tumor
djhlkpmo-1,normal
djhmnmge-1,normal
djhnhpkp-1,normal
djhokgoi-1,normal
djiamanj-1,normal
djiblepl-1,tumor
djicclfh-1,normal
djigbeal-1,normal
djihfbfp-1,normal
djiihgog-1,normal
djijhkhk-1,normal
djimbine-1,normal
djjccfcp-1,normal
djjehlgc-1,normal
djjjhfci-1,normal
djkdkdem-1,normal
djklpgkj-1,normal
djkpfkjb-1,normal
djkponkh-1,normal
djlejnma-1,normal
djlepbjj-1,normal
djlhmfkg-1,normal
djlijfhh-1,tumor
djllonob-1,tumor
djlmnihn-1,tumor
djlnjceb-1,tumor
djlnmebo-1,normal
djlodibm-1,normal
djmcancg-1,normal
djmcnlpa-1,normal
djmcpnli-1,normal
djmedlak-1,normal
djmjofma-1,normal
djnijkgc-1,normal
djodnkhi-1,normal
djoebahm-1,normal
djoikono-1,normal
djokmjph-1,normal
djonlegh-1,normal
djphedmn-1,normal
djpiagab-1,normal
djpkdghc-1,normal
djpkoomd-1,normal
djploahm-1,normal
djpodoof-1,normal
dkabihfa-1,normal
dkaiaada-1,tumor
dkaocigm-1,normal
dkbajfnh-1,normal
dkbbclfm-1,tumor
dkbdhine-1,normal
dkbgelgm-1,tumor
dkbgnfhd-1,tumor
dkbhnjoi-1,tumor
dkbjfmic-1,tumor
dkbmloop-1,tumor
dkcigccf-1,tumor
dkcmokom-1,tumor
dkcomopb-1,tumor
dkdebnli-1,normal
dkdenpke-1,tumor
dkdfkihe-1,normal
dkdognpb-1,normal
dkdoljcg-1,tumor
dkeelpkj-1,normal
dkeofnfp-1,normal
dkepdoop-1,normal
dkfbnphc-1,tumor
dkfcklmb-1,tumor
dkffipik-1,tumor
dkfiiflc-1,tumor
dkfjbamo-1,tumor
dkfkfjgc-1,tumor
dkfkkemo-1,tumor
dkfkopnk-1,tumor
dkflfkkp-1,normal
dkflhaeo-1,normal
dkfnegfh-1,normal
dkfodifh-1,tumor
dkgabnam-1,tumor
dkgeniac-1,normal
dkgidimb-1,normal
dkgkbkee-1,tumor
dkglmfbi-1,tumor
dkgoipjh-1,normal
dkhbgdnh-1,tumor
dkhcohmj-1,normal
dkhecdjb-1,normal
dkhfaoep-1,tumor
dkhkkcdb-1,normal
dkhofmkj-1,tumor
dkhplnne-1,normal
dkiafhah-1,normal
dkibeajp-1,normal
dkidhoip-1,normal
dkiicgch-1,normal
dkijnkjp-1,normal
dkikejki-1,normal
dkikhmoh-1,normal
dkingobl-1,normal
dkiolomn-1,normal
dkjglpfh-1,normal
dkjhnobh-1,tumor
dkjkgeej-1,normal
dkjkicjm-1,tumor
dkkiceci-1,normal
dkkijhcm-1,tumor
dkkkpnjf-1,tumor
dkklfpng-1,tumor
dkkmgcji-1,normal
dkkonped-1,normal
dkkoojcc-1,normal
dklcdlmj-1,tumor
dklcmoof-1,normal
dklhefoi-1,normal
dklieoao-1,normal
dklimkph-1,normal
dkljlpbk-1,tumor
dklmdcej-1,normal
dklmpfbm-1,normal
dklokgoh-1,normal
dkmaaama-1,normal
dkmaclom-1,normal
dkmbkmea-1,normal
dkmfafea-1,normal
dkmgbohl-1,normal
dkmhockk-1,normal
dkmjjkgb-1,normal
dkmlkogn-1,normal
dkmodcnh-1,normal
dknakoeo-1,normal
dknbianl-1,tumor
dkncjpni-1,normal
dknclgii-1,tumor
dkndbfja-1,tumor
dkndfblp-1,normal
dknkdikj-1,tumor
dknpmknc-1,normal
dkohaonf-1,normal
dkojecod-1,normal
dkolbmcn-1,normal
dkomfilh-1,tumor
dkoobikh-1,normal
dkpikhmk-1,normal
dkpjcibc-1,normal
dkpldmhp-1,normal
dkpmpenk-1,normal
dlaaefao-1,normal
dlabjjel-1,normal
dlafkfkd-1,normal
dlafpoda-1,normal
dlagioib-1,tumor
dlakelkl-1,normal
dlambocb-1,normal
dlbdjkbd-1,normal
dlbhemnj-1,normal
dlbjncje-1,tumor
dlbpdnbj-1,normal
dlcbbmaj-1,tumor
dlcbibif-1,tumor
dlcgcnpf-1,normal
dlckjoog-1,normal
dlcogbae-1,tumor
dldcpacm-1,normal
dlddinjo-1,normal
dldeajnn-1,tumor
dldilddf-1,normal
dldmocfh-1,tumor
dldpgdgm-1,normal
dleacknb-1,normal
dlebpjdf-1,normal
dlefgpef-1,normal
dlefhjad-1,normal
dleodimc-1,tumor
dleoenfd-1,tumor
dlfellgi-1,normal
dlfgagll-1,tumor
dlfhkihm-1,normal
dlgadnlp-1,normal
dlgbbdpj-1,tumor
dlgeacgd-1,tumor
dlgfofec-1,tumor
dlgimpnp-1,tumor
dlgpkaeb-1,normal
dlhcakcn-1,tumor
dlhdipfn-1,tumor
dlhekgcf-1,tumor
dlhfcpli-1,tumor
dlhgfjlf-1,tumor
dlhhhgcm-1,normal
dlhjleha-1,tumor
dlhkgokn-1,normal
dlhkkpcn-1,normal
dlhmdjgc-1,tumor
dlhneoph-1,tumor
dlhoomep-1,normal
dlicgcfb-1,normal
dliegaaa-1,tumor
dlijcpah-1,normal
dlikjbbd-1,normal
dlinfpdk-1,normal
dlipcpoc-1,normal
dljadima-1,tumor
dljhlnnk-1,normal
dljijkoi-1,normal
dljmhikh-1,normal
dlkjfohk-1,normal
dlklkhol-1,normal
dlkmkpcf-1,normal
dllaimkl-1,normal
dllbiefp-1,normal
dllhejgh-1,normal
dllhomam-1,tumor
dlliamme-1,tumor
dllidaoc-1,tumor
dllkbeja-1,normal
dllocmjm-1,tumor
dllolhmk-1,tumor
dllpghka-1,normal
dlmiddia-1,normal
dlmiogcf-1,normal
dlmkhlef-1,normal
dlmoggno-1,tumor
dlnajkoe-1,tumor
dlncaclc-1,tumor
dlngimdc-1,tumor
dlnmdpge-1,normal
dlnobpge-1,tumor
dlnompdk-1,tumor
dlnpngeh-1,tumor
dlolikna-1,normal
dlommllo-1,tumor
dlomohkg-1,tumor
dlonfaki-1,normal
dlopigcd-1,normal
dlpegcob-1,normal
dlpfgleh-1,tumor
dlpfoonm-1,normal
dlpialbj-1,normal
dlpljicp-1,normal
dlpmnhfo-1,normal
dlpofgpp-1,tumor
dmadbckl-1,normal
dmahlabb-1,normal
dmaidebj-1,normal
dmakkfik-1,tumor
dmannjfn-1,tumor
dmapibkb-1,tumor
dmbbnnmp-1,tumor
dmbihpof-1,tumor
dmbmfici-1,tumor
dmbnpjfg-1,normal
dmcdmlef-1,tumor
dmcgedjl-1,tumor
dmcjdpdh-1,tumor
dmdjeghi-1,tumor
dmdkgmml-1,tumor
dmdlfhnh-1,tumor
dmdljgjf-1,tumor
dmdncgin-1,tumor
dmdoamao-1,normal
dmeangpi-1,tumor
dmeemhdm-1,tumor
dmefeoge-1,tumor
dmehffob-1,normal
dmelkmic-1,tumor
dmfcgkbd-1,tumor
dmfeobja-1,tumor
dmffgdbh-1,normal
dmffldfm-1,tumor
dmfojjha-1,tumor
dmgcihdm-1,normal
dmgegbfj-1,normal
dmggdfml-1,normal
dmghhlof-1,tumor
dmgimgjg-1,normal
dmgiohnn-1,normal
dmhdnhkj-1,normal
dmhhaejb-1,normal
dmhhfekm-1,normal
dmhhiecd-1,tumor
dmhhnoil-1,normal
dmhkhjka-1,normal
dmifcdfk-1,tumor
dmifkcdc-1,tumor
dmigdman-1,normal
dmigmcbh-1,normal
dmiholha-1,normal
dmikhpmk-1,normal
dmiklhne-1,normal
dmiodbog-1,normal
dmjngmol-1,tumor
dmjnkflh-1,tumor
dmkanghm-1,tumor
dmkcfljo-1,normal
dmkggcoe-1,normal
dmklcceh-1,tumor
dmknlaei-1,normal
dmkpbfbb-1,tumor
dmlbkdab-1,tumor
dmlecdpb-1,tumor
dmlfjkdb-1,tumor
dmlgchid-1,normal
dmlhhdio-1,tumor
dmlknojp-1,tumor
dmlpngjf-1,normal
dmmingkf-1,tumor
dmnckpga-1,tumor
dmnffdln-1,tumor
dmnhmeba-1,tumor
dmnjoceg-1,tumor
dmnkchei-1,tumor
dmnobpan-1,tumor
dmoffpod-1,normal
dmogghhb-1,normal
dmohfmgc-1,tumor
dmonibne-1,tumor
dmooboie-1,normal
dmopfmac-1,normal
dmpemgca-1,normal
dmphlpgi-1,normal
dmpjeifo-1,normal
dnaaiadn-1,normal
dnacbgdi-1,normal
dnadcnej-1,normal
dnadpoaa-1,tumor
dnahdjlh-1,normal
dnakpfbo-1,normal
dnandffn-1,normal
dnbgfcme-1,normal
dnbgpifm-1,normal
dnbkancm-1,normal
dnblkkgc-1,normal
dnbmkkdc-1,normal
dnbnleam-1,normal
dncanflf-1,normal
dncbbcbk-1,normal
dncibaeo-1,normal
dncihcbh-1,normal
dncjjkom-1,normal
dncplcoj-1,normal
dnddjghd-1,normal
dndgiojg-1,normal
dndhobpi-1,normal
dndjhgpp-1,normal
dndklmmg-1,normal
dndlhfob-1,normal
dndmpgeb-1,normal
dndpnpah-1,normal
dneaofah-1,normal
dnefomoh-1,tumor
dnemfejf-1,tumor
dnfbaknk-1,normal
dnfgpcbg-1,tumor
dnfhehfk-1,normal
dnfinibg-1,tumor
dnfkbjdb-1,tumor
dnfldldo-1,tumor
dnflncjp-1,normal
dnfonjhi-1,normal
dngcmgbf-1,normal
dngedmhm-1,tumor
dnghihlj-1,normal
dnghkdnn-1,tumor
dngieidk-1,normal
dngnfdgd-1,normal
dngplfpi-1,normal
dnhbmgah-1,normal
dnhjaeod-1,tumor
dnhjpfee-1,tumor
dnhmehhk-1,tumor
dnhneppg-1,tumor
dnhookak-1,normal
dniehjco-1,tumor
dnielloo-1,normal
dninnlnj-1,tumor
dnjbkcif-1,normal
dnjebfnm-1,normal
dnjednik-1,normal
dnjfdimf-1,normal
dnjjibac-1,normal
dnjknmjk-1,normal
dnjkppbe-1,normal
dnjnehkp-1,normal
dnjnfock-1,normal
dnkehbef-1,normal
dnkhcbke-1,normal
dnkhpiae-1,normal
dnkiabim-1,normal
dnkmbmap-1,tumor
dnkomkko-1,tumor
dnlbcmal-1,tumor
dnlbfnpe-1,normal
dnldajkk-1,normal
dnleiegk-1,tumor
dnlfcfii-1,normal
dnlhacnj-1,normal
dnljokaj-1,normal
dnlmkipj-1,normal
dnlpgcln-1,normal
dnlplllj-1,normal
dnmaiffm-1,normal
dnmcnedn-1,tumor
dnmocbag-1,tumor
dnmphblb-1,tumor
dnnaimbd-1,tumor
dnnbecob-1,normal
dnnjeoic-1,normal
dnnkhchp-1,normal
dnnkkibj-1,normal
dnnldhjl-1,normal
dnnldnbn-1,normal
dnnneeki-1,normal
dnoapghg-1,normal
dnopdmib-1,normal
dnpjhgli-1,normal
dnpkhkgc-1,normal
dnpogidn-1,normal
dnpplkpo-1,normal
doaaadeb-1,normal
doadlioa-1,normal
doagojdo-1,normal
doammpgd-1,normal
doboabio-1,tumor
docgnldi-1,normal
docgpbgi-1,normal
docnahcp-1,normal
doddfhkp-1,normal
dodgbnjf-1,tumor
dodnnfjn-1,normal
doegjgjd-1,normal
doehkncm-1,normal
doeimnbh-1,normal
doejfjgd-1,tumor
doepjmpg-1,normal
dofaimjl-1,normal
dofbafpp-1,normal
dofbgill-1,normal
dofdijkk-1,normal
dofhddla-1,normal
dofmcdbc-1,normal
dogchdoi-1,normal
doggfocg-1,normal
doglnpac-1,normal
dognnanc-1,normal
dogpifma-1,normal
dohbgnce-1,normal
dohbjboo-1,normal
dohbkdam-1,normal
dohccgnf-1,normal
dohcengh-1,normal
dohdcfkm-1,normal
dohdgjed-1,normal
dohkhgfm-1,normal
dohlcoce-1,normal
dohldghk-1,normal
dohmjdhl-1,normal
dohppaca-1,normal
doibimka-1,normal
doicpelh-1,normal
doiejmdh-1,normal
doiiajpf-1,normal
dojcicjf-1,normal
dojcidod-1,normal
dojemhfp-1,normal
dojkmmfk-1,normal
dojllpee-1,normal
dojoeahd-1,normal
dojpdonj-1,normal
dokcoelb-1,normal
dokebkoj-1,normal
dokfjfoi-1,normal
dokfkhma-1,normal
dokjoccn-1,normal
dolaagem-1,normal
doljokho-1,normal
dollcmka-1,normal
dolljhjm-1,normal
dolmcdkj-1,normal
dolocchp-1,normal
domcaakm-1,normal
domcjifo-1,normal
domeliaf-1,normal
domgcngl-1,normal
domhbobl-1,normal
donabpod-1,normal
donahocn-1,normal
donaiknh-1,normal
donibbji-1,normal
donkoodc-1,normal
donlocjh-1,normal
donlogei-1,normal
donogggg-1,normal
doodaghf-1,normal
doodobhl-1,normal
doomapfl-1,normal
dopagebc-1,normal
dopbknog-1,normal
dopoagep-1,normal
dopomdkc-1,normal
doppjmaf-1,normal
dpacmddf-1,normal
dpahjcfm-1,normal
dpakehnm-1,normal
dpbeacjb-1,normal
dpbjkcci-1,normal
dpblnmgp-1,normal
dpcbkfhj-1,normal
dpccelap-1,normal
dpcedoki-1,normal
dpclogil-1,normal
dpdbfkec-1,normal
dpdbfoig-1,normal
dpddncdd-1,normal
dpebhajo-1,normal
dpefegff-1,normal
dpenniap-1,normal
dpfbfdof-1,normal
dpfghagh-1,normal
dpficiag-1,normal
dpfjmokm-1,tumor
dpfnlebl-1,normal
dpfnlfbe-1,normal
dpgeimcc-1,normal
dpghjcjn-1,normal
dpghngap-1,normal
dphbcmho-1,normal
dpheddnf-1,normal
dphemgoc-1,normal
dphkipkb-1,normal
dphlmaij-1,normal
dphnmpmb-1,normal
dphpcahc-1,normal
dpilmmbm-1,normal
dpipbpnp-1,normal
dpipgaki-1,normal
dpipidee-1,normal
dpjcllao-1,normal
dpjflnai-1,normal
dpjkjcdl-1,normal
dpkdlooi-1,normal
dpkinjle-1,normal
dpkmpgph-1,normal
dplhljac-1,normal
dpllnahn-1,normal
dplpmpag-1,normal
dpmbmjcc-1,normal
dpmjhbmp-1,normal
dpmlahih-1,normal
dpnapgmo-1,normal
dpngbhbd-1,normal
dpnghebe-1,normal
dpnjaffe-1,normal
dpnlifjm-1,normal
dpocmadc-1,normal
dpoifaik-1,normal
dppbkjfg-1,normal
dppelgnc-1,normal
dppfhkfm-1,normal
dppgickg-1,normal
eaaghfej-1,normal
eaaifjoi-1,tumor
eaakckbl-1,tumor
eaambgpn-1,tumor
eabcmfmh-1,normal
eacfonnh-1,normal
eackbpmg-1,normal
eackmced-1,normal
eackneap-1,normal
eaclofeg-1,normal
eadapije-1,normal
eadjeklk-1,normal
eadknfgi-1,normal
eadlggek-1,normal
eadmbojn-1,normal
eadobpge-1,normal
eaeafdnc-1,normal
eaebffhk-1,normal
eaeelgea-1,normal
eaefmooa-1,normal
eaeioeof-1,normal
eaeplfph-1,normal
eafalbna-1,normal
eafbihkc-1,normal
eafelogi-1,normal
eaffbijp-1,normal
eaffbmgm-1,normal
eaflljoi-1,tumor
eafnakgp-1,normal
eafpkngc-1,normal
eagifnao-1,normal
eaglfnhn-1,normal
eaglobcd-1,normal
eagojabm-1,normal
eagplbhm-1,normal
eahaaglm-1,normal
eahbbdam-1,normal
eahdckie-1,normal
eahfafck-1,normal
eahgcefd-1,normal
eahhheni-1,normal
eahiclff-1,normal
eahjccnm-1,normal
eahonbfc-1,normal
eaibhgkk-1,normal
eaibpamm-1,tumor
eaicfgni-1,tumor
eaidclpd-1,normal
eaiemane-1,normal
eaifngpj-1,normal
eaijamgk-1,normal
eaikkceg-1,normal
eaimnihk-1,normal
eajcbnjb-1,normal
eajfailf-1,normal
eajhojaj-1,normal
eajjbldo-1,normal
eakagiia-1,normal
eakigfpb-1,normal
eaklbofa-1,normal
eakljolj-1,normal
eakmlfac-1,normal
eakofdlf-1,normal
ealcejcb-1,normal
ealgelea-1,normal
ealoolek-1,normal
eamcbngc-1,normal
eamenhpa-1,normal
eanbdffc-1,normal
eandonbp-1,normal
eanhieea-1,normal
eanhjpam-1,normal
eanmhegl-1,normal
eanpjmfn-1,normal
eaobigkp-1,normal
eaoecjcc-1,normal
eaoggpkl-1,normal
eaopgnke-1,normal
eaopndpc-1,normal
eapcnidd-1,normal
ebaampda-1,normal
ebaaoejg-1,normal
ebabbklj-1,normal
ebaemnog-1,normal
ebagbgek-1,normal
ebbcdolh-1,normal
ebbflkjl-1,normal
ebbibdli-1,normal
ebbildgk-1,normal
ebbncpfa-1,normal
ebcibfmm-1,normal
ebcppbin-1,normal
ebdbpclg-1,tumor
ebdclfio-1,normal
ebddcoca-1,normal
ebdglkha-1,normal
ebdleahi-1,normal
ebecbidj-1,normal
ebediooj-1,normal
ebelgjkh-1,normal
ebelodda-1,normal
ebemebhj-1,tumor
ebemibea-1,normal
ebendhib-1,normal
ebfhicda-1,normal
ebfjigpp-1,normal
ebfkeeab-1,normal
ebgghjkg-1,normal
ebghgmef-1,normal
ebgjmgcj-1,normal
ebgjncde-1,normal
ebgkfjde-1,normal
ebgmgogn-1,normal
ebgpmied-1,normal
ebhaahon-1,normal
ebhekjhp-1,normal
ebholjcf-1,tumor
ebhpmbnm-1,tumor
ebianafa-1,normal
ebiceegn-1,normal
ebiglnfe-1,normal
ebiihcpp-1,tumor
ebikeiln-1,normal
ebikligf-1,tumor
ebilfehj-1,normal
ebiodjdn-1,tumor
ebjdcmco-1,normal
ebjncbkc-1,normal
ebjpfich-1,normal
ebkcoman-1,normal
ebkdlloa-1,normal
ebkdppen-1,normal
ebkkmmfd-1,normal
eblfkfdi-1,normal
ebljcddl-1,normal
eblkmfbi-1,tumor
ebmbbomc-1,tumor
ebmbihee-1,tumor
ebmgjihp-1,tumor
ebmkjjlb-1,normal
ebmlfdee-1,normal
ebmmjkbh-1,normal
ebmofheh-1,normal
ebndlgdg-1,normal
ebnnadep-1,normal
ebnnpgnk-1,tumor
ebnpmckc-1,tumor
eboolpmp-1,normal
ebopmlhd-1,normal
ebpbgapg-1,normal
ebpbiefj-1,normal
ebpgemca-1,normal
ebphbedk-1,normal
ebpmmcid-1,tumor
ebpolklp-1,normal
ecahmhij-1,normal
ecbalajh-1,normal
ecbcfkho-1,normal
ecbdcmpe-1,normal
ecbehnef-1,normal
ecbibljm-1,normal
ecbjbcoi-1,normal
ecbjckgh-1,normal
ecbmcjdo-1,normal
ecbmgfem-1,normal
eccddohk-1,normal
eccendob-1,normal
eccgdphk-1,normal
eccifjnp-1,normal
eccojcjb-1,normal
eccpfean-1,normal
ecdahenp-1,normal
ecdbagpf-1,normal
ecddgbck-1,normal
ecdeapol-1,normal
ecdfggcm-1,normal
ecdihljj-1,tumor
ecdjhekc-1,tumor
eceaclbm-1,normal
ecebdabn-1,normal
ecegfghn-1,normal
ecejobch-1,normal
ecekdfeh-1,normal
ecekfkhj-1,normal
ecekgadm-1,normal
ecelkhop-1,normal
ecelnjno-1,tumor
ecengjpe-1,normal
ecficbdf-1,normal
ecfmjjnf-1,normal
ecfmnbda-1,normal
ecfncigf-1,normal
ecggfceh-1,normal
ecghpngf-1,normal
echdmpii-1,normal
echhgaod-1,normal
echhkjne-1,normal
echjgbhn-1,normal
ecinhnna-1,normal
ecinpkbf-1,normal
ecjjmllm-1,normal
ecjlkioh-1,normal
ecjmgilh-1,normal
ecjpjdec-1,normal
eckaomil-1,normal
eckbobmb-1,normal
eckcgcbf-1,normal
eckdhaei-1,normal
eckhpcdl-1,normal
eckioogd-1,normal
eckkmdek-1,normal
ecklpcek-1,normal
eckppcja-1,normal
eclankgf-1,normal
eclblhcd-1,normal
ecldekca-1,normal
ecljlpgp-1,normal
ecmbdfbe-1,normal
ecmdknlj-1,normal
ecmodhcl-1,normal
ecmoonfe-1,tumor
ecngnbhi-1,normal
ecnickfk-1,normal
ecnieonh-1,normal
ecnlblpe-1,tumor
ecnlgdoa-1,tumor
ecocakaj-1,normal
ecodohff-1,normal
ecohccnd-1,normal
ecoiajdp-1,normal
ecomnpaf-1,normal
ecpgdhnb-1,normal
ecpollgb-1,normal
edackihd-1,normal
edalmlko-1,tumor
edbacaen-1,normal
edbflama-1,normal
edbienop-1,normal
edbodgdn-1,normal
edcahhnh-1,normal
edcedcho-1,normal
edcemjif-1,normal
edcfegid-1,normal
edcgjioo-1,normal
edchccpp-1,normal
edckjpdj-1,normal
edclemef-1,normal
edcpknja-1,normal
eddfbohk-1,normal
eddfkcfc-1,normal
eddjbhii-1,normal
eddkkccf-1,tumor
edeapijk-1,normal
edebedkj-1,normal
edecdino-1,normal
edeeebeo-1,normal
edefdgai-1,normal
edegeocl-1,tumor
edekniml-1,tumor
edemoiha-1,normal
edfedkfi-1,normal
edfnhohf-1,normal
edfpgkaa-1,normal
edgaeiph-1,tumor
edgandjc-1,tumor
edglafgk-1,normal
edgofimh-1,normal
edhbolan-1,normal
edhdcdgl-1,normal
edhelcel-1,normal
edhfhbfn-1,normal
edhhimjk-1,normal
edhhmlfc-1,normal
edhiaiba-1,normal
edhmhaam-1,normal
ediafedo-1,normal
edidacoi-1,normal
edidibip-1,normal
ediggfgn-1,normal
edjepcbl-1,normal
edjhhnpb-1,normal
edjojphd-1,normal
edjomlci-1,normal
edkcahce-1,normal
edkdlghn-1,normal
edkeegnp-1,normal
edkgbeoh-1,normal
edkjnjhe-1,normal
edlhcogd-1,normal
edlllmec-1,normal
edlnnnec-1,normal
edmcmhmn-1,normal
edmggpim-1,normal
edngkagd-1,normal
ednjchbe-1,tumor
ednodnbl-1,tumor
edocajph-1,normal
edoffnib-1,normal
edohldco-1,normal
edpajiom-1,normal
edpblojn-1,normal
edpcomgd-1,normal
edpdfalo-1,normal
edpdjijh-1,normal
edpghckb-1,normal
edpknjpo-1,normal
edpnfjmn-1,normal
edpoclim-1,normal
edpoelgn-1,normal
eeahodnf-1,normal
eealmmhd-1,normal
eeaomfnc-1,tumor
eeapibma-1,normal
eebalkmi-1,normal
eebapejg-1,normal
eebbinfk-1,normal
eebdbiic-1,normal
eebhlcka-1,normal
eebipklh-1,normal
eebnpoad-1,normal
eebpnljg-1,normal
eecjenak-1,normal
eecjpike-1,normal
eecmagei-1,normal
eecniman-1,normal
eecolnip-1,normal
eedbaegb-1,normal
eedcklpo-1,normal
eedifgka-1,normal
eedpnioi-1,normal
eeebjklb-1,normal
eeedpaem-1,normal
eeeggobl-1,normal
eeegodjd-1,normal
eeehhlgo-1,normal
eeeijepm-1,normal
eeejgfdi-1,normal
eeenoagf-1,normal
eeeofglk-1,normal
eefcgdbo-1,normal
eefehmbg-1,normal
eeffefkp-1,normal
eefjehkk-1,normal
eeggbcfd-1,normal
eegiakck-1,normal
eehfcdpg-1,normal
eehheklc-1,normal
eehpiije-1,normal
eeiaonkb-1,normal
eeicbnia-1,normal
eeiddief-1,normal
eeiedndp-1,normal
eeiehbfg-1,normal
eeifbkkf-1,normal
eeihmgcm-1,normal
eeihnalf-1,normal
eeiijkeg-1,normal
eejadllj-1,normal
eejfeafa-1,normal
eejgeogj-1,normal
eejnkefc-1,normal
eejoljoo-1,normal
eekbdhmn-1,normal
eekeecgb-1,normal
eekfpkoo-1,normal
eekgilkg-1,normal
eeknpjkj-1,normal
eelammge-1,tumor
eeldilpe-1,normal
eeldpdnc-1,normal
eelghgdm-1,normal
eelihfeb-1,normal
eeljkdok-1,normal
eeljmjem-1,normal
eelpaidm-1,tumor
eemblanh-1,tumor
eemgbcmm-1,tumor
eemgncfc-1,tumor
eeminceo-1,tumor
eemjppfp-1,tumor
eemkmmjc-1,tumor
eemlbgho-1,tumor
eemlkiae-1,tumor
eempcngd-1,tumor
eempekie-1,tumor
eenajjgf-1,tumor
eenbodej-1,tumor
eenbpjpi-1,normal
eendcnfg-1,normal
eeneilen-1,normal
eenfglll-1,normal
eeoepbli-1,tumor
eeogbfic-1,tumor
eeogkbbp-1,tumor
eeomefbo-1,tumor
eepbpopb-1,tumor
eepmnbhh-1,tumor
eepnjgen-1,tumor
eepofmje-1,tumor
eeppnnoj-1,tumor
efafaafe-1,tumor
efandgaj-1,normal
efbbilnp-1,tumor
efbbnlba-1,tumor
efbfhlll-1,tumor
efbgdofa-1,tumor
efbingie-1,tumor
efbklgdd-1,normal
efcehjea-1,tumor
efcgpdcj-1,normal
efchmipc-1,normal
efcjiogh-1,normal
efcjnajb-1,normal
efcjpgdi-1,normal
efclmimp-1,normal
efcnlnfi-1,normal
efdaabff-1,normal
efddhelk-1,normal
efdpaiei-1,normal
efedlikh-1,tumor
effchlgk-1,normal
effnhbaa-1,tumor
efgbmena-1,normal
efghedgk-1,normal
efgkagok-1,normal
efgnlbif-1,normal
efhbecll-1,normal
efhbgjio-1,normal
efhdamki-1,tumor
efhfggim-1,tumor
efhihgma-1,tumor
efhneode-1,tumor
efiajjae-1,tumor
efiblhpb-1,tumor
efjaibhe-1,tumor
efjcaeih-1,tumor
efjcicge-1,normal
efjcoggb-1,tumor
efjdnflb-1,tumor
efjelikh-1,tumor
efkilkmc-1,tumor
eflcipmb-1,normal
efljlkhg-1,tumor
efllmhhi-1,normal
efmdhknc-1,tumor
efmhijdn-1,tumor
efmmkhpa-1,tumor
efmoaiaa-1,tumor
efmpegec-1,tumor
efndegeo-1,normal
efndojej-1,tumor
efnljhcb-1,tumor
efnpailh-1,tumor
efoajmpl-1,normal
efoamoca-1,normal
efobgeig-1,normal
efoeddgl-1,tumor
efogaici-1,normal
efogicmc-1,normal
efokldbc-1,normal
efoolfab-1,normal
efpdddja-1,normal
efpdnclj-1,normal
efpfchod-1,normal
efpimkjk-1,normal
efpjjocf-1,normal
efpjpklh-1,normal
efplbnne-1,normal
efpnaidf-1,normal
egaaedlg-1,normal
egabible-1,normal
egacmioe-1,normal
egadgnoo-1,normal
egaedjnk-1,normal
egagdfgi-1,normal
egahfbcj-1,normal
egaklfbc-1,normal
eganldma-1,normal
egapaldi-1,normal
egbaeegp-1,normal
egbhjnoh-1,normal
egbimdeo-1,normal
egbkpdgb-1,normal
egbopneb-1,tumor
egbpheob-1,tumor
egcdpooi-1,normal
egciighe-1,normal
egcojgal-1,normal
egdalhol-1,normal
egddidhh-1,normal
egdfoajc-1,tumor
egdjagep-1,tumor
egdkebfc-1,tumor
egecabpl-1,normal
egeeibbb-1,normal
egehpido-1,normal
egeklaik-1,normal
egendgeb-1,normal
egfchdpk-1,normal
egfeanhp-1,normal
egfjhbmk-1,normal
egfllooc-1,normal
egflncic-1,normal
eggcemjl-1,normal
eggcgeml-1,normal
egggmleh-1,tumor
eggjjoji-1,normal
eggpkggb-1,normal
eghapkao-1,normal
eghdmbig-1,normal
eghgjpaj-1,normal
eghjodep-1,normal
eghlcaim-1,normal
eghliego-1,tumor
eghnahci-1,normal
egicojfl-1,normal
egideagl-1,normal
egidpfac-1,normal
egifilje-1,normal
egihjicb-1,normal
egiljgfa-1,tumor
egipglpn-1,tumor
egjaindc-1,normal
egjebmjn-1,tumor
egjjpaeb-1,tumor
egjoboff-1,tumor
egkcnien-1,normal
egkjjood-1,normal
egkklobg-1,normal
egklcmki-1,normal
eglajnil-1,normal
eglbaclp-1,normal
eglhnjop-1,normal
eglkgmik-1,normal
eglmijni-1,normal
eglnaadp-1,normal
eglnfcbl-1,normal
eglpiicg-1,tumor
egmgpoho-1,normal
egmjjgmd-1,normal
egmjoffj-1,tumor
egmmahij-1,tumor
egmmbeld-1,tumor
egndfghl-1,tumor
egngbfba-1,tumor
egnnkkin-1,normal
egnpklok-1,tumor
egnpmldp-1,tumor
egofpkom-1,tumor
egokfeif-1,normal
egpdcbik-1,tumor
egpgbofe-1,tumor
egpkomnk-1,normal
egplohfb-1,normal
egpmmikj-1,normal
ehabbkoc-1,normal
ehacpanj-1,normal
ehakngdi-1,normal
ehalaelp-1,normal
ehalijhi-1,normal
ehapbanj-1,normal
ehbalpnf-1,normal
ehbgpacg-1,normal
ehcedken-1,normal
ehcjffpj-1,normal
ehcjlfjk-1,normal
ehcmcjgl-1,tumor
ehdaginb-1,normal
ehdlbdhg-1,normal
eheaobjg-1,normal
ehehpddf-1,normal
ehenpmch-1,tumor
ehfalokc-1,tumor
ehffdggh-1,normal
ehgapcpo-1,normal
ehgbgflb-1,normal
ehgbkfcg-1,normal
ehhpdjjn-1,normal
ehimekjl-1,normal
ehiocnld-1,normal
ehjccdgb-1,normal
ehjgephm-1,normal
ehjjlbcf-1,normal
ehjlhdch-1,normal
ehjmmeml-1,normal
ehjmmghn-1,normal
ehkccfel-1,normal
ehkfanfg-1,normal
ehkfnobb-1,normal
ehkfohei-1,normal
ehkldidi-1,normal
ehkpolcl-1,normal
ehlkblnd-1,normal
ehlmkmeo-1,normal
ehmcchfi-1,normal
ehmfmofi-1,normal
ehmkchdj-1,normal
ehmnjaoi-1,normal
ehmoonci-1,normal
ehmpcgjb-1,normal
ehmpehnh-1,normal
ehncemlg-1,normal
ehnghhhg-1,tumor
ehnjpdie-1,tumor
ehnlpadc-1,normal
ehoddhea-1,normal
ehoehgig-1,normal
ehoepehj-1,normal
ehoiknbi-1,normal
eholfgma-1,normal
ehonpmbf-1,normal
ehpadnci-1,normal
ehppnhao-1,normal
eiaapcbh-1,normal
eiaccbdk-1,normal
eiaeckab-1,normal
eialoien-1,normal
eiapcboo-1,normal
eibpeoob-1,tumor
eicdkaed-1,normal
eicfhkgf-1,normal
eichgelh-1,normal
eicjakag-1,normal
eicmglmm-1,normal
eidfeklp-1,normal
eidgjdnp-1,normal
eidiifan-1,normal
eieeeplj-1,normal
eiefmolf-1,normal
eiekopim-1,normal
eiemkkbc-1,normal
eieollhm-1,normal
eifclgbg-1,tumor
eifgodbi-1,normal
eifkccae-1,normal
eigdccib-1,tumor
eighmlpf-1,normal
eihecjgp-1,normal
eihfdmlj-1,normal
eihfonbe-1,normal
eihicloo-1,normal
eiilggma-1,normal
eijdohpk-1,normal
eikbgaae-1,normal
eikgahhg-1,normal
eikiicjm-1,normal
eikikaji-1,normal
eikkdaoh-1,normal
eikmadnc-1,normal
eilabfkn-1,normal
eiledfii-1,normal
eilgdofc-1,normal
eilhkonn-1,normal
eiljiegp-1,normal
eilnhdhk-1,normal
eilockkh-1,normal
eilpbjcm-1,normal
eimcimfg-1,normal
eimcnmoh-1,tumor
eimhkglg-1,normal
eimjgokd-1,normal
eincnflp-1,normal
einjpjlp-1,tumor
einngcco-1,tumor
eipbolfg-1,normal
ejablmga-1,normal
ejadmafl-1,tumor
ejanobce-1,normal
ejbcpljf-1,normal
ejbdepab-1,normal
ejbhkjnh-1,normal
ejbkknpk-1,tumor
ejchfcph-1,normal
ejckafgp-1,normal
ejclpaeg-1,normal
ejcnbjlf-1,normal
ejdfkgjc-1,normal
ejdgkiod-1,tumor
ejdnopah-1,normal
ejeaklha-1,normal
ejeckibl-1,normal
ejecpiod-1,normal
ejejchdp-1,normal
ejelaieb-1,normal
ejfbibld-1,normal
ejfcgdal-1,normal
ejfdkope-1,normal
ejfekckp-1,normal
ejfkhghh-1,normal
ejfkieaa-1,normal
ejflmlci-1,normal
ejfmbnpo-1,normal
ejfnfhfo-1,normal
ejgbmbcn-1,normal
ejggdjcg-1,normal
ejghngij-1,normal
ejgihjcn-1,normal
ejglffdo-1,normal
ejgnbfcb-1,normal
ejhianlf-1,normal
ejhichlm-1,normal
ejihldnd-1,tumor
ejihlpdm-1,tumor
ejipebhc-1,normal
ejjcjdpe-1,normal
ejjdimgh-1,normal
ejjebhij-1,normal
ejjhidpe-1,normal
ejjkmbdn-1,normal
ejkpegck-1,normal
ejkpfenp-1,normal
ejlccokl-1,normal
ejliilhf-1,normal
ejlkkjha-1,normal
ejlknjmj-1,normal
ejmaomme-1,normal
ejmdhfgd-1,normal
ejmgmaih-1,normal
ejniejff-1,normal
ejogeidj-1,normal
ejohkncj-1,normal
ejphpimj-1,normal
ejpmofpo-1,normal
ejppgjkh-1,normal
ekaklbho-1,normal
ekamlnna-1,tumor
ekbclick-1,normal
ekbhjimd-1,normal
ekcidpak-1,normal
ekcnneee-1,normal
ekdaehid-1,normal
ekdbbhee-1,normal
ekddcaln-1,normal
ekdhgmgl-1,normal
ekdhnmam-1,normal
ekdieokm-1,normal
ekdkgakc-1,normal
ekdoeipn-1,normal
ekefnhfi-1,normal
ekehbged-1,normal
ekfdagnl-1,normal
ekfhbnmj-1,normal
ekfijncb-1,normal
ekflmaen-1,normal
ekgfddph-1,normal
ekghmjek-1,normal
ekgleilg-1,normal
ekhbngon-1,normal
ekhikkno-1,normal
ekhkpabd-1,normal
ekhlnhik-1,normal
ekiicepe-1,normal
ekijfcgj-1,normal
ekilmjbi-1,normal
ekipjnpg-1,normal
ekippdhk-1,normal
ekjafjhf-1,normal
ekjalfcm-1,normal
ekjflbba-1,normal
ekjgffnn-1,normal
ekjgjbmk-1,normal
ekjmadii-1,normal
ekkbceim-1,normal
ekkcodkg-1,normal
ekkdaehj-1,normal
ekkimmfg-1,normal
ekmabhfj-1,tumor
ekmfikeh-1,normal
ekmilbcj-1,normal
ekmmegji-1,normal
eknanaog-1,normal
eknknaef-1,normal
eknloanm-1,normal
eknomggg-1,normal
eknpnfdd-1,normal
ekodcaaj-1,normal
ekonmgie-1,normal
ekpaecec-1,normal
ekpamlbb-1,normal
ekpifkod-1,tumor
ekpjbojf-1,normal
ekpjnbja-1,tumor
ekplkmgk-1,normal
ekplnakj-1,normal
ekpoplep-1,normal
elacoghl-1,normal
eladlimj-1,normal
elaikljm-1,normal
elbegipn-1,normal
elbghklg-1,normal
elbgoeei-1,normal
elbnedie-1,normal
elbnhhef-1,normal
elbpkpal-1,normal
elcdnggi-1,normal
elcehole-1,normal
elchbcnk-1,normal
elcibjfm-1,normal
elckgnac-1,tumor
elckmeco-1,tumor
elddcnod-1,tumor
eldfcccd-1,tumor
eldkeeak-1,normal
elecohlb-1,tumor
elehaomb-1,normal
elejkdmm-1,normal
elenjena-1,normal
elgbldab-1,normal
elgdeegm-1,normal
elgffapl-1,normal
elggceeo-1,normal
elglmffl-1,normal
elgmfccg-1,normal
elhbklek-1,normal
elhcipih-1,normal
elhhiiji-1,tumor
elhkknbj-1,normal
elhkmiho-1,tumor
elhneibh-1,tumor
elhoilee-1,tumor
eliaebdm-1,tumor
elibfnjd-1,tumor
elichfgf-1,normal
eligdfmp-1,tumor
eliibjnf-1,tumor
elijppcf-1,tumor
elilaoae-1,tumor
eljapcef-1,normal
eljdokoj-1,normal
eljmjado-1,normal
eljndgep-1,normal
eljnfckm-1,normal
eljogngi-1,normal
eljookid-1,normal
elkbfina-1,normal
elkcocmp-1,normal
elkhcpgl-1,normal
elkijfei-1,normal
elkjjnii-1,tumor
elklnigd-1,normal
elkmeige-1,normal
ellaakhh-1,tumor
elmfnhel-1,normal
elmmkidp-1,tumor
elmpomac-1,normal
elncgjjc-1,normal
elnchjbd-1,normal
elncoahp-1,normal
elneikph-1,normal
elnghace-1,normal
elodfpmf-1,normal
eloignjn-1,normal
eloipbel-1,tumor
elompnph-1,tumor
elopccmk-1,tumor
elpdflcm-1,normal
elpdncim-1,normal
elpgjndg-1,tumor
elpmgmbb-1,normal
emalcjpc-1,tumor
emalcmfl-1,normal
embdimhm-1,tumor
embfcjep-1,normal
embjnmbc-1,normal
embmnngi-1,normal
embmohkh-1,tumor
emccilge-1,tumor
emcdnlfd-1,normal
emceobbj-1,normal
emceodej-1,normal
emchcnph-1,normal
emcknjhn-1,tumor
emcogcik-1,normal
emdaeook-1,tumor
emdbejek-1,normal
emdlmnjk-1,normal
emdoocen-1,normal
emdpblkc-1,normal
emebnkde-1,normal
emeeopln-1,normal
emefefog-1,normal
emegcdkd-1,normal
emehjpmd-1,normal
emekhagg-1,normal
emeljbfb-1,normal
ememjkho-1,normal
emeppmkg-1,normal
emfjoike-1,normal
emfkegbn-1,normal
emgahndo-1,normal
emgbcmpg-1,normal
emgekfgm-1,normal
emggkmim-1,normal
emhealfj-1,normal
emhefgbk-1,normal
emifbang-1,normal
emihhffl-1,normal
emijafia-1,normal
emikhjin-1,normal
emiolaka-1,normal
emjdbali-1,normal
emjgjipd-1,normal
emjknkpa-1,normal
emjpflba-1,normal
emkfejhf-1,normal
emkjknca-1,normal
emkljked-1,normal
emlaifih-1,normal
emlbeljn-1,normal
emlcakjp-1,normal
emlcgfne-1,normal
emldefjb-1,normal
emleijjk-1,normal
emlhpnei-1,normal
emljhdag-1,normal
emljiibd-1,normal
emlkmldp-1,normal
emlkoelk-1,normal
emlnimpa-1,normal
emlnjbkm-1,normal
emlomflf-1,normal
emlpgnlb-1,normal
emmaaieb-1,normal
emmelkcl-1,normal
emmhbkcl-1,normal
emmhlill-1,normal
emncgbog-1,normal
emnddacm-1,tumor
emndkoha-1,normal
emngpaeb-1,tumor
emnkgaip-1,normal
emnmfdgg-1,normal
emnpeeak-1,normal
emobcjof-1,tumor
emogghne-1,tumor
emollpij-1,tumor
emopdikl-1,tumor
empebeme-1,tumor
empibfbo-1,tumor
empiebbp-1,normal
enaamdoi-1,normal
enaaogmo-1,tumor
enabbihp-1,normal
enadnmed-1,normal
enaggknm-1,normal
enahckcg-1,tumor
enahnmek-1,tumor
enaiikpb-1,normal
enakknpm-1,tumor
enambdba-1,normal
enamkiif-1,normal
enaolcfa-1,normal
enbfklhl-1,tumor
enblnpnp-1,normal
enbmgmmg-1,normal
enbmijan-1,normal
enbpbopf-1,normal
enbphnlo-1,normal
encaflkd-1,tumor
enchkapb-1,tumor
encicbnb-1,normal
enclamhm-1,normal
encoinnh-1,normal
endbfijj-1,normal
endbjmob-1,normal
endckoci-1,normal
enddhiod-1,normal
endjoobi-1,tumor
endmbijo-1,normal
endodihe-1,normal
endpedjg-1,tumor
endpmfll-1,normal
enebffin-1,normal
enedaama-1,normal
enedknpk-1,normal
enehjimn-1,normal
enehnjdp-1,normal
enempijf-1,normal
enenaben-1,normal
enenaobl-1,normal
enfdfgbo-1,normal
enfdlfla-1,normal
enfgkodf-1,normal
enfgnoih-1,normal
enfmelck-1,normal
engfbkkk-1,normal
engfgnff-1,normal
engfpakb-1,normal
enggjlib-1,normal
engidjka-1,normal
engjmdcg-1,normal
engpchlf-1,normal
enhaplfl-1,normal
enhkfacb-1,normal
enhpbpli-1,normal
eniafeah-1,tumor
enidpdjc-1,tumor
eniegapa-1,normal
enienabf-1,normal
enijohng-1,normal
enimeohn-1,normal
enipbkip-1,normal
enjbneee-1,normal
enjdmphl-1,normal
enjfapdd-1,normal
enjhfbgi-1,normal
enjifjch-1,normal
enjjlmlm-1,normal
enjkjchn-1,normal
enjlgmkg-1,normal
enjllogh-1,normal
enkamfph-1,normal
enkeakao-1,normal
enknknco-1,normal
enmbjafp-1,normal
enmebghk-1,normal
enmghhgc-1,normal
enmmdjfd-1,normal
enmpghpf-1,normal
enninbne-1,normal
ennkbmkc-1,normal
enopckgn-1,normal
enpbnjlm-1,normal
enpdhfcm-1,normal
enpfcbfm-1,normal
enpgdogc-1,normal
enpihgeh-1,normal
enpjleja-1,tumor
eoabkbng-1,normal
eoaklcia-1,normal
eobaefmf-1,normal
eobamcik-1,normal
eobdjckj-1,normal
eobglmgc-1,tumor
eobllpak-1,normal
eobopcne-1,normal
eocajlpe-1,normal
eoccpdfd-1,normal
eocfcmck-1,normal
eocklmgl-1,normal
eocnkfam-1,normal
eocnnmen-1,normal
eodcmfpn-1,normal
eodfnfmk-1,normal
eodhegba-1,tumor
eodkeemp-1,tumor
eodlbank-1,tumor
eoeabgoa-1,normal
eoebnbnb-1,normal
eoedhbjm-1,tumor
eoehllhb-1,tumor
eoenibja-1,tumor
eoeokgdg-1,normal
eofdljgh-1,tumor
eofenadm-1,normal
eofhhped-1,tumor
eofldedo-1,normal
eofmgall-1,tumor
eogfmjed-1,normal
eoginofg-1,normal
eogjhbnl-1,tumor
eogocklc-1,tumor
eogogcgh-1,tumor
eohehpbf-1,normal
eohfckeb-1,normal
eohgehgi-1,normal
eohinjnk-1,normal
eohjkinl-1,normal
eohnpjcm-1,normal
eohpbmbd-1,normal
eoiajmhe-1,tumor
eoibaffb-1,normal
eoicpohh-1,normal
eoidoiha-1,normal
eoigknjm-1,normal
eoihflkm-1,normal
eoijdbol-1,normal
eojdminl-1,tumor
eojikbld-1,normal
eojlagfo-1,tumor
eojmkcap-1,tumor
eokdnkph-1,tumor
eokiakpb-1,normal
eokopeed-1,normal
eolbflph-1,normal
eolemmph-1,normal
eolhhllb-1,normal
eoljnngg-1,normal
eolnbioc-1,normal
eolngkjl-1,tumor
eomaghol-1,tumor
eomghgfo-1,normal
eomjcmnd-1,tumor
eomlindc-1,tumor
eommnplg-1,normal
eompeahc-1,normal
eonadacc-1,normal
eonbofie-1,tumor
eondibcn-1,normal
eonebcoj-1,normal
eoneiigk-1,normal
eongdmmi-1,tumor
eonhbndp-1,tumor
eonkjgma-1,tumor
eonnigal-1,tumor
eonokebf-1,normal
eooapcfe-1,tumor
eooblpal-1,normal
eooclegb-1,tumor
eoocpefa-1,tumor
eoopajoi-1,normal
eopabgdd-1,normal
eopbamab-1,normal
eopcaapd-1,normal
eopfojnl-1,normal
eophoeam-1,normal
eopilpkf-1,normal
epahjjkf-1,normal
epalaaip-1,normal
epanlckl-1,normal
epaoimfd-1,normal
epbbllfd-1,normal
epbboknh-1,normal
epbdhilp-1,normal
epbfkfeg-1,normal
epbkomek-1,normal
epbnlaij-1,normal
epcchhja-1,normal
epccpaen-1,normal
epcfooeo-1,tumor
epchpjca-1,normal
epciglbh-1,normal
epckhdef-1,normal
epcombpj-1,normal
epdbbbae-1,normal
epdofkih-1,normal
epeajcem-1,normal
epecnilf-1,normal
epeeaogk-1,tumor
epeemngc-1,tumor
epekdgih-1,normal
epeppkkm-1,normal
epfaplmc-1,normal
epfcjlac-1,normal
epfdgljh-1,normal
epfdnmcn-1,normal
epffopll-1,tumor
epfgfdai-1,tumor
epfnkfac-1,normal
epfpckec-1,normal
epgjehai-1,normal
epgnbife-1,normal
epgnmjao-1,normal
ephbffel-1,normal
epheghik-1,normal
ephffioa-1,normal
ephfjcln-1,normal
ephhkokf-1,normal
ephpffmb-1,normal
epidpkhj-1,normal
epiiflfk-1,normal
epijgiil-1,normal
epilhhnc-1,normal
epilipdj-1,normal
epinlfpo-1,tumor
epinpnnf-1,normal
epioggcm-1,normal
epipfepp-1,normal
epjgmigm-1,tumor
epjikaak-1,tumor
epjinnhf-1,tumor
epjmagng-1,normal
epkekgio-1,normal
epkflhbp-1,normal
epkhbdfp-1,normal
epkhgjkn-1,tumor
epklfbfn-1,normal
eplfcjca-1,normal
eplgjnom-1,tumor
epliocmn-1,tumor
eplmlgek-1,normal
eplpidcc-1,tumor
epmalbge-1,tumor
epmbdgok-1,tumor
epmbiame-1,tumor
epmdmein-1,normal
epmkmlnp-1,normal
epmmocog-1,normal
epnhdbhf-1,tumor
epnjafnk-1,tumor
epnkcnbj-1,tumor
epnmpeko-1,tumor
epnnggln-1,normal
epnpcpjh-1,tumor
epobljap-1,tumor
epodjpdc-1,tumor
epoljpgh-1,tumor
eppefcko-1,normal
eppefkjb-1,tumor
eppfcgoa-1,tumor
eppgiicl-1,normal
eppiajkl-1,normal
eppnfbhe-1,tumor
faabclhi-1,normal
faadbdji-1,normal
faadplpc-1,normal
faagmdon-1,normal
faaijnbn-1,normal
faajamcb-1,normal
faanbgba-1,normal
faaodbjn-1,normal
faapjffe-1,tumor
fabdeokb-1,normal
fabjafop-1,normal
fablafpe-1,normal
faboknif-1,normal
facbgjia-1,normal
facblcld-1,normal
facdpked-1,tumor
faceiaka-1,tumor
facgpddb-1,tumor
fachemdn-1,tumor
facjaaoc-1,tumor
fackbica-1,tumor
facnldhj-1,normal
facobanl-1,normal
facpmhbm-1,tumor
fadhjmfg-1,tumor
fadmeoap-1,tumor
fadobkkl-1,tumor
fadojbne-1,tumor
fadpkaen-1,tumor
faedfjij-1,tumor
faefeodk-1,tumor
faegaiao-1,tumor
faegjlmb-1,normal
faeinpgh-1,normal
faejomio-1,normal
faeknnfo-1,normal
fafcjlpp-1,normal
fafhpglp-1,normal
fafkjblb-1,normal
fafliaka-1,tumor
fafmjeic-1,normal
fagahmgp-1,normal
fageiooc-1,normal
faghebae-1,normal
fagibani-1,normal
fagmpnfi-1,normal
fahecjdj-1,normal
fahgiphn-1,normal
fahhjfab-1,normal
fahkfpcg-1,normal
fahlhcff-1,normal
fahmiejn-1,normal
faianppj-1,normal
faicbhld-1,tumor
faifnnpl-1,normal
faigdjho-1,normal
faihjdmp-1,normal
faiiipfp-1,normal
faijkjfh-1,normal
faikknnm-1,tumor
faiofoog-1,normal
fajccpgk-1,normal
fajdpail-1,normal
fajhpmkn-1,tumor
fakbdfbg-1,normal
fakjbkij-1,normal
faklljnb-1,normal
faknnpae-1,normal
fakoeehf-1,normal
falkpcek-1,normal
famhgpop-1,tumor
fanejnch-1,normal
fanfcmkh-1,normal
fanhpkep-1,normal
faodmdam-1,tumor
faognagd-1,normal
faohnphh-1,normal
faojofnh-1,normal
fapclcok-1,normal
fapicdab-1,normal
fappiibl-1,normal
fbaaepdj-1,tumor
fbadbcah-1,tumor
fbaegjji-1,tumor
fbahiogl-1,normal
fbakobbc-1,normal
fbapgkif-1,normal
fbbdpfcd-1,normal
fbblbfjo-1,normal
fbboiiph-1,normal
fbbplfdj-1,normal
fbcdddip-1,normal
fbcdimhk-1,normal
fbcfdmpg-1,normal
fbcimiaj-1,normal
fbcjdcjd-1,normal
fbcoflej-1,tumor
fbcogbgg-1,tumor
fbdadahm-1,tumor
fbdcmjcm-1,tumor
fbdcnnjg-1,normal
fbddmepi-1,tumor
fbdfmkan-1,normal
fbdhjakn-1,normal
fbdjidkm-1,normal
fbdldokk-1,normal
fbdlpcae-1,normal
fbdmeljk-1,normal
fbdmhmad-1,normal
fbeakbad-1,normal
fbeamkgi-1,normal
fbefbkcj-1,normal
fbefenop-1,normal
fbegfbae-1,normal
fbehmnkl-1,normal
fbelamic-1,normal
fbelapol-1,normal
fbelebja-1,normal
fbfafegp-1,normal
fbfgkjhc-1,normal
fbfhmhlk-1,normal
fbfjdpgi-1,normal
fbfkbkjj-1,normal
fbfkdppa-1,normal
fbfkjmgg-1,normal
fbflbpim-1,normal
fbfolhpg-1,normal
fbgcbhih-1,normal
fbggipgf-1,normal
fbgiegce-1,tumor
fbgjlnnf-1,tumor
fbgmgial-1,normal
fbgnkjbd-1,normal
fbgpifib-1,tumor
fbhadoee-1,normal
fbhdlbfb-1,normal
fbhejakd-1,normal
fbhigemo-1,normal
fbhlpfak-1,normal
fbhojidi-1,normal
fbicloah-1,normal
fbidahld-1,normal
fbiecmab-1,normal
fbihkgei-1,normal
fbihpboc-1,normal
fbiiffgb-1,normal
fbijdnld-1,tumor
fbilipdj-1,normal
fbjakilj-1,normal
fbjcgeem-1,normal
fbjdaloo-1,normal
fbjfaeod-1,normal
fbjgcgel-1,normal
fbjggojj-1,normal
fbjkibcf-1,normal
fbjlgaik-1,normal
fbjpohfa-1,normal
fbkfnbpi-1,normal
fbkifhja-1,normal
fbkipnhp-1,normal
fbkmgcao-1,normal
fbkpbaoh-1,normal
fblafgbk-1,normal
fblbcomb-1,normal
fblcjgkg-1,normal
fblfndfo-1,normal
fblgapjd-1,normal
fblidjna-1,normal
fblifhof-1,normal
fbllflan-1,normal
fblphhmj-1,normal
fbmbcmkl-1,normal
fbmbpjbj-1,normal
fbmdlgef-1,normal
fbmdoifi-1,normal
fbmeanif-1,normal
fbmgnaan-1,normal
fbmjddnn-1,normal
fbmjilik-1,normal
fbmmfham-1,normal
fbmoinpn-1,normal
fbncfgpo-1,tumor
fbncnlhd-1,normal
fbnfnpbc-1,normal
fbnjgjao-1,normal
fbnjojja-1,normal
fbnmepcc-1,normal
fbnnbgfj-1,tumor
fbocfedc-1,normal
fbochnmp-1,normal
fbolefkb-1,normal
fbomkmkk-1,normal
fbpaloii-1,normal
fbpckhcf-1,normal
fbpcpfhb-1,normal
fbpjmiff-1,normal
fbpmkpil-1,normal
fbpppbif-1,normal
fcaeekjf-1,normal
fcafbcna-1,normal
fcamkink-1,normal
fcanbmbl-1,normal
fcbamjnk-1,normal
fcbbedof-1,normal
fcbcbgfp-1,normal
fcbgbgkp-1,normal
fcbhfclh-1,normal
fcbiifhk-1,normal
fcbjjjfo-1,normal
fcbmdhog-1,normal
fcbmdmno-1,normal
fcbofojn-1,normal
fcbpdmnp-1,normal
fcbpgpnp-1,normal
fccahalp-1,normal
fcccboja-1,normal
fccejago-1,normal
fccfnlml-1,normal
fcchafpc-1,normal
fccjdgmo-1,normal
fccjebmm-1,normal
fcckhbmh-1,normal
fccmbjno-1,normal
fcdajokl-1,normal
fcdcbbla-1,normal
fcebgjon-1,normal
fceckimg-1,normal
fcedkahi-1,normal
fcegkcoj-1,normal
fcehjedj-1,normal
fceicmgk-1,normal
fcejjpio-1,normal
fcekahgi-1,normal
fceldbkl-1,normal
fcenifok-1,normal
fcfbkpch-1,normal
fcfflnjp-1,normal
fcfjcdgn-1,tumor
fcfliobi-1,normal
fcflleee-1,tumor
fcfoejgn-1,normal
fcfogagf-1,normal
fcgdlpda-1,normal
fcgekbcn-1,normal
fcggggam-1,normal
fcghdaik-1,normal
fcgnjfbn-1,normal
fchdgoil-1,normal
fchehaic-1,normal
fchenimk-1,normal
fchiohfa-1,normal
fchiokal-1,normal
fchkofdc-1,normal
fchplbhh-1,normal
fcijjhlg-1,normal
fcipkgmb-1,normal
fcjcabon-1,normal
fcjfbfjk-1,normal
fcjjhkli-1,normal
fcjnbhek-1,normal
fcjoangb-1,normal
fcjocein-1,normal
fcjoepbl-1,normal
fcjpeiad-1,normal
fckdadom-1,tumor
fckemeka-1,normal
fckfmmhk-1,normal
fclacnid-1,normal
fclfcinc-1,normal
fclfemim-1,normal
fclhallk-1,normal
fclhmoje-1,normal
fclmdjbk-1,normal
fclnhdej-1,normal
fclolpbf-1,normal
fclpaemm-1,normal
fcmahfea-1,normal
fcmbnonj-1,normal
fcmcgaol-1,normal
fcmhfopp-1,normal
fcmopglc-1,normal
fcnaihfk-1,normal
fcnchgeo-1,normal
fcngikgg-1,normal
fcnjijca-1,normal
fcnonlob-1,normal
fcobhnhp-1,normal
fcodchjc-1,normal
fcokieca-1,normal
fconbjab-1,normal
fcpcpifg-1,normal
fcpfdcko-1,normal
fcphblgp-1,tumor
fcpncdlp-1,normal
fcpnplan-1,normal
fdachjdn-1,normal
fdahfmcj-1,normal
fdailnej-1,normal
fdainape-1,normal
fdajdghn-1,normal
fdajhnjp-1,normal
fdalmfda-1,normal
fdamgige-1,normal
fdbcnmaj-1,normal
fdbdfeij-1,normal
fdbhggpm-1,tumor
fdbhmlbp-1,normal
fdbkdcai-1,normal
fdboahmi-1,normal
fdbppecn-1,normal
fdcanpao-1,normal
fdcgbonm-1,normal
fdcmcjin-1,normal
fdcolace-1,normal
fdcpcnaj-1,normal
fddccjdi-1,normal
fddhdjbb-1,normal
fddlckmn-1,normal
fddohkgd-1,normal
fdebkicg-1,normal
fdedmacj-1,normal
fdedpgfc-1,normal
fdeijiah-1,normal
fdejbcdb-1,normal
fdelhclk-1,normal
fdelpcjc-1,normal
fdepddba-1,normal
fdfckbep-1,normal
fdfemlko-1,normal
fdfjglgg-1,tumor
fdfmiggh-1,tumor
fdgjfbhe-1,normal
fdgkeblg-1,normal
fdgpekca-1,normal
fdgplbep-1,normal
fdhbgdic-1,normal
fdhhmlba-1,normal
fdhkgejn-1,normal
fdhlhoki-1,normal
fdhnbghd-1,normal
fdhnkjhc-1,normal
fdhopiog-1,normal
fdieefkg-1,normal
fdifjjmp-1,normal
fdigijcf-1,normal
fdigleaa-1,normal
fdikincl-1,normal
fdinkpnb-1,normal
fdjcegeo-1,normal
fdjhdego-1,normal
fdjinagp-1,normal
fdjkdnfb-1,normal
fdjpnpab-1,normal
fdkahajc-1,normal
fdkaheml-1,normal
fdkhngai-1,normal
fdkicljk-1,normal
fdkihafe-1,normal
fdkjokal-1,normal
fdkkknde-1,normal
fdknljom-1,normal
fdkobjni-1,normal
fdlgonlh-1,normal
fdlhlaoa-1,normal
fdlhlfga-1,normal
fdliamik-1,normal
fdlpenno-1,normal
fdmafpdp-1,normal
fdmbmooo-1,normal
fdmbnahg-1,normal
fdmbpplm-1,normal
fdmdango-1,normal
fdmdlhcj-1,normal
fdmdmmoc-1,normal
fdmfmlfm-1,normal
fdmhokbj-1,normal
fdmidhpe-1,normal
fdmjgbjo-1,normal
fdmliglj-1,normal
fdmneaaj-1,normal
fdmppfpg-1,normal
fdnbbafe-1,normal
fdnhagfm-1,normal
fdnhjdkj-1,normal
fdniadlk-1,normal
fdnianbp-1,normal
fdnmnide-1,normal
fdnmpngj-1,normal
fdofobdn-1,normal
fdoggopi-1,normal
fdonghbp-1,normal
fdopbjpd-1,normal
fdphjjgb-1,normal
fdpljjmo-1,normal
feaijhac-1,normal
feajdkol-1,normal
feakkefa-1,normal
fealbleo-1,normal
feanbflk-1,normal
feancakh-1,normal
feanlmde-1,normal
feaoajfi-1,normal
febconoh-1,normal
febdioco-1,normal
febfobcg-1,normal
febgcnkh-1,normal
febhbbok-1,normal
febhcnng-1,normal
febicjhg-1,normal
febjdacd-1,normal
febjoehk-1,normal
febkndcc-1,normal
febmafom-1,normal
fecdbjed-1,normal
fecgoefb-1,normal
feclbbpf-1,normal
feclilje-1,normal
fedbkmhk-1,normal
fedhjmkf-1,normal
fedhnico-1,normal
fedpgmik-1,normal
feeaibpo-1,normal
feebmgae-1,normal
feecjjgp-1,normal
feeecpke-1,normal
feeeppip-1,normal
feefddfa-1,normal
feeffpmp-1,normal
feegedkm-1,normal
feeghhdc-1,normal
feehchkc-1,normal
feemiajh-1,normal
feeokbcf-1,normal
feephghl-1,normal
feepjadg-1,normal
fefahenc-1,normal
feffkijg-1,normal
fefklobd-1,normal
fefnbcmn-1,normal
fegdaglh-1,normal
fegejnfb-1,normal
fegmnfdl-1,normal
fegncnia-1,normal
fegpnofp-1,normal
fehabeod-1,normal
fehanghb-1,normal
fehdppjc-1,normal
fehghedp-1,normal
fehkgbia-1,normal
fehlfgak-1,normal
fehmjiig-1,normal
fehnkbip-1,normal
fehppkao-1,normal
feiakemm-1,normal
feicpmnl-1,normal
feifdnib-1,normal
feiibage-1,normal
feiomnlh-1,normal
feipbcod-1,normal
fejaalle-1,normal
fejnaali-1,normal
fekammhe-1,normal
fekfoppj-1,normal
fekghdgl-1,normal
fekijbck-1,tumor
fekkmpng-1,normal
fekmghga-1,normal
fekmihbh-1,normal
felaljbf-1,tumor
feldlofl-1,normal
felimjpg-1,normal
feljnmkm-1,normal
felmhelh-1,normal
femfoehc-1,normal
femkclld-1,normal
fendkami-1,normal
fenegoaj-1,normal
fenenmmb-1,normal
fenjaioc-1,normal
fenjmlco-1,normal
fenjnaab-1,normal
fenlfcgc-1,normal
fenmjedb-1,normal
fennnbgh-1,normal
feoeiajm-1,normal
feohflon-1,tumor
feokdclc-1,normal
feolpmcg-1,normal
feomaile-1,normal
fepcbcdp-1,normal
fepimmfe-1,normal
feplaicf-1,normal
feplfohp-1,normal
feppbmkm-1,tumor
ffaccnho-1,normal
ffackcko-1,tumor
ffaenege-1,normal
ffafndka-1,tumor
ffagfnjh-1,tumor
ffakgedc-1,normal
ffalicgc-1,normal
ffappmfk-1,normal
ffboifpn-1,normal
ffbpepgg-1,normal
ffchkfli-1,normal
ffcimeph-1,normal
ffcjddan-1,normal
ffckepbo-1,normal
ffcnecoo-1,normal
ffdldmpo-1,normal
ffdognco-1,tumor
ffdolpmk-1,normal
ffdomaif-1,normal
ffeegnih-1,normal
ffepicjf-1,normal
fffcjapj-1,normal
ffffmpho-1,normal
ffffogpo-1,normal
fffhhfnd-1,normal
fffjjgpn-1,normal
fffmankg-1,normal
fffnlpgg-1,normal
fffolgac-1,normal
ffgapejf-1,normal
ffgdohlh-1,normal
ffgfhdef-1,normal
ffgijabm-1,normal
ffgkajhp-1,normal
ffgkhaed-1,normal
ffhbnpme-1,normal
ffhecoei-1,tumor
ffhfjkdj-1,tumor
ffhfojae-1,normal
ffhikohl-1,normal
ffhlafbf-1,tumor
ffhlmfde-1,normal
ffhngndk-1,normal
ffhpbmil-1,normal
ffibkkmj-1,tumor
ffidlnhe-1,normal
ffiikocm-1,normal
ffijpkge-1,normal
ffiphobk-1,normal
ffjaihom-1,normal
ffjfacba-1,normal
ffjlhlej-1,normal
ffjlikhe-1,normal
ffjpooal-1,normal
ffkbcedj-1,normal
ffkbddnc-1,normal
ffkbkelm-1,normal
ffkfielj-1,tumor
ffkimknf-1,normal
ffkjkgjj-1,normal
fflbbipc-1,normal
fflbijlc-1,normal
fflcpalh-1,normal
ffldaalh-1,normal
ffljkjmh-1,normal
ffllbcke-1,normal
fflpenlf-1,normal
fflpjbpb-1,normal
fflpljfh-1,normal
ffmfkhca-1,normal
ffmgmlna-1,normal
ffmjkkch-1,normal
ffmplind-1,normal
ffnpjmja-1,normal
ffohknje-1,normal
ffpihmnf-1,normal
ffpiknag-1,normal
ffpjehli-1,normal
ffpkkcdh-1,normal
ffpknjjp-1,normal
ffpkpkfk-1,normal
ffpljhmc-1,normal
ffplmdnj-1,normal
ffpocgfb-1,normal
ffponloh-1,normal
ffpooaca-1,normal
fgaeepme-1,normal
fgalkmjf-1,normal
fgamgldk-1,normal
fgamjlhe-1,normal
fgapaeah-1,normal
fgbbjpbk-1,tumor
fgbelodj-1,normal
fgbgpbhd-1,normal
fgbjfplk-1,normal
fgbkfode-1,normal
fgbkpcaf-1,normal
fgblafci-1,normal
fgbldeak-1,normal
fgbojmmc-1,normal
fgcaijod-1,normal
fgccnkhj-1,normal
fgcgolbb-1,normal
fgcojlhd-1,normal
fgdblolh-1,normal
fgddophj-1,normal
fgdhlddd-1,normal
fgdhofmp-1,normal
fgdibamp-1,normal
fgdjdamf-1,normal
fgdoplon-1,normal
fgealojp-1,normal
fgegeedd-1,normal
fgehpmkp-1,normal
fgejjehn-1,normal
fgelkiog-1,normal
fgendmjp-1,normal
fgfaigei-1,tumor
fgfdmkko-1,tumor
fgfgojpl-1,normal
fgfhehch-1,normal
fgfjopka-1,normal
fgfmjlac-1,normal
fgfnmfcf-1,normal
fgfnpdal-1,normal
fgfpdgcp-1,normal
fggabeap-1,tumor
fggboknh-1,tumor
fggchbcn-1,tumor
fggchceb-1,tumor
fggdicom-1,normal
fgghbckp-1,normal
fggplemc-1,normal
fghaleea-1,tumor
fghhfamd-1,tumor
fghhfjgk-1,tumor
fghjbcif-1,tumor
fghnplji-1,normal
fgickcjk-1,tumor
fgidagde-1,normal
fgieiaia-1,tumor
fgiepknp-1,tumor
fgihfeel-1,tumor
fgiigood-1,tumor
fgiilihm-1,tumor
fgiimnal-1,tumor
fginjbcg-1,normal
fgjajflk-1,tumor
fgjenkjc-1,normal
fgjgakpk-1,normal
fgjhaaho-1,normal
fgjhhpbc-1,normal
fgjjgnhh-1,normal
fgjocoba-1,normal
fgkaaodd-1,normal
fgkekfdj-1,normal
fgkfmfik-1,normal
fgkjpcle-1,normal
fgkpchna-1,normal
fglbinkn-1,normal
fglhhldc-1,normal
fglnfggh-1,normal
fglnoecg-1,normal
fglpngbl-1,normal
fgmeakjn-1,normal
fgmeechk-1,normal
fgmlipej-1,normal
fgmllfdn-1,normal
fgmloipe-1,normal
fgmmcall-1,normal
fgmpagae-1,normal
fgnbhmif-1,normal
fgnecjfn-1,normal
fgnfbfeg-1,normal
fgoecepn-1,normal
fgoefgja-1,normal
fgokhdmk-1,normal
fgokmkli-1,normal
fgpbkhbg-1,normal
fgpfpdno-1,normal
fgpkekgn-1,normal
fgpkkmgb-1,normal
fgpkomlg-1,normal
fhadidam-1,normal
fhadlmel-1,normal
fhagdgji-1,normal
fhaggehp-1,normal
fhaliiel-1,normal
fhaodlgb-1,normal
fhbicfhn-1,normal
fhbjhnnj-1,normal
fhbmagfd-1,normal
fhboedka-1,normal
fhcalbom-1,normal
fhcbjpdp-1,normal
fhcnkbda-1,normal
fhcnlbni-1,normal
fhdbmfgk-1,normal
fhdiimlb-1,normal
fhdpoefb-1,normal
fheceecl-1,normal
fheenpee-1,normal
fheghiml-1,normal
fhehgjnk-1,normal
fhenohla-1,normal
fhepinho-1,normal
fhfahclf-1,normal
fhfcggbj-1,normal
fhfeaehe-1,normal
fhfihhbj-1,normal
fhfjjiah-1,normal
fhfocodf-1,normal
fhghdblo-1,normal
fhgmbjne-1,normal
fhgnjbkc-1,normal
fhgnmgbl-1,normal
fhgoimki-1,normal
fhhaffhf-1,normal
fhhbomgh-1,normal
fhhgjfmn-1,normal
fhhjfiel-1,normal
fhhmdaho-1,normal
fhhnobad-1,normal
fhioiggj-1,normal
fhiojpma-1,normal
fhjbcnjl-1,normal
fhjggkhi-1,normal
fhjgofke-1,normal
fhjhmeka-1,normal
fhjlgjmk-1,normal
fhkalmjb-1,normal
fhkcmjmd-1,normal
fhkdcnki-1,normal
fhkibhpd-1,normal
fhkoilfb-1,normal
fhlblpci-1,normal
fhlejpcc-1,normal
fhlfncfd-1,normal
fhllchll-1,normal
fhmannne-1,normal
fhmbhagg-1,normal
fhmegfib-1,normal
fhmgcgnj-1,normal
fhmipedd-1,normal
fhmmgfpn-1,normal
fhnaiikn-1,normal
fhnbnnlf-1,normal
fhnemkkd-1,normal
fhnghljc-1,normal
fhnhliki-1,normal
fhnjipmk-1,normal
fhnooomd-1,normal
fhoaefek-1,tumor
fhofgmld-1,normal
fhoinpll-1,tumor
fhoonkfl-1,tumor
fhpjehob-1,tumor
fhpoaeil-1,tumor
fhpppmac-1,tumor
fiadagaj-1,tumor
fiakejkl-1,tumor
fiamcdmi-1,tumor
fiaollkc-1,tumor
fiapegdp-1,normal
fibdfnnh-1,tumor
fibefiak-1,tumor
fibfhkci-1,tumor
fibhhjef-1,tumor
fibjglgj-1,normal
fibkfnpm-1,tumor
fibnjncp-1,tumor
ficfagbe-1,tumor
ficgalki-1,tumor
ficglndh-1,tumor
ficiojil-1,tumor
ficjbgah-1,tumor
ficnjcmo-1,normal
fiddohpm-1,normal
fidgpala-1,normal
fidhhoae-1,tumor
fidicnoj-1,normal
fidkodfe-1,normal
fidkplel-1,normal
fidnbbfb-1,normal
fidnohbg-1,normal
fiehljgm-1,normal
fieomnfc-1,normal
fiepjjhn-1,normal
fifedckl-1,normal
fifollpl-1,normal
figafadd-1,normal
figajojh-1,tumor
figcaahj-1,tumor
figephfm-1,tumor
figmikpk-1,tumor
fihakhjn-1,tumor
fihbclad-1,tumor
fihfjkpj-1,normal
fihmmhco-1,normal
fiibnfnn-1,normal
fiikjfln-1,normal
fiinljpm-1,normal
fijagffg-1,normal
fijckjfh-1,normal
fijgkkkf-1,normal
fijieinb-1,tumor
fijmaage-1,tumor
fijmadfk-1,tumor
fijmiegp-1,tumor
fikbmcpf-1,tumor
fikbmeef-1,tumor
fikhponb-1,normal
fikmmhaa-1,tumor
fikoamca-1,tumor
filgecgg-1,tumor
filgeoae-1,tumor
filkjgef-1,tumor
fimampjd-1,tumor
fimbafgf-1,tumor
fimbdaaf-1,tumor
fimcbbna-1,tumor
fimcjdpb-1,normal
fimeobdf-1,normal
fimfeehf-1,normal
finejcnn-1,normal
finflmki-1,normal
finjapbj-1,normal
finmogmc-1,tumor
finnbcpi-1,normal
finnpjdc-1,normal
finojfoh-1,normal
fiocndom-1,normal
fioellke-1,normal
fiofmaif-1,normal
fiojaejd-1,normal
fipgldke-1,normal
fipkpafk-1,normal
fipncbpm-1,normal
fjaeaoll-1,normal
fjajcmll-1,tumor
fjapdlln-1,normal
fjbbfeao-1,normal
fjbeiodi-1,tumor
fjbmbacn-1,tumor
fjbnknpc-1,tumor
fjbpggif-1,tumor
fjbphnnp-1,normal
fjcfokea-1,tumor
fjchhmna-1,tumor
fjdaccnl-1,normal
fjdbcdio-1,normal
fjdcbjle-1,normal
fjdienei-1,tumor
fjdmkfld-1,normal
fjebpodo-1,tumor
fjeehgha-1,tumor
fjefcjkj-1,tumor
fjeiakdo-1,tumor
fjemdoio-1,tumor
fjenjllk-1,tumor
fjfacjlc-1,normal
fjfbnipf-1,normal
fjfdjlfk-1,normal
fjfdnben-1,normal
fjffjdjl-1,tumor
fjfjdiid-1,tumor
fjfjoddh-1,tumor
fjfnkpkb-1,tumor
fjgeikbf-1,tumor
fjghigba-1,tumor
fjghlnff-1,tumor
fjhbgfdh-1,tumor
fjhbgnoo-1,normal
fjhbiafo-1,tumor
fjhdpphi-1,tumor
fjhimedp-1,normal
fjhjinpj-1,tumor
fjhpioba-1,normal
fjidabkd-1,normal
fjimilah-1,normal
fjjgcncl-1,tumor
fjjgoacb-1,normal
fjjonpgm-1,tumor
fjkfgbbm-1,tumor
fjkjjomh-1,tumor
fjkknomk-1,normal
fjkmacle-1,tumor
fjkpikjh-1,tumor
fjleckkh-1,normal
fjlhigke-1,normal
fjljkjnf-1,normal
fjlkcbob-1,tumor
fjmagpeg-1,tumor
fjmdlink-1,tumor
fjmgfolc-1,tumor
fjmglkoa-1,tumor
fjmgpgln-1,tumor
fjmohkoe-1,tumor
fjmolejc-1,tumor
fjnaffna-1,tumor
fjnbkhfm-1,tumor
fjndfdld-1,tumor
fjnjoggo-1,tumor
fjnkhohf-1,normal
fjnljefe-1,tumor
fjnnhdgf-1,tumor
fjnoeeek-1,tumor
fjnoelhb-1,tumor
fjnohkbm-1,normal
fjnpkmcb-1,normal
fjoacbbl-1,normal
fjocpnba-1,normal
fjoelncp-1,normal
fjohdmjc-1,normal
fjohlfcf-1,normal
fjoifhbo-1,normal
fjompppp-1,normal
fjonpomp-1,normal
fjopbakb-1,normal
fjpbblbo-1,normal
fjpbcmjh-1,normal
fjphhkgp-1,normal
fjpifnlk-1,tumor
fjpnjcld-1,tumor
fjpoific-1,tumor
fjppdbjg-1,tumor
fjppmieh-1,tumor
fkaibjng-1,normal
fkaielog-1,tumor
fkaoanoa-1,normal
fkbepidc-1,tumor
fkbkonja-1,tumor
fkbmlnac-1,tumor
fkbnpmjn-1,normal
fkcglamc-1,normal
fkdfhbid-1,normal
fkdhpfgc-1,normal
fkdihdgd-1,normal
fkdllpnn-1,normal
fkdmabog-1,tumor
fkeanjef-1,tumor
fkebdfih-1,tumor
fkedmalg-1,tumor
fkejpldo-1,tumor
fkgfmhbh-1,tumor
fkghaekn-1,tumor
fkgihhoi-1,tumor
fkgkedlh-1,normal
fkhgpccg-1,normal
fkhhbeok-1,normal
fkhifgae-1,normal
fkhkalnm-1,normal
fkhkobkf-1,normal
fkhmghlh-1,normal
fkhpbhli-1,normal
fkidjohj-1,normal
fkigbjhp-1,normal
fkijdkde-1,normal
fkimcfdh-1,tumor
fkipommf-1,tumor
fkkhchlo-1,normal
fkkhhclm-1,tumor
fkkibcfm-1,normal
fkkiknal-1,normal
fkkkjmjk-1,normal
fklbbjai-1,normal
fkldmmmj-1,normal
fklgbcbg-1,tumor
fklghcpk-1,normal
fkmfefpn-1,normal
fkmgbifb-1,normal
fkmioaki-1,normal
fkmjnmok-1,normal
fkmllhbc-1,normal
fkmnahnc-1,tumor
fkngflio-1,tumor
fknhbomm-1,tumor
fknhkcgo-1,tumor
fknhldgl-1,tumor
fknifepl-1,tumor
fknmjakd-1,tumor
fknmjkam-1,tumor
fknmkaaf-1,tumor
fknndjoh-1,tumor
fkoiiflp-1,normal
fkojaicl-1,normal
fkojanlg-1,tumor
fkolgala-1,normal
fkpcgdle-1,tumor
fkpcjifp-1,tumor
fkphekhg-1,normal
fkpldmkl-1,normal
fkplgmnl-1,normal
fkpnbkph-1,normal
fkpoojai-1,tumor
flacfhff-1,normal
flaeehhc-1,normal
flagjhda-1,normal
flajbbhh-1,normal
flbdhked-1,tumor
flbfjbdl-1,tumor
flbgdiag-1,tumor
flbgdjjc-1,normal
flbmcfjo-1,normal
flcaojka-1,normal
flcgfnih-1,tumor
flcomdok-1,tumor
flcppphd-1,normal
flddegce-1,normal
fldnffef-1,normal
fleajcjf-1,tumor
flebdhgf-1,tumor
flebkbal-1,normal
flekddgi-1,normal
flelajko-1,tumor
flfejjem-1,tumor
flfenlej-1,tumor
flfmdioe-1,tumor
flgbacap-1,tumor
flgihjoe-1,normal
flgihkfb-1,normal
flgmhdjf-1,normal
flhkbhoi-1,normal
flhpdhpe-1,normal
fliiahmb-1,normal
fljajilh-1,normal
fljehhhp-1,tumor
fljgolbn-1,tumor
flkbjppk-1,normal
flkcjbia-1,normal
flkempne-1,normal
flkkongc-1,tumor
flklhjkm-1,tumor
flkmaaba-1,tumor
flkohaga-1,tumor
flleapfi-1,normal
flmffhka-1,normal
flmgcpam-1,normal
flmkhlhc-1,tumor
flnbcgbd-1,normal
flnmombm-1,normal
flnmpcim-1,tumor
flocolcd-1,normal
flojfpki-1,normal
flojjjco-1,normal
flondidf-1,tumor
floopgpe-1,tumor
flpgacnk-1,tumor
fmafgdek-1,normal
fmbgnmhe-1,normal
fmbhlkdh-1,normal
fmbimipm-1,normal
fmbkhoma-1,normal
fmbkkjip-1,normal
fmbmcabo-1,normal
fmbnagjl-1,normal
fmbognem-1,normal
fmcbenea-1,normal
fmcfkief-1,normal
fmchlfad-1,normal
fmcjdhfm-1,normal
fmcjlikb-1,normal
fmcknafo-1,normal
fmcnnjlb-1,normal
fmdbjaka-1,normal
fmdcaeam-1,normal
fmdcphnj-1,normal
fmdcpiio-1,normal
fmddgdim-1,normal
fmdhlkdc-1,normal
fmdnokpn-1,normal
fmdomgfe-1,normal
fmecoipl-1,normal
fmekjpmg-1,tumor
fmfbpchf-1,normal
fmffpefn-1,normal
fmfkgfek-1,normal
fmfnjckm-1,tumor
fmgaklng-1,tumor
fmgcdoel-1,tumor
fmgfdold-1,tumor
fmgjcmim-1,normal
fmgnkcap-1,normal
fmgocgib-1,tumor
fmgohpkd-1,normal
fmgpknmh-1,normal
fmhadfic-1,normal
fmhanafj-1,normal
fmheaefk-1,normal
fmhealbn-1,normal
fmhfbgka-1,normal
fmhgkogk-1,normal
fmhiggbp-1,tumor
fmhkafid-1,normal
fmibmgap-1,tumor
fmiefimb-1,tumor
fmijadco-1,tumor
fminfiog-1,tumor
fmiojnnl-1,tumor
fmioombj-1,tumor
fmjfjpcn-1,normal
fmjfkpga-1,normal
fmjieend-1,tumor
fmjlfjgd-1,normal
fmkalibd-1,normal
fmkignob-1,tumor
fmkkmboc-1,tumor
fmkonnhh-1,tumor
fmlaldgi-1,normal
fmlbibim-1,normal
fmlcofdc-1,tumor
fmlebofl-1,tumor
fmlekgda-1,normal
fmlicpkg-1,normal
fmllibpn-1,normal
fmlnhbml-1,normal
fmlpblgp-1,normal
fmmkdaae-1,normal
fmmkkbpb-1,normal
fmnfhgkb-1,normal
fmngddcc-1,normal
fmnkdhmb-1,normal
fmnmhlcl-1,normal
fmnnndca-1,normal
fmnphjpp-1,normal
fmobplni-1,normal
fmoclngl-1,normal
fmoeambe-1,normal
fmoejbie-1,normal
fmonnbkj-1,normal
fmoplklh-1,normal
fmopplai-1,normal
fmpabiif-1,normal
fmpgkbfa-1,normal
fmplemmc-1,tumor
fmplljhi-1,normal
fmpnjoab-1,normal
fnaacnpg-1,normal
fnahbeod-1,normal
fnajanhe-1,normal
fnbghbap-1,normal
fncldmgc-1,normal
fncpgjcg-1,normal
fndajjmc-1,tumor
fndbloec-1,normal
fndbmhdo-1,normal
fndffmko-1,normal
fndiopej-1,normal
fndmkkcf-1,normal
fndmoblj-1,normal
fndndbep-1,normal
fnebnkgh-1,normal
fneddfjg-1,normal
fneggjha-1,normal
fnekflih-1,normal
fnekfmif-1,normal
fneneboe-1,normal
fneoljno-1,normal
fnepobpo-1,normal
fnfaiojb-1,normal
fnfiangj-1,normal
fnfmmfon-1,tumor
fngbbeil-1,tumor
fngcjddn-1,tumor
fngfadke-1,tumor
fngioghc-1,tumor
fngjogbc-1,normal
fnhcnpam-1,normal
fnhhelfk-1,tumor
fnhklobi-1,normal
fnhmjdcb-1,normal
fnigeope-1,normal
fnimnfhb-1,tumor
fnjaadbd-1,tumor
fnjabmce-1,tumor
fnjadmja-1,tumor
fnjahhne-1,tumor
fnjcecfa-1,normal
fnjjgjie-1,normal
fnjkhdio-1,normal
fnjnoeoe-1,normal
fnkjldpl-1,normal
fnlanfda-1,normal
fnldhkbc-1,tumor
fnliodgg-1,normal
fnlpoflc-1,normal
fnmfdkhf-1,tumor
fnmfjohl-1,tumor
fnmnlnmj-1,normal
fnnghnap-1,tumor
fnnhjcbp-1,normal
fnnofilp-1,tumor
fnnpinjh-1,tumor
fnodbgke-1,tumor
fnoeakgi-1,tumor
fnogabik-1,tumor
fnogamlg-1,tumor
fnogghlk-1,tumor
fnohbdnf-1,tumor
fnokckhp-1,tumor
fnolnmhn-1,normal
fnphdefg-1,normal
fnppblcf-1,normal
foamnino-1,normal
foappocd-1,normal
foboboab-1,normal
fobpepnl-1,normal
focecpgd-1,normal
focfdfkm-1,normal
focfdige-1,normal
fochanoj-1,tumor
fockcnmj-1,tumor
fococgna-1,tumor
fodcilkf-1,tumor
fodfmdge-1,normal
fodgdbfe-1,normal
fodmnimo-1,tumor
fodolaji-1,tumor
foebgkhd-1,tumor
foecafbe-1,tumor
foedgmbe-1,normal
foefaggm-1,tumor
foefkkcf-1,normal
foekpmpj-1,tumor
foemhehk-1,tumor
fofbacec-1,tumor
fofeojjj-1,tumor
fofidgbi-1,tumor
foflcikh-1,tumor
foflflah-1,tumor
fofllbbp-1,tumor
fofmbogk-1,tumor
fofnngeo-1,tumor
fofnpjoh-1,tumor
fofohddg-1,tumor
fogandkb-1,tumor
fogcajcf-1,tumor
fogdkgci-1,tumor
fogekmip-1,normal
fogfefoa-1,tumor
fogieieb-1,tumor
fogiklpe-1,tumor
fogjbnfh-1,tumor
foglbgme-1,normal
fogmncba-1,tumor
fogokphk-1,tumor
fogphoop-1,normal
fohepbdn-1,tumor
fohheiae-1,tumor
fohhonjo-1,normal
fohkacgo-1,normal
fohojkam-1,tumor
foidcakd-1,normal
foiedodd-1,normal
foigapeo-1,normal
fojahhaj-1,tumor
fojbpchc-1,tumor
fojcifjl-1,tumor
fojfdpbe-1,tumor
fojiakfj-1,tumor
fojmmnke-1,tumor
fojopnpd-1,tumor
fokafeic-1,tumor
fokceabc-1,tumor
fokckomo-1,tumor
fokdbbjd-1,tumor
fokfkdji-1,tumor
fokgmeni-1,tumor
fokheenm-1,tumor
fokhnefd-1,tumor
fokimbhk-1,tumor
fokjaoof-1,tumor
foklfdpf-1,tumor
fokmddpp-1,tumor
fokoinno-1,tumor
folijjmb-1,normal
follikbb-1,tumor
folnklbb-1,normal
fomdmhgn-1,tumor
fomehgpe-1,tumor
fommjmip-1,tumor
fomojgap-1,tumor
fomophjm-1,tumor
fonbjlpp-1,tumor
fonbocdf-1,tumor
foncibpc-1,tumor
fondkemc-1,tumor
fonegjbn-1,normal
fongjncj-1,tumor
fonjflln-1,normal
fonndanp-1,tumor
foodojmj-1,tumor
foogdfdm-1,tumor
foojbefj-1,tumor
foojmkda-1,tumor
foojnojc-1,tumor
fookpdbe-1,tumor
foomcoeg-1,tumor
foooimpn-1,tumor
fopbamjc-1,tumor
fopbechk-1,tumor
fopdejjl-1,tumor
foplekhm-1,normal
fopmaljf-1,tumor
fopngooo-1,tumor
foppdblm-1,tumor
fpabcfeo-1,tumor
fpabjcan-1,tumor
fpadiibe-1,tumor
fpaegkem-1,tumor
fpahobke-1,tumor
fpaingif-1,tumor
fpaippmp-1,normal
fpanpmle-1,tumor
fpbchcen-1,tumor
fpbdmopk-1,tumor
fpbmddhc-1,tumor
fpcafmef-1,tumor
fpcajmog-1,tumor
fpcblble-1,tumor
fpcfjgdl-1,tumor
fpcgnaho-1,tumor
fpcmofja-1,normal
fpcpiald-1,tumor
fpdaokdl-1,tumor
fpdcbbka-1,tumor
fpdccobk-1,tumor
fpdfihih-1,tumor
fpdmebgi-1,tumor
fpdodjde-1,normal
fpdoefoh-1,normal
fpemgegk-1,tumor
fpepmhla-1,tumor
fpfdklgh-1,tumor
fpffnpfp-1,tumor
fpffooah-1,tumor
fpfglbbh-1,tumor
fpgeceko-1,tumor
fpgibfjd-1,normal
fpgjlold-1,tumor
fpgkgpkh-1,normal
fpglnfkj-1,tumor
fpgnblae-1,normal
fphanmli-1,normal
fphfgcma-1,normal
fpidgnej-1,normal
fpieemde-1,tumor
fpiibmnk-1,tumor
fpikbloo-1,tumor
fpikimnj-1,normal
fpimmiha-1,normal
fpiojfpn-1,tumor
fpjfbpgp-1,normal
fpjgefbh-1,tumor
fpjhjcbj-1,tumor
fpjigdjp-1,normal
fpjoilog-1,tumor
fpkccegj-1,normal
fpkdkfkk-1,normal
fpldgncf-1,normal
fpljfkgi-1,normal
fpljmdle-1,normal
fplknfaj-1,normal
fplljihh-1,normal
fplnlgif-1,normal
fpmakjpa-1,normal
fpmbeipb-1,tumor
fpmbganh-1,normal
fpmcamoa-1,normal
fpmcocgc-1,normal
fpmdimjg-1,normal
fpmfefhp-1,normal
fpmgkikh-1,normal
fpmpnajf-1,tumor
fpndbije-1,tumor
fpndlifk-1,normal
fpnklion-1,tumor
fpnpdach-1,normal
fpoboclh-1,normal
fpojbcja-1,normal
fponaeki-1,normal
fppaeiad-1,normal
fppbgdka-1,normal
fppdoaon-1,normal
fppeeiic-1,normal
fpphfjip-1,normal
fppjphlh-1,tumor
gaagpedf-1,normal
gabffole-1,normal
gabinbbp-1,normal
gabmbglh-1,normal
gabmdgmo-1,normal
gabncbah-1,normal
gabobhid-1,normal
gaboefab-1,normal
gabpdlgc-1,normal
gacdjjng-1,normal
gacfgokg-1,normal
gacgjjni-1,normal
gaciebml-1,normal
gacoedhh-1,normal
gacpibgn-1,normal
gadddljk-1,normal
gadfiiok-1,normal
gadfojel-1,normal
gadghmon-1,normal
gadkljlj-1,normal
gadmkpmb-1,normal
gaedghkf-1,normal
gaednbfh-1,normal
gaeineem-1,normal
gaejhmcb-1,normal
gaekckil-1,normal
gaenciaa-1,normal
gafaahcm-1,normal
gafbgpcg-1,normal
gafdfnig-1,normal
gaflljia-1,normal
gaflmhhg-1,normal
gafpoclb-1,normal
gagadpaj-1,normal
gagignli-1,normal
gaginlik-1,normal
gagnoolp-1,normal
gahckjem-1,normal
gahcmeag-1,normal
gahcmfgl-1,normal
gahdjpip-1,normal
gaheglbo-1,normal
gahkadbi-1,normal
gahkmklh-1,normal
gaibhfhk-1,tumor
gaiffppd-1,normal
gaijjgee-1,tumor
gaijpdhp-1,tumor
gainhknm-1,normal
gainojbf-1,normal
gajbjijg-1,normal
gajcpach-1,normal
gajdpoij-1,normal
gajelila-1,tumor
gajfopef-1,tumor
gajjojme-1,tumor
gajklaoi-1,tumor
gajmddkc-1,tumor
gajnipec-1,tumor
gajomdam-1,tumor
gakcokop-1,normal
gakeiold-1,tumor
gakemjnd-1,tumor
gakggicm-1,tumor
gakgljdp-1,normal
gakifiag-1,normal
gakkbfie-1,normal
gakpbgmi-1,normal
galanbem-1,normal
galblkjl-1,normal
galfepig-1,normal
galkhaog-1,normal
gamcglfl-1,normal
gamckgfm-1,normal
gamdbbjm-1,normal
gamdhimf-1,normal
gamdmbmk-1,normal
gamdncba-1,tumor
gamfnfol-1,normal
gamhkjhc-1,normal
gamilbdd-1,normal
gamkcjfe-1,normal
gamlpijj-1,tumor
gamnndep-1,normal
gamoblkm-1,normal
ganaaklp-1,normal
ganhlapb-1,normal
gaogalnj-1,normal
gaoglihk-1,normal
gaokhdob-1,normal
gaoofalg-1,normal
gaoomclp-1,normal
gapfodfp-1,normal
gapjmdbn-1,normal
gapmjbmo-1,normal
gappkkgf-1,normal
gbadebch-1,normal
gbaedbae-1,normal
gbafncol-1,normal
gbahkmme-1,normal
gbajodam-1,normal
gbamjebn-1,normal
gbbcbbeo-1,normal
gbbfplhn-1,normal
gbbllghb-1,normal
gbboepac-1,normal
gbccaapp-1,normal
gbcealaf-1,normal
gbcgocom-1,normal
gbcmlgnm-1,normal
gbcnjalh-1,normal
gbdahdkd-1,normal
gbdapdlo-1,normal
gbdcafbc-1,normal
gbdgajkb-1,normal
gbdhkkpe-1,normal
gbdkbfej-1,normal
gbdlgjkm-1,normal
gbdmdogo-1,normal
gbdncbdl-1,normal
gbeadfjg-1,normal
gbebpkea-1,normal
gbegfkpj-1,normal
gbehhbbi-1,normal
gbelibao-1,normal
gbepgcki-1,normal
gbfagkdd-1,normal
gbfelgmh-1,normal
gbfhhogm-1,normal
gbfipbbp-1,normal
gbgbdppd-1,normal
gbgcfbbe-1,normal
gbggpffh-1,normal
gbghfbpe-1,normal
gbgjihna-1,normal
gbglomam-1,normal
gbgpcoph-1,normal
gbhajfec-1,normal
gbhbdldk-1,normal
gbhbkaec-1,normal
gbhfbehb-1,normal
gbhhdjla-1,normal
gbhifbib-1,normal
gbhkcbln-1,normal
gbhpdhaa-1,normal
gbibecfo-1,normal
gbidggbp-1,normal
gbiegbfb-1,normal
gbiejlmp-1,normal
gbilmbej-1,normal
gbinilad-1,normal
gbiooaoo-1,normal
gbjcfhdm-1,normal
gbjdneff-1,normal
gbjhhbab-1,normal
gbjhihpc-1,normal
gbjmcpeb-1,normal
gbjnjkhi-1,normal
gbkaiaak-1,normal
gbkcohcg-1,normal
gbkefkil-1,normal
gbkegnee-1,normal
gbkoipeh-1,normal
gbkpanbm-1,normal
gblfnbpa-1,normal
gblpblal-1,normal
gblpjgmh-1,normal
gbmagdln-1,normal
gbmbpckg-1,tumor
gbmdkggp-1,normal
gbmfolkd-1,normal
gbmhdkof-1,normal
gbmjcmno-1,normal
gbmjpmeb-1,normal
gbmkepbe-1,normal
gbnfaohk-1,normal
gbnkipkk-1,normal
gbnkjplm-1,tumor
gbocklnj-1,normal
gboclfci-1,normal
gbodbijo-1,normal
gbodcomb-1,normal
gbodoadn-1,tumor
gboplahm-1,normal
gbopmdcc-1,normal
gbpbenla-1,normal
gbpdhfnn-1,normal
gbpjpcgh-1,tumor
gbpnmgcn-1,tumor
gbpopmde-1,tumor
gbppdbnb-1,normal
gbppdkad-1,normal
gcaeacnm-1,normal
gcajahlo-1,normal
gcalakhk-1,normal
gcamipod-1,tumor
gcbadeeh-1,normal
gcbbbaba-1,normal
gcbblmpp-1,tumor
gcbcieaf-1,normal
gcbdbgin-1,tumor
gcbfkfkf-1,normal
gcbfmleb-1,normal
gcbmfccj-1,normal
gcbmhdlj-1,tumor
gcbomeod-1,normal
gcbomljj-1,normal
gcbpkonj-1,normal
gccbknip-1,normal
gccbobfn-1,normal
gccddben-1,normal
gccghiol-1,normal
gcckppno-1,normal
gccofhgl-1,normal
gccokpeo-1,normal
gcdddkbd-1,normal
gcddfhcn-1,normal
gcdkjffo-1,tumor
gcdljnmj-1,tumor
gceankak-1,normal
gcedmcmc-1,normal
gceikgom-1,normal
gcejadhp-1,normal
gceoagee-1,normal
gceodiak-1,tumor
gceoeckk-1,normal
gcfcjeje-1,normal
gcfdpabk-1,normal
gcfkadna-1,tumor
gcfpoapi-1,tumor
gcggoppb-1,normal
gcgmlkhn-1,normal
gchlnjad-1,normal
gchpmcje-1,normal
gcifekoh-1,normal
gcifphob-1,normal
gcigmphn-1,normal
gciiilko-1,normal
gciogmbm-1,normal
gcjbgeif-1,normal
gcjhldhj-1,normal
gcjmdgbo-1,normal
gckafoop-1,normal
gckhegco-1,normal
gckhflil-1,tumor
gckinhpo-1,normal
gcklnhca-1,tumor
gcklofdh-1,normal
gckohfbh-1,normal
gclbjkpb-1,normal
gclblnce-1,tumor
gcleblkf-1,normal
gclgdhoj-1,tumor
gclkdcma-1,tumor
gclkphlp-1,normal
gclnbicn-1,normal
gcmcpogk-1,tumor
gcmeppnk-1,tumor
gcmleonj-1,tumor
gcmlooem-1,normal
gcmnmppg-1,tumor
gcnbkpnj-1,tumor
gcnbpehe-1,tumor
gcncalee-1,tumor
gcndhcho-1,tumor
gcnhfpnf-1,normal
gcnibknd-1,tumor
gcnjlaca-1,normal
gcnnncae-1,normal
gcnpmmjp-1,normal
gcokkeol-1,normal
gcookpla-1,normal
gcpchffj-1,normal
gcpdhcal-1,normal
gcpfeieo-1,normal
gcphkoim-1,normal
gcpihgdm-1,normal
gcpjhekm-1,normal
gcppcocg-1,normal
gdabpoig-1,normal
gdaebpin-1,normal
gdagckag-1,normal
gdaimohn-1,normal
gdaoclic-1,normal
gdapbbji-1,normal
gdapckem-1,normal
gdbalhbi-1,normal
gdbebmgj-1,normal
gdbglbmo-1,tumor
gdbhmbcl-1,tumor
gdbleaef-1,normal
gdbmmkgh-1,normal
gdcdhcfn-1,tumor
gdcdonie-1,normal
gdcgcjnp-1,normal
gdclihhf-1,normal
gdddbeeg-1,normal
gddeeace-1,normal
gddelgdi-1,normal
gddjcibf-1,normal
gddokeeh-1,normal
gdebpfpd-1,normal
gdecnhjd-1,normal
gdedfjph-1,normal
gdeeceog-1,normal
gdeedknj-1,normal
gdehmfkj-1,normal
gdepchhb-1,normal
gdfbpbng-1,normal
gdfcpgnf-1,tumor
gdfebkim-1,normal
gdffkdhg-1,normal
gdfjemji-1,normal
gdflafkl-1,normal
gdflahkp-1,normal
gdfnckho-1,normal
gdfnjfjg-1,tumor
gdgaaacp-1,normal
gdghjhfp-1,normal
gdgjjjkg-1,normal
gdgmhidc-1,normal
gdgnmabe-1,normal
gdgomolj-1,normal
gdgpebao-1,tumor
gdgpgimf-1,tumor
gdhdcbce-1,normal
gdhhfmmj-1,normal
gdhibabp-1,normal
gdhlihae-1,tumor
gdhnbfkd-1,normal
gdijgdng-1,tumor
gdinmnjk-1,normal
gdjdfjhg-1,normal
gdjealcd-1,tumor
gdjebhpp-1,normal
gdjejagl-1,normal
gdjepcdn-1,normal
gdjgmdbc-1,normal
gdjiibaf-1,normal
gdjioenm-1,normal
gdjkfgdf-1,normal
gdjpfajd-1,normal
gdkecjje-1,normal
gdkfbnpp-1,tumor
gdlbcakc-1,normal
gdldbdob-1,normal
gdlecllg-1,normal
gdlehkeb-1,normal
gdlelbag-1,normal
gdlgngkc-1,normal
gdlpbmgp-1,normal
gdmbgpki-1,normal
gdmcglcb-1,normal
gdmenfho-1,tumor
gdmfcojf-1,normal
gdmfmgil-1,normal
gdmhnhek-1,normal
gdmjjkho-1,normal
gdnadmmg-1,normal
gdnbefcj-1,tumor
gdncobla-1,normal
gdnjghno-1,normal
gdnkdbbg-1,normal
gdnnfcnb-1,tumor
gdoafiil-1,normal
gdobbhni-1,normal
gdodjidd-1,normal
gdogfkhm-1,normal
gdohnlci-1,normal
gdoionci-1,normal
gdoobikh-1,normal
gdpkkkgh-1,normal
gdpngkko-1,normal
geabjlfj-1,normal
geaglcoe-1,normal
geajebpc-1,normal
geakgndl-1,normal
geakklln-1,normal
gealigid-1,normal
gealpefa-1,normal
gebalehd-1,normal
gebcjkda-1,normal
gebkfajc-1,normal
geblobfh-1,normal
gebnbjia-1,normal
gebnjafe-1,normal
gececdbo-1,normal
geceiape-1,normal
gechakpg-1,normal
gechlkkl-1,normal
gecjcaem-1,normal
gecmdcom-1,normal
gecopjhk-1,normal
gecpcoim-1,normal
gecpomjf-1,normal
gedabpna-1,normal
geddcffi-1,normal
gedhmaam-1,normal
gedjidng-1,normal
geeahndf-1,normal
geegmmcj-1,tumor
geeieijf-1,normal
geekdcnl-1,normal
geelldml-1,normal
geemffkf-1,normal
geenokoj-1,normal
geeojehc-1,normal
geepbmek-1,normal
gefbmcbk-1,normal
gefdmhne-1,normal
gefeckeb-1,normal
geffdlon-1,tumor
gefncdhf-1,normal
gefpdlji-1,normal
gegabpae-1,normal
gegagnac-1,normal
gegciihj-1,tumor
gegdnmmp-1,tumor
gegeiich-1,normal
geggdgge-1,normal
gegknaih-1,normal
gegmjdba-1,normal
gegnajkd-1,normal
gegnpkjg-1,normal
gegofbin-1,normal
gehafpdh-1,normal
gehdmglg-1,normal
gehfaipo-1,normal
gehhnhbl-1,normal
gehpfnfh-1,normal
gehphpji-1,normal
geiecmph-1,normal
geihhijp-1,normal
geijjfmo-1,normal
geilcafc-1,normal
geipdpje-1,normal
geiplkhc-1,normal
gejalblm-1,normal
gejbfkjk-1,normal
gejbjdlg-1,tumor
gejjkhim-1,normal
gejmeald-1,normal
gejoigce-1,normal
gekblobf-1,normal
gekbmhjn-1,normal
gekdhfkd-1,tumor
gekfclci-1,normal
gekhadja-1,normal
gekhdgag-1,normal
geklggci-1,normal
geklkblf-1,normal
gelabkln-1,normal
gelanmec-1,normal
gelbepoa-1,normal
geldjnmi-1,normal
gelhdnfn-1,normal
geljaihg-1,normal
gelkcdmj-1,normal
gelldone-1,normal
gelmhlle-1,normal
gelnfcok-1,normal
gelniibn-1,normal
gelociil-1,normal
gelpaoih-1,normal
gelpbblk-1,normal
gelphdbd-1,normal
gemfkpcm-1,normal
gencjpcj-1,normal
geneljji-1,normal
genghndm-1,tumor
gengoiek-1,tumor
genijgon-1,normal
geobbend-1,normal
geodhpba-1,normal
geoedbof-1,normal
geofckjl-1,normal
geoflgfl-1,normal
geomojcl-1,normal
gepahgok-1,normal
gepcgkha-1,normal
gepddbbj-1,normal
gepflffh-1,normal
gepmbafo-1,normal
gepnmdii-1,normal
gepnnfbe-1,normal
gfaakmcn-1,normal
gfaamihp-1,normal
gfababoe-1,normal
gfadallk-1,normal
gfaennma-1,normal
gfafpckg-1,normal
gfahkpaf-1,normal
gfaidoan-1,normal
gfaikjhk-1,normal
gfakojff-1,normal
gfamcfog-1,normal
gfanollp-1,normal
gfbhmjbm-1,normal
gfbjjmib-1,normal
gfbnipno-1,normal
gfcaneha-1,normal
gfcepnof-1,normal
gfciheph-1,normal
gfcmjnon-1,normal
gfcmkaga-1,normal
gfcoaahb-1,normal
gfcomoah-1,normal
gfcpigog-1,normal
gfdffldc-1,normal
gfdgcbpe-1,normal
gfdkgmgc-1,normal
gfdkloff-1,normal
gfdlcaaa-1,normal
gfdmdhbd-1,normal
gfdngpjj-1,normal
gfdnmnbn-1,normal
gfecffmc-1,normal
gfeebijh-1,tumor
gfegkfgj-1,normal
gfehnofm-1,normal
gfeiljlm-1,normal
gfeiommd-1,normal
gfekkdhm-1,normal
gfenbakc-1,normal
gfenbhcb-1,normal
gfepijfd-1,normal
gffafdhc-1,normal
gffdogpd-1,normal
gffeeebo-1,normal
gffeggoj-1,normal
gffoeihn-1,normal
gffpnpij-1,normal
gfgagoon-1,normal
gfgccfif-1,normal
gfggojaf-1,normal
gfgihbfm-1,normal
gfgjdklg-1,tumor
gfglimdc-1,normal
gfgmgmaa-1,normal
gfhafnji-1,normal
gfhajkea-1,normal
gfhbkdoj-1,tumor
gfhphfaa-1,tumor
gfiaeoae-1,tumor
gfiaikbp-1,tumor
gfidbhha-1,tumor
gfifoado-1,tumor
gfigkmoa-1,normal
gfiiiebj-1,tumor
gfjfkjlf-1,tumor
gfjialck-1,tumor
gfjlejpd-1,tumor
gfkahmpg-1,normal
gfkanhcf-1,tumor
gfkdlmmh-1,normal
gfkongij-1,normal
gflagapl-1,normal
gflddpef-1,normal
gflehkim-1,normal
gflepppo-1,normal
gflhlpjh-1,normal
gfljdiha-1,normal
gflopgjh-1,normal
gfmkmlle-1,normal
gfmmfdfi-1,normal
gfnffcmm-1,normal
gfnhbcfb-1,normal
gfnmmagk-1,normal
gfnmpmfj-1,normal
gfojbifn-1,normal
gfojliic-1,normal
gfomcfnm-1,normal
gfpdbjlf-1,normal
gfpkmidl-1,normal
gfpmnphd-1,normal
ggabichc-1,normal
ggackbcm-1,normal
ggadbbpn-1,normal
ggbbdaei-1,normal
ggbbmeoa-1,normal
ggbdjhpg-1,tumor
ggbgjbkg-1,tumor
ggbkogkc-1,tumor
ggcgmbbl-1,normal
ggcjemil-1,normal
ggdfchbd-1,normal
ggdficbg-1,normal
ggdgmhkj-1,tumor
ggdnakpj-1,tumor
ggebpkjj-1,normal
ggfakekg-1,normal
ggfalkjg-1,normal
ggfinmla-1,normal
ggfmgogg-1,normal
ggfmmcna-1,normal
ggfnbejo-1,normal
ggfndalh-1,normal
gggeinhc-1,normal
ggghghdk-1,normal
gggnaobp-1,normal
gggoeggl-1,normal
gghaepnk-1,normal
gghbdlgo-1,normal
gghgcflf-1,normal
gghgpgdi-1,normal
gghkhkhj-1,normal
gghnmoeb-1,tumor
gghomjcc-1,tumor
ggickcgn-1,tumor
ggigjmea-1,normal
ggjhdlmk-1,normal
ggjikdpa-1,normal
ggjjoafh-1,normal
ggjpinol-1,normal
ggkbkilk-1,normal
ggkckdcc-1,normal
ggkdjagh-1,normal
ggkedhjg-1,normal
ggklcgon-1,normal
gglebfom-1,normal
ggledcmk-1,normal
gglfcmdb-1,normal
gglgddop-1,normal
gglkcbdp-1,normal
ggmblfdp-1,normal
ggmdcklb-1,normal
ggmpebic-1,normal
ghafikfp-1,normal
ghajkllj-1,normal
ghajogop-1,normal
ghalfmop-1,tumor
ghammcno-1,normal
ghamnabe-1,tumor
ghbkhpha-1,normal
ghbobnia-1,normal
ghcjhfii-1,normal
ghcjlgkn-1,tumor
ghckkjmf-1,normal
ghcldlma-1,normal
ghclppdp-1,normal
ghcpnbje-1,normal
ghdhbmpl-1,normal
ghdheedb-1,normal
ghdhoomb-1,normal
ghdjhdck-1,normal
ghdkipjh-1,normal
ghdkoihm-1,normal
ghdnchif-1,normal
ghealcon-1,normal
ghegglbo-1,normal
ghfbkaml-1,normal
ghfckmmf-1,normal
ghfcogdd-1,normal
ghfgnhon-1,normal
ghfgokmm-1,tumor
ghfmigdh-1,tumor
ghggllpk-1,tumor
ghggmfef-1,tumor
ghghojmm-1,tumor
ghgjddmf-1,normal
ghhbpjhk-1,normal
ghhcbgpf-1,normal
ghhfjgap-1,normal
ghhkenli-1,normal
ghhloefm-1,tumor
ghhofloa-1,tumor
ghhohgkc-1,normal
ghianajm-1,normal
ghihlagg-1,normal
ghihnahe-1,normal
ghilenhf-1,normal
ghiodggk-1,normal
ghjcpole-1,tumor
ghjdkicb-1,normal
ghjigleo-1,normal
ghkbbijj-1,normal
ghkcjhdh-1,normal
ghkfpeja-1,normal
ghkpndnn-1,normal
ghlafncj-1,normal
ghlbinee-1,normal
ghleljcc-1,normal
ghlpmkab-1,normal
ghmcjojk-1,normal
ghmcoaem-1,normal
ghmgfkha-1,normal
ghmilpah-1,normal
ghmmhfkk-1,normal
ghmmomhd-1,normal
ghnfcghk-1,normal
ghniaile-1,normal
ghnmhkbl-1,normal
ghoconld-1,normal
ghohaelc-1,normal
ghokkine-1,normal
ghomafnd-1,normal
ghpcgajn-1,normal
ghpdcklo-1,normal
ghpdonmn-1,normal
ghphnldb-1,normal
ghpilabb-1,normal
ghpjaoel-1,normal
ghpnmfdd-1,normal
giabknha-1,normal
giadkdnk-1,normal
giaochla-1,normal
gibbcfpj-1,normal
gibcaebi-1,normal
gibcfbem-1,normal
gibdkemm-1,tumor
gibiaoja-1,tumor
gibiombf-1,tumor
giblcnjf-1,normal
gibmkafg-1,normal
gibnjmim-1,tumor
gicbdpca-1,tumor
giccdpei-1,tumor
gicebokh-1,tumor
gicfgnid-1,normal
gicgpfjd-1,normal
gicjgogb-1,normal
gidaippg-1,normal
gidclmmi-1,normal
gidllnll-1,normal
gidnehhk-1,normal
gidnghhc-1,normal
gieakaoi-1,normal
giegoani-1,normal
gieilfdc-1,normal
giejaeel-1,normal
giejohjm-1,normal
gielbnej-1,normal
giepgnmm-1,normal
gifakcjf-1,normal
gifaohml-1,normal
gifbgekd-1,normal
gifdokng-1,normal
gifgbpmc-1,normal
giflkmmo-1,normal
gigcijnd-1,normal
gigjdkmg-1,normal
giheklhk-1,normal
gihlbiji-1,normal
gihplpjf-1,normal
giibnkdb-1,normal
giicdglh-1,normal
giifgnnl-1,normal
giigfmig-1,normal
giijaakg-1,normal
giinclhm-1,normal
giinkkmh-1,normal
giiojmmp-1,normal
giipgdik-1,normal
gijalbne-1,normal
gijccpbi-1,normal
gijeejbk-1,normal
gijhnanf-1,normal
gijhnegj-1,normal
gijipnga-1,normal
gijmpfgf-1,tumor
gijoeifh-1,normal
gikdbnmc-1,normal
gikdohho-1,normal
gikhnjea-1,normal
gikjigbe-1,normal
gikkogid-1,normal
gikmkabb-1,normal
gikmpmch-1,normal
gilcgogc-1,normal
gildkfgd-1,normal
giljpioh-1,normal
gilpaabb-1,normal
gimbhahk-1,normal
gimbjkpa-1,normal
gimbnldn-1,normal
ginafipa-1,normal
ginbcpnm-1,normal
gincdpek-1,normal
ginhlalm-1,normal
ginihice-1,normal
ginlfmdh-1,normal
ginlmhjf-1,normal
gioeakjc-1,normal
giofopoc-1,normal
giomnohn-1,tumor
gionnndn-1,tumor
gipadikl-1,tumor
gipafodl-1,tumor
gipkdhcd-1,normal
gipkfppd-1,normal
gipljhim-1,normal
gipoeech-1,normal
gjaaflak-1,normal
gjacohip-1,normal
gjafpkfk-1,normal
gjahaaap-1,normal
gjaiikho-1,normal
gjainedb-1,normal
gjajnaok-1,normal
gjanalmi-1,normal
gjaoimmc-1,normal
gjappchn-1,normal
gjbbbgno-1,normal
gjbjbcdp-1,tumor
gjbklplf-1,normal
gjbnkjhk-1,tumor
gjboijie-1,normal
gjcemick-1,normal
gjchhhfb-1,normal
gjcjlbdd-1,normal
gjcmifbk-1,tumor
gjdfjopl-1,normal
gjdgbgkm-1,normal
gjdjabfe-1,normal
gjdjabhe-1,normal
gjdolmal-1,normal
gjdpadpl-1,normal
gjdpfjbm-1,normal
gjeadlke-1,normal
gjeahmgd-1,normal
gjedfgdk-1,normal
gjefcjcj-1,normal
gjfekced-1,normal
gjfffpea-1,tumor
gjffkhlc-1,normal
gjfgohjn-1,normal
gjgbddni-1,normal
gjggodjk-1,normal
gjghlpdp-1,normal
gjgikkgk-1,normal
gjgjabdl-1,normal
gjgjecoi-1,normal
gjgkfdhh-1,normal
gjgkpkim-1,normal
gjgmledj-1,normal
gjgpoggk-1,tumor
gjhbbhff-1,normal
gjhgfdni-1,normal
gjhppdnk-1,normal
gjiehobo-1,normal
gjijphjk-1,normal
gjilbjkg-1,normal
gjimbhif-1,normal
gjinfefi-1,normal
gjinnije-1,normal
gjioickg-1,normal
gjjafbef-1,normal
gjjakihg-1,normal
gjjamkmd-1,normal
gjjfmeob-1,normal
gjjhaoec-1,normal
gjjkapmn-1,normal
gjjpmomo-1,normal
gjkcjiop-1,normal
gjkjhimm-1,normal
gjkjmdhb-1,normal
gjkmiepe-1,normal
gjldkfjf-1,normal
gjlfkcmj-1,normal
gjlgnkml-1,normal
gjljddjn-1,normal
gjllhgof-1,normal
gjmbkhif-1,tumor
gjmcddcp-1,normal
gjngkllc-1,normal
gjnkielp-1,normal
gjnmddaj-1,normal
gjnopeem-1,normal
gjoeedmi-1,normal
gjojgjfe-1,normal
gjomnfla-1,tumor
gjonfhic-1,tumor
gjppmngk-1,normal
gkaciehg-1,normal
gkalknga-1,normal
gkamiaia-1,normal
gkamngne-1,normal
gkandjaa-1,tumor
gkapmofh-1,normal
gkbbabli-1,normal
gkbefbge-1,normal
gkbhgkjo-1,normal
gkblpibj-1,normal
gkblppbm-1,normal
gkbmkpgl-1,normal
gkbplapo-1,normal
gkcegaga-1,normal
gkckfmel-1,normal
gkcloncp-1,normal
gkcmcolj-1,normal
gkcohhan-1,normal
gkcpkkmi-1,normal
gkdceofk-1,normal
gkdeiaeb-1,normal
gkdejkbp-1,normal
gkdfhndm-1,normal
gkdhojid-1,normal
gkdihjhi-1,normal
gkdmmigk-1,normal
gkebflha-1,normal
gkecdbmp-1,normal
gkecddpf-1,normal
gkecpagj-1,normal
gkeghhnf-1,normal
gkelhicb-1,normal
gkendbhp-1,normal
gkenfdbi-1,normal
gkeniagi-1,normal
gkeploph-1,normal
gkfcjejb-1,tumor
gkfekmhl-1,tumor
gkfkaigf-1,normal
gkfkeofp-1,normal
gkflaoop-1,normal
gkgfcipp-1,normal
gkgnhjpc-1,normal
gkgobeli-1,normal
gkhadbkd-1,normal
gkhaehhk-1,normal
gkhncbad-1,tumor
gkhomldi-1,normal
gkhpnoif-1,normal
gkianbcp-1,tumor
gkijgnjg-1,normal
gkikjggm-1,normal
gkinjfgg-1,normal
gkipdkig-1,normal
gkjaklme-1,normal
gkjdobmk-1,normal
gkjhnojd-1,normal
gkjiaeff-1,normal
gkjklalh-1,normal
gkjpfdmg-1,tumor
gkkgembg-1,tumor
gkkigcmh-1,normal
gkklhdcm-1,tumor
gkkmkabo-1,tumor
gkkpfaod-1,normal
gklancmf-1,tumor
gklbboem-1,normal
gklccpla-1,normal
gkleggaj-1,tumor
gklfjkdf-1,normal
gkljdpcj-1,normal
gklkjgmc-1,normal
gklkoeme-1,normal
gklmogam-1,normal
gklogepn-1,normal
gkmilomc-1,normal
gkmkgaec-1,tumor
gkmnkbin-1,normal
gkmoamcc-1,tumor
gkmpkmko-1,tumor
gknbonil-1,tumor
gknfdbco-1,tumor
gknhgphn-1,normal
gkniiefp-1,normal
gkniihhl-1,normal
gknkjndj-1,normal
gknkkjjg-1,normal
gknlfbdn-1,normal
gknmngoa-1,tumor
gknnnckg-1,normal
gknoeonp-1,normal
gknpiggb-1,normal
gknpjjok-1,normal
gkoaboid-1,normal
gkodiaho-1,normal
gkoffeim-1,normal
gkojajmb-1,normal
gkojkklc-1,normal
gkomadok-1,normal
gkpcbpal-1,normal
gkpdfach-1,normal
gkpikmpk-1,normal
gkpjapgk-1,normal
gkpjbfpf-1,tumor
gkpmngge-1,normal
gkponcmi-1,tumor
glacpcmd-1,tumor
glaeopfj-1,normal
glafiagi-1,tumor
glbclkli-1,normal
glbdldia-1,normal
glbgloca-1,normal
glbidnem-1,normal
glbjcfka-1,tumor
glbnfbhd-1,normal
glcdodgk-1,normal
glcefnko-1,normal
glcgknjb-1,normal
glchmhfj-1,normal
glcikiie-1,normal
glckkjjp-1,normal
glcnoekh-1,normal
glcodbfo-1,normal
gldcbgmi-1,normal
gldcikmj-1,normal
gldgfkai-1,tumor
gldhmclb-1,normal
gldhpicp-1,normal
gldjoche-1,tumor
gldlhlgo-1,normal
gldpdaka-1,normal
gledamkj-1,normal
gleekbgj-1,normal
glefganc-1,normal
glelpkpo-1,normal
glenckbd-1,normal
glfadhpm-1,normal
glfaimej-1,tumor
glfglpae-1,normal
glfhonmn-1,normal
glfldilc-1,normal
glfngjgg-1,normal
glfpgaee-1,normal
glgdfagf-1,normal
glgghnhd-1,normal
glgkanlk-1,tumor
glglbfcn-1,normal
glgpdmhd-1,normal
glhbhgbj-1,normal
glhegplk-1,normal
glhhkjkn-1,normal
glhlodcc-1,normal
glijekob-1,normal
glijlbpj-1,normal
glikamig-1,tumor
gliodmnc-1,normal
glioomea-1,normal
gljdoibn-1,normal
glknpiil-1,normal
glkplgip-1,normal
gllcamke-1,normal
gllmgpfh-1,tumor
gllojocl-1,normal
gllpbhgm-1,normal
glmfnpgp-1,normal
glmidjen-1,normal
glmkbgcl-1,normal
glmkmlmc-1,normal
glmmfnpd-1,normal
glmpinjd-1,tumor
glncjejo-1,tumor
glnfccoi-1,normal
glnfkige-1,normal
glngehan-1,normal
glnicbem-1,normal
glnidiga-1,normal
glnjgefm-1,tumor
glnmmgal-1,normal
glnngmjd-1,normal
glnnnpgm-1,normal
glnoedak-1,tumor
glnpfmhh-1,normal
gloikccf-1,normal
glolfiai-1,tumor
glonhjfn-1,normal
glpdocmj-1,normal
glpgmhan-1,normal
glpmdano-1,normal
glpmgbpl-1,normal
gmagagpg-1,normal
gmailddo-1,normal
gmambilh-1,tumor
gmbcgfab-1,normal
gmbcpdep-1,normal
gmbeggaa-1,normal
gmbeijjf-1,tumor
gmbfmijc-1,tumor
gmbhihnm-1,normal
gmbhjjbf-1,normal
gmcbkmhf-1,normal
gmccocpa-1,normal
gmcepplg-1,normal
gmchhagb-1,tumor
gmcigepf-1,normal
gmclcakb-1,tumor
gmclijmh-1,normal
gmcocgod-1,normal
gmcpgjol-1,tumor
gmdbgcne-1,normal
gmdenoil-1,normal
gmdfnjbk-1,normal
gmdholak-1,normal
gmdocibg-1,tumor
gmdpfnak-1,normal
gmebponk-1,normal
gmednilf-1,normal
gmeeigan-1,normal
gmefddhp-1,normal
gmegnjbh-1,normal
gmehpbnb-1,normal
gmeicimd-1,normal
gmejfkpn-1,normal
gmempgen-1,normal
gmeolapl-1,normal
gmepplgl-1,normal
gmfahoeo-1,normal
gmfdfcnm-1,normal
gmfgohfk-1,normal
gmfjmdbd-1,normal
gmfjokhg-1,tumor
gmfkjipj-1,tumor
gmfobccp-1,normal
gmfpjpme-1,normal
gmgaldgb-1,normal
gmgbnaab-1,tumor
gmgdjjbc-1,normal
gmghionc-1,normal
gmgjbjpl-1,normal
gmgjjbmj-1,normal
gmgmeofo-1,normal
gmgnchbh-1,normal
gmgnjhhn-1,normal
gmhaljcb-1,normal
gmhcjkdd-1,normal
gmhialgj-1,normal
gmhineln-1,normal
gmhnggal-1,normal
gmhnnpdm-1,normal
gmiffpgd-1,normal
gmikoegi-1,normal
gmilekmj-1,normal
gmingfan-1,normal
gmjgjkmm-1,normal
gmjgmfdl-1,normal
gmjhdklh-1,normal
gmjoogab-1,normal
gmjopfdd-1,normal
gmkbjaej-1,normal
gmkdhnpg-1,normal
gmkgnfhj-1,normal
gmkhefae-1,normal
gmkkbclk-1,normal
gmklidbc-1,normal
gmkniipm-1,tumor
gmlccokj-1,normal
gmlgkbid-1,normal
gmlonadf-1,normal
gmmbdffj-1,normal
gmmbgncc-1,normal
gmmgpnjh-1,tumor
gmmibmeo-1,normal
gmmkeeil-1,normal
gmmkiofl-1,normal
gmmmnnnp-1,normal
gmmnilha-1,normal
gmnegngm-1,normal
gmnjikdg-1,normal
gmnljhag-1,tumor
gmnoccbb-1,tumor
gmobhbem-1,normal
gmoekocb-1,tumor
gmpodidj-1,normal
gmppnnoj-1,normal
gnahedin-1,tumor
gnaoijff-1,tumor
gnapjbcj-1,tumor
gnbaifln-1,normal
gnbbljmn-1,normal
gnbgnond-1,normal
gnbgpapp-1,tumor
gnbhgfce-1,tumor
gnbjomoo-1,tumor
gnbpagpk-1,tumor
gncdmfnh-1,tumor
gncdpmpd-1,tumor
gnceakdl-1,tumor
gncecagn-1,tumor
gndinbne-1,normal
gndnajpj-1,normal
gnedkigb-1,normal
gnfbopod-1,normal
gnfcienp-1,normal
gnfgokbe-1,normal
gnfhfbia-1,tumor
gngbikla-1,tumor
gngchfam-1,normal
gngnhmli-1,tumor
gnifcmoj-1,tumor
gnifjaca-1,tumor
gnigambm-1,tumor
gnilanej-1,normal
gnilbnig-1,tumor
gnimhkpn-1,tumor
gnjbkfjp-1,normal
gnjceicg-1,tumor
gnjfkfjc-1,tumor
gnjgjkno-1,normal
gnjhpojb-1,normal
gnjkbckh-1,tumor
gnjmamep-1,normal
gnjmcihp-1,tumor
gnjpidih-1,tumor
gnkabkgl-1,tumor
gnkblgcg-1,normal
gnkcecni-1,normal
gnkcookn-1,normal
gnkecjfd-1,normal
gnkhodkb-1,normal
gnkkdkfl-1,normal
gnkmbdlh-1,normal
gnknkikk-1,normal
gnlmnfcl-1,normal
gnlnhmaj-1,normal
gnmbfmom-1,normal
gnmbheii-1,normal
gnnfabda-1,normal
gnnhkkik-1,normal
gnoahoge-1,tumor
gnojidjm-1,normal
gnokille-1,tumor
gnomjkkp-1,normal
gnonnpaf-1,normal
gnpahobn-1,normal
gnpblccd-1,normal
gnphlcoa-1,normal
gnpjhkjj-1,normal
goajiopm-1,tumor
gobfpmbm-1,normal
gobhnpnn-1,normal
gobkkmlo-1,normal
gobneggf-1,normal
gobnjajh-1,normal
gocaocjo-1,normal
gocccgoc-1,normal
gocdmmki-1,normal
gocehjld-1,normal
gocgcghi-1,tumor
gocjlijk-1,normal
goclcdji-1,tumor
gocolidl-1,tumor
godbbnkl-1,tumor
godcpgjl-1,normal
godemeel-1,tumor
godfndmd-1,normal
godhafdj-1,normal
godlmdao-1,normal
godmgjhh-1,normal
godmpdhm-1,normal
godoagpl-1,normal
goeafmnk-1,normal
goecbigc-1,tumor
goeeogec-1,normal
goeiicje-1,normal
goemclmn-1,normal
gofdifoa-1,tumor
gofdoeab-1,tumor
goffnpei-1,tumor
gofhpkaf-1,tumor
goggankf-1,normal
goghaphj-1,tumor
gohhffhh-1,normal
gohhlfmo-1,tumor
gohjpapp-1,normal
gohodlbj-1,normal
goikifog-1,normal
gojcokjl-1,normal
gojecjbd-1,normal
gojeedoc-1,tumor
gojglkdb-1,normal
gojgpbjh-1,normal
gojmmmon-1,tumor
gokakpeg-1,tumor
gokecblf-1,tumor
gokenofk-1,normal
gokimfbi-1,tumor
gokiolnh-1,tumor
gokopeoj-1,tumor
golaedbn-1,normal
golblfim-1,normal
golgbabg-1,normal
golhkojg-1,normal
gollnkpp-1,tumor
golnaolc-1,normal
golndfdp-1,normal
golobfad-1,tumor
golphapn-1,normal
gomdaohb-1,normal
gonahjbh-1,normal
gonepcbo-1,tumor
gonfjjaf-1,normal
gonimgjo-1,tumor
gooelphe-1,normal
gooepbfg-1,normal
googilof-1,normal
googmdaj-1,normal
gooklafn-1,normal
goomfmem-1,normal
gopfpedj-1,normal
gophhifk-1,normal
gopjnaef-1,normal
gpacecdk-1,normal
gpadioke-1,normal
gpadnojd-1,normal
gpaecpdi-1,normal
gpapgaol-1,normal
gpbdjohm-1,normal
gpbelpfc-1,normal
gpbggcdc-1,tumor
gpbibmfg-1,normal
gpbjfefm-1,normal
gpblbphh-1,normal
gpbojngf-1,normal
gpcaciog-1,tumor
gpchmobk-1,normal
gpchnehm-1,normal
gpcmaamc-1,normal
gpcmamfm-1,normal
gpcmdkjh-1,normal
gpcmnhim-1,normal
gpcnppkf-1,normal
gpdbjefe-1,normal
gpdcbfid-1,normal
gpdcinen-1,normal
gpddkgci-1,normal
gpdkfjfb-1,normal
gpeadldp-1,normal
gpebnmin-1,normal
gpecpech-1,normal
gpejkdoe-1,normal
gpenadia-1,normal
gpeodgla-1,normal
gpfdkeee-1,normal
gpfiidkk-1,normal
gpfjengf-1,normal
gpfljpbg-1,normal
gpgagnen-1,normal
gpgcopof-1,normal
gpggmcab-1,normal
gpghadhk-1,normal
gpghhhal-1,normal
gpgipgkh-1,normal
gpgkomjl-1,normal
gpgmfaal-1,normal
gphebdbo-1,normal
gphgpebh-1,normal
gphgpopo-1,normal
gphinnle-1,normal
gphpkcim-1,normal
gpicclba-1,normal
gpidfepg-1,normal
gpiejkgi-1,normal
gpigokdh-1,normal
gpiinolc-1,normal
gpijgkoj-1,normal
gpinceba-1,normal
gpinefgg-1,normal
gpjbfhha-1,normal
gpjinlhp-1,normal
gpjjcpec-1,normal
gpjmolfc-1,normal
gpkcjkid-1,normal
gpkcpcob-1,normal
gpkjibna-1,normal
gpkoignf-1,normal
gplcfbon-1,normal
gplemoge-1,normal
gplholek-1,normal
gplkeken-1,normal
gplmdfll-1,normal
gplngllj-1,normal
gplpfbig-1,tumor
gpmajkmp-1,tumor
gpmgdklm-1,normal
gpmkcgne-1,normal
gpmmjplf-1,normal
gpnddhdd-1,normal
gpnhdclh-1,normal
gpnigapn-1,normal
gpnkplop-1,normal
gpnmfimh-1,tumor
gpnoccne-1,normal
gpohdcpd-1,tumor
gpohkllk-1,normal
gpomooim-1,normal
gppagain-1,normal
gppcggik-1,normal
gppdokke-1,normal
gpphkimp-1,normal
gpphpicc-1,normal
gppjafkd-1,normal
gppklblp-1,tumor
gpplpojj-1,tumor
gppmklob-1,tumor
gppmlllh-1,normal
gppnefib-1,normal
haafgmoj-1,tumor
haaghfla-1,normal
haahcjal-1,normal
haajcbbb-1,normal
haankkni-1,normal
habbmfaa-1,normal
habdffbe-1,normal
habholik-1,normal
habopcag-1,normal
haccjffl-1,normal
hacdbhgi-1,normal
hachllhg-1,normal
haddhjlh-1,normal
hadggnig-1,normal
hadkljmg-1,normal
hadlmmkl-1,normal
haeflphh-1,normal
haehlgph-1,normal
haeihhia-1,normal
haeilejj-1,normal
haeipadj-1,normal
haejedhb-1,normal
haekbkno-1,normal
haekclbl-1,normal
haemgmhg-1,normal
haenpkof-1,normal
haeoamnm-1,normal
haepmipp-1,normal
hafadfpk-1,normal
hafdaihi-1,normal
hafdchha-1,tumor
hafejeog-1,normal
haffbljd-1,normal
haffhldk-1,normal
hafgldma-1,normal
hagfckio-1,normal
hagkoocd-1,normal
hahapnlc-1,normal
hahbmocl-1,normal
hahhnlcd-1,normal
hahkedfe-1,normal
hahoinim-1,normal
haieepaa-1,normal
haifdopk-1,normal
haighiba-1,normal
hailmnkk-1,normal
hainpmng-1,normal
haipcime-1,normal
hajaaohc-1,normal
hajgbgoa-1,normal
hajoabmo-1,normal
hajobhcb-1,normal
hajodacg-1,normal
hakacejd-1,normal
hakbcmbk-1,normal
hakbeclk-1,normal
hakeclmo-1,normal
hakjkcga-1,normal
hakofnno-1,normal
hakpidni-1,normal
hakpnjhj-1,normal
halappef-1,normal
halgljjn-1,normal
halkajof-1,normal
hallpklm-1,normal
halmdffc-1,normal
halogknf-1,normal
halopadc-1,normal
halplnfa-1,normal
halpnmho-1,normal
hamfbjlm-1,normal
hamgmnpd-1,normal
hamjoofk-1,normal
hancibjp-1,normal
hancpdfd-1,normal
hancpobk-1,normal
hanhdiah-1,normal
hanhpejp-1,normal
hanigmbp-1,normal
hanlejjg-1,normal
hanpglfb-1,normal
haobmlhn-1,normal
haoffemm-1,normal
hapbjbod-1,tumor
hapdlnll-1,normal
hapgfedk-1,normal
haphfcid-1,normal
haphoaif-1,normal
hapiohga-1,tumor
hapkibpj-1,normal
hapmngeo-1,tumor
happmhgh-1,normal
hbaakoci-1,normal
hbafilki-1,normal
hbaioggp-1,normal
hbajaafl-1,normal
hbaknghh-1,normal
hbannghm-1,normal
hbbdmnma-1,tumor
hbbenamb-1,normal
hbbhclen-1,normal
hbbiflcn-1,tumor
hbbiobgc-1,tumor
hbbkifna-1,normal
hbbobian-1,normal
hbcfajbg-1,normal
hbcfepdh-1,normal
hbcmkcif-1,normal
hbdcbflg-1,normal
hbdcpado-1,normal
hbddedbd-1,normal
hbdkndaa-1,tumor
hbdlogdc-1,tumor
hbdncenn-1,normal
hbdnfnom-1,normal
hbdnhegb-1,normal
hbecdnff-1,tumor
hbecmdjh-1,normal
hbegbiil-1,normal
hbejlhgh-1,normal
hbfbfimh-1,normal
hbfbiako-1,normal
hbfcedfg-1,normal
hbfibjak-1,normal
hbfieemb-1,normal
hbfiofef-1,normal
hbfnakfh-1,normal
hbgcgeaj-1,normal
hbgihail-1,normal
hbglkkkh-1,normal
hbhdjmlc-1,normal
hbhgeiio-1,normal
hbhgoclb-1,tumor
hbhhllic-1,tumor
hbhjfboo-1,tumor
hbhkfkoe-1,normal
hbhoohbj-1,tumor
hbibddjf-1,normal
hbidfpeo-1,tumor
hbifkckp-1,tumor
hbijojln-1,tumor
hbjamcmk-1,normal
hbjhepfh-1,normal
hbjlfagl-1,normal
hbkbnfif-1,normal
hbkefbbh-1,tumor
hbkimhja-1,normal
hbklpnoh-1,normal
hbldbjoa-1,tumor
hblelghe-1,normal
hblijaae-1,tumor
hblndpbn-1,normal
hblondkj-1,tumor
hbmgebpa-1,normal
hbmhnmnm-1,normal
hbmklamh-1,tumor
hbmpjnld-1,normal
hbncikfo-1,tumor
hbngpkdf-1,tumor
hbnhejmh-1,normal
hbnkhceh-1,normal
hbnkpice-1,normal
hbnnfjim-1,normal
hbnphlod-1,normal
hbobampf-1,normal
hboegecn-1,normal
hbokcfih-1,normal
hbomkejp-1,normal
hboogbec-1,normal
hbpblagg-1,normal
hbpdaccd-1,normal
hbpeignn-1,normal
hbpfciio-1,normal
hbpfkfli-1,tumor
hbpgjabn-1,normal
hbphjgfc-1,normal
hbphpgno-1,normal
hcaenold-1,normal
hcajpplg-1,normal
hcakfpkp-1,normal
hcbcjcki-1,normal
hcbdpfic-1,normal
hcbfdiem-1,normal
hcbgekpb-1,normal
hcbhcccm-1,normal
hcbipebk-1,normal
hcbnhnch-1,normal
hcbohdog-1,tumor
hcbpimjp-1,normal
hcccopmi-1,normal
hcckampo-1,normal
hccmdkjh-1,normal
hccmmefj-1,normal
hccnkmbd-1,normal
hcdpgnci-1,normal
hceadagi-1,normal
hcegejjb-1,normal
hcehppjd-1,tumor
hceinfbo-1,tumor
hcelgecc-1,tumor
hcemphmj-1,normal
hceomffn-1,normal
hcfbfeph-1,normal
hcfbjoci-1,normal
hcfcbdlp-1,normal
hcflodde-1,normal
hcflokeh-1,normal
hcfonlpo-1,normal
hcfphkhb-1,normal
hcgcejpg-1,normal
hcgcgaic-1,normal
hcgeijlg-1,normal
hcgmmbkm-1,normal
hchamlbf-1,normal
hchbimpn-1,normal
hchiopmh-1,normal
hchmnpjd-1,normal
hciekach-1,normal
hciikkfi-1,normal
hcijophf-1,normal
hcipineg-1,normal
hcjggjlb-1,normal
hcjiidba-1,normal
hcjlcjdb-1,normal
hckbenlm-1,normal
hckcfmpa-1,normal
hckjecoc-1,normal
hckjmidf-1,normal
hckkdkeo-1,normal
hckljfcd-1,tumor
hckmokjk-1,tumor
hckpihol-1,tumor
hclfihdp-1,tumor
hclfmnbe-1,tumor
hclgeipe-1,normal
hcllkklj-1,tumor
hclmcnle-1,normal
hcmapbim-1,tumor
hcmbmclm-1,tumor
hcmbpdgb-1,tumor
hcmdkhmf-1,tumor
hcmickcl-1,tumor
hcmifhgf-1,normal
hcmjacce-1,normal
hcmjfioh-1,normal
hcmlbhhd-1,tumor
hcncndob-1,normal
hcngpoba-1,normal
hcnkkdkl-1,tumor
hcnnkmda-1,normal
hcnnpcmj-1,tumor
hcnpdpoh-1,normal
hcoahnba-1,normal
hcoglbmh-1,normal
hcphallj-1,normal
hcpndhpj-1,tumor
hcpngofk-1,normal
hcpnkonb-1,normal
hdaafbfc-1,normal
hdadikno-1,normal
hdadnnjp-1,normal
hdagfgbi-1,normal
hdagocmh-1,tumor
hdapgipp-1,tumor
hdbbnael-1,normal
hdbbofgh-1,tumor
hdbecpjo-1,normal
hdbglglc-1,normal
hdbhcfka-1,normal
hdbjncmi-1,tumor
hdblpeld-1,normal
hdbocbna-1,normal
hdbojhbd-1,tumor
hdcjgfid-1,normal
hdclngbn-1,normal
hdddkalp-1,tumor
hddekncn-1,tumor
hddjgkbb-1,normal
hddobkhd-1,normal
hddogkfd-1,normal
hdeaafpk-1,normal
hdedkgei-1,tumor
hdeggdip-1,tumor
hdejddma-1,tumor
hdejhomh-1,normal
hdemckpm-1,normal
hdepmfno-1,normal
hdfacpid-1,tumor
hdfahkml-1,normal
hdfbafca-1,tumor
hdfegbmd-1,tumor
hdfelojh-1,normal
hdfghdkk-1,normal
hdfhndbf-1,tumor
hdfighnd-1,normal
hdfipbbf-1,normal
hdfkbick-1,tumor
hdfklcap-1,normal
hdflecne-1,tumor
hdfmdnim-1,normal
hdfmohpj-1,normal
hdgmffmm-1,tumor
hdhbpaja-1,normal
hdhcjcad-1,tumor
hdhdghoj-1,normal
hdhjabaf-1,tumor
hdhkjeoe-1,normal
hdihecgn-1,normal
hdiiboig-1,tumor
hdiineie-1,normal
hdjceblp-1,normal
hdjjfnjl-1,tumor
hdjloind-1,tumor
hdjpfpdb-1,tumor
hdjpgckn-1,tumor
hdkhpgcn-1,normal
hdklmmcg-1,normal
hdkpepaa-1,normal
hdlbbgin-1,normal
hdlfhihg-1,normal
hdlgoeok-1,normal
hdmcmcoo-1,normal
hdmecdbm-1,tumor
hdmglifp-1,tumor
hdmkajch-1,tumor
hdmmhlgh-1,normal
hdmmnopo-1,normal
hdmncilj-1,normal
hdmnildn-1,normal
hdmojgbo-1,normal
hdmpeoeg-1,normal
hdnbagfk-1,normal
hdnbhbmo-1,normal
hdncogei-1,normal
hdnddend-1,tumor
hdndgcjk-1,tumor
hdndnkai-1,normal
hdngpkmp-1,normal
hdnjgeac-1,normal
hdnnfidm-1,normal
hdnnobin-1,normal
hdnpjepp-1,tumor
hdnpjnnd-1,tumor
hdoaegcd-1,tumor
hdobmajp-1,normal
hdoekdcf-1,normal
hdofbboi-1,normal
hdofkoph-1,normal
hdoibfcb-1,normal
hdoinegk-1,tumor
hdokbmdo-1,normal
hdokedmc-1,normal
hdolhbfe-1,normal
hdomaojg-1,normal
hdomfemo-1,normal
hdopfpff-1,normal
hdpbfiaf-1,tumor
hdpelnoa-1,normal
hdpjjdka-1,normal
hdpnbpej-1,normal
heafbfjb-1,normal
heafhfjf-1,normal
heagdfjo-1,tumor
heajbegf-1,tumor
healanme-1,normal
heamdklh-1,normal
heamegog-1,normal
hebamoli-1,normal
hebedfcb-1,normal
hebinoak-1,normal
hebopidc-1,normal
hecbiffc-1,normal
hecpcajb-1,normal
hecpcalf-1,normal
hedbicik-1,tumor
hedehmjf-1,normal
hedhalka-1,normal
hedmlfgg-1,normal
hedopcff-1,tumor
hedpedgf-1,tumor
heeaclpd-1,tumor
heedbmih-1,tumor
heekhepo-1,normal
heemnhej-1,normal
heeomana-1,normal
hefaeada-1,normal
hefebpdp-1,tumor
hefeoijk-1,tumor
hefjpaji-1,tumor
hefnpfci-1,tumor
hegbmkah-1,normal
heggbecc-1,normal
heggglha-1,normal
hegihpil-1,tumor
heglcbin-1,normal
hegliich-1,tumor
heglpplg-1,tumor
hehcdfoh-1,tumor
hehcicng-1,tumor
hehclbbe-1,normal
hehibgim-1,tumor
hehicdoh-1,tumor
hehiddog-1,normal
hehjgmik-1,normal
hehjldlm-1,normal
hehmgnge-1,normal
hehopeka-1,normal
heidneed-1,tumor
heigjldj-1,tumor
heiibamj-1,tumor
heileedl-1,tumor
heiomlhi-1,normal
heipakag-1,normal
heipndmo-1,normal
hejdojef-1,tumor
hejhhefj-1,tumor
hejjooji-1,tumor
hekghpcp-1,tumor
heknknlo-1,tumor
heknlfpc-1,tumor
hekopgbg-1,tumor
hekpofko-1,normal
helclgnj-1,normal
heldhgip-1,normal
helfgngi-1,normal
helfoked-1,normal
helgbcmm-1,normal
helpofke-1,normal
hemajmnp-1,tumor
hemaloam-1,normal
hemcchop-1,normal
hemjiief-1,tumor
hemmilib-1,tumor
henbabfn-1,normal
henbkloh-1,tumor
henfhmgd-1,normal
henkcbob-1,normal
henljoge-1,normal
henncepa-1,normal
henoodji-1,normal
heoemblp-1,normal
heokgnai-1,normal
heoldaoj-1,normal
heombnac-1,normal
heonephc-1,normal
heoogngj-1,normal
hepahihc-1,normal
hepamhba-1,tumor
heppelbh-1,normal
hfadaboh-1,normal
hfaikpmo-1,normal
hfajbfop-1,normal
hfbbekaa-1,normal
hfbcokdd-1,normal
hfbklmag-1,normal
hfbnkaae-1,tumor
hfcakjem-1,normal
hfcbamhf-1,tumor
hfcblihk-1,tumor
hfcfhden-1,normal
hfcmkoef-1,tumor
hfcommep-1,normal
hfdaglhl-1,tumor
hfdcabib-1,tumor
hfdfbbmj-1,tumor
hfdjmcgd-1,normal
hfdknibb-1,tumor
hfdlddid-1,normal
hfdliofh-1,normal
hfdmlgbe-1,normal
hfdoonnl-1,normal
hfdplhfn-1,tumor
hfeabiip-1,normal
hfeehjgc-1,tumor
hfeeladj-1,tumor
hfeihlhp-1,tumor
hfeijgjm-1,normal
hfekclcc-1,tumor
hfeoofmg-1,tumor
hfepdcid-1,tumor
hfepjnie-1,tumor
hffcbhjo-1,tumor
hffinnpd-1,tumor
hffnofpl-1,tumor
hfgakice-1,tumor
hfgdgjdo-1,tumor
hfgkaamf-1,normal
hfgoaphn-1,tumor
hfhahbjp-1,tumor
hfhcobdb-1,normal
hfhcpgol-1,tumor
hfhfpkpc-1,normal
hfhgmfkc-1,normal
hfhhgcmp-1,normal
hfhkommm-1,tumor
hfhlgbcb-1,tumor
hfhmocdl-1,tumor
hfidoppa-1,normal
hfigacmb-1,normal
hfijngbo-1,normal
hfinafgi-1,tumor
hfipcmeo-1,tumor
hfjbdblm-1,normal
hfjcfddm-1,tumor
hfjebmmn-1,normal
hfjklgie-1,normal
hfjkpggm-1,tumor
hfkaaldj-1,normal
hfkakogm-1,normal
hfkbmbnd-1,tumor
hfkdakkl-1,tumor
hfkdfjmk-1,normal
hfkfgoen-1,tumor
hfkfpekn-1,tumor
hfkhbild-1,tumor
hfkmihbc-1,tumor
hfkmpaoi-1,normal
hfljaeen-1,normal
hflkcpmh-1,normal
hflkefff-1,tumor
hflpebme-1,tumor
hflpefaa-1,tumor
hfmejcam-1,normal
hfmenkhi-1,normal
hfmglnkb-1,normal
hfmhmgad-1,normal
hfmjojpm-1,tumor
hfmmkpkb-1,normal
hfnafhim-1,normal
hfncjanb-1,normal
hfndpnja-1,normal
hfnlimcn-1,normal
hfodbgbf-1,normal
hfogcjln-1,normal
hfogflkn-1,normal
hfoigafb-1,normal
hfoikfik-1,normal
hfojlhjg-1,normal
hfolciao-1,normal
hfolkdla-1,tumor
hfopebef-1,normal
hfpdjolj-1,normal
hfpecjig-1,tumor
hfpfhoke-1,tumor
hfpmogpm-1,normal
hfpnakig-1,tumor
hgaaalhe-1,tumor
hgafgdkg-1,tumor
hgaijeac-1,tumor
hgamgaop-1,normal
hganbghd-1,tumor
hgaobjjm-1,normal
hgapklcb-1,tumor
hgbienjj-1,tumor
hgbjaegi-1,tumor
hgblhcjc-1,tumor
hgbpecgd-1,tumor
hgcapfkm-1,tumor
hgccofoh-1,tumor
hgchbbek-1,normal
hgcijjmp-1,normal
hgcliocd-1,tumor
hgclklkg-1,normal
hgcofogc-1,tumor
hgcpfeno-1,tumor
hgdaiopa-1,tumor
hgdccneg-1,normal
hgdcnccn-1,normal
hgdfkknc-1,normal
hgdmmpfn-1,normal
hgdnhmnc-1,normal
hgeaodki-1,tumor
hgeaolle-1,tumor
hgeaphne-1,normal
hgedlfln-1,tumor
hgegkjgd-1,tumor
hgelnmck-1,tumor
hgfejcgc-1,tumor
hgfhpjkb-1,normal
hgfmgbcd-1,normal
hgfokckb-1,tumor
hgfoohmc-1,tumor
hggbpofg-1,tumor
hgghcgaj-1,normal
hghchibb-1,tumor
hghclopp-1,normal
hghhkcpk-1,tumor
hghjknch-1,normal
hghkfgon-1,tumor
hgicljki-1,normal
hgihpoom-1,normal
hgijpeni-1,normal
hgimehaa-1,normal
hginodlg-1,normal
hgiogamg-1,normal
hgjeelpd-1,normal
hgjhgahl-1,normal
hgjjildc-1,normal
hgjjjjnp-1,normal
hgkfcfgl-1,normal
hgkgifcn-1,normal
hgkkgbna-1,normal
hglahkbf-1,normal
hglapagk-1,tumor
hglfafij-1,tumor
hglhbdbh-1,tumor
hglnopbl-1,tumor
hglpeenl-1,tumor
hgmaomod-1,tumor
hgmbcabh-1,tumor
hgmbhijc-1,tumor
hgmcocam-1,tumor
hgmhfmdo-1,tumor
hgmhhdfe-1,normal
hgmjpnmd-1,normal
hgmlhnhi-1,tumor
hgnelpjh-1,normal
hgnhophd-1,tumor
hgnkehgo-1,normal
hgnmefmf-1,tumor
hgnmmcbl-1,tumor
hgnnafgd-1,normal
hgoebepo-1,normal
hgoghabi-1,tumor
hgonchjc-1,normal
hgpbpjgm-1,tumor
hgpeclff-1,normal
hgpfccen-1,normal
hgpgdcmj-1,normal
hgpkklpn-1,tumor
hgpmpchb-1,normal
hgpnkbje-1,tumor
hgpoinjh-1,normal
hhakabgl-1,normal
hhaoiacl-1,normal
hhbbehcf-1,normal
hhbbkhln-1,normal
hhbcgemg-1,normal
hhbdbfpa-1,normal
hhbejjde-1,tumor
hhbgfaoo-1,normal
hhbhkkdp-1,normal
hhbjdooa-1,normal
hhbkmcpn-1,normal
hhccjpho-1,normal
hhceaadp-1,normal
hhcgafhm-1,normal
hhcjbckj-1,normal
hhckijia-1,normal
hhclhfhb-1,normal
hhcmhdip-1,normal
hhcnigpi-1,normal
hhcpkbpc-1,normal
hhdbpfba-1,tumor
hhddcgpe-1,tumor
hhdfcdao-1,normal
hhdjdjhp-1,tumor
hhdjmlai-1,normal
hhdnejgk-1,normal
hhdpmoda-1,normal
hhebafhf-1,tumor
hhefbdmg-1,tumor
hhegmpig-1,tumor
hhejlbnl-1,normal
hhejppch-1,normal
hhelkpjk-1,normal
hhengdbd-1,normal
hhenmlio-1,normal
hhfedohn-1,normal
hhfekamh-1,normal
hhfgfcbf-1,normal
hhfibdij-1,normal
hhfjajeg-1,normal
hhflpeac-1,normal
hhfmhbda-1,normal
hhfnbkoc-1,normal
hhfofndf-1,normal
hhgbelga-1,normal
hhgjhbnb-1,normal
hhgjheof-1,normal
hhglliml-1,normal
hhhcipop-1,normal
hhheamac-1,normal
hhhfheob-1,normal
hhhphckm-1,normal
hhiaambf-1,normal
hhiedjal-1,normal
hhihcdjl-1,normal
hhjdnnde-1,normal
hhjlgfld-1,normal
hhjpgahp-1,normal
hhjpjegj-1,normal
hhkakiff-1,normal
hhkegoei-1,normal
hhkgeibf-1,normal
hhkggmjn-1,normal
hhkjajbn-1,normal
hhklbben-1,normal
hhkpecde-1,normal
hhlcaflg-1,tumor
hhlgpdlj-1,normal
hhljjnkn-1,tumor
hhloklpp-1,tumor
hhmdohak-1,normal
hhmgnool-1,normal
hhmkaahg-1,normal
hhmnfpnc-1,normal
hhmolkan-1,normal
hhmphiop-1,normal
hhnajajo-1,normal
hhndpfgp-1,normal
hhnfldhp-1,normal
hhnhchfm-1,normal
hhnkkmji-1,normal
hhnofiea-1,normal
hhobkeck-1,normal
hhogekgi-1,normal
hhojohgk-1,normal
hhooejjd-1,normal
hhoomkga-1,normal
hhpanojl-1,normal
hhpbpill-1,normal
hhpcdfha-1,normal
hhpenied-1,normal
hhpjmlpa-1,normal
hhpkokgi-1,normal
hhplmokm-1,normal
hiaajkoo-1,normal
hiamkmpm-1,normal
hianklgg-1,normal
hiapddcm-1,normal
hiapibjb-1,normal
hiapjdgn-1,normal
hibheklc-1,normal
hibjcdnh-1,normal
hicckhlc-1,normal
hicdnmfp-1,normal
hicecknj-1,normal
hicfcmdc-1,tumor
hicfdgif-1,tumor
hicleamd-1,normal
hicpfbdl-1,normal
hicplbbl-1,normal
hidcpppa-1,normal
hiddgebg-1,normal
hidepnok-1,normal
hidhcgfo-1,normal
hidhliin-1,normal
hidmeemf-1,normal
hidpacci-1,normal
hiejggfj-1,normal
hiejjpnc-1,tumor
hieohfeo-1,normal
hifieglc-1,normal
highofan-1,normal
higpgfia-1,tumor
hihalcjg-1,tumor
hihcobaa-1,tumor
hihpemld-1,tumor
hiibinjl-1,tumor
hiifhlpb-1,tumor
hiimdcif-1,tumor
hiiogaef-1,tumor
hiiojjbc-1,normal
hiiojodb-1,tumor
hijjigdn-1,normal
hijkhmii-1,tumor
hijnfhcc-1,normal
hikbnfma-1,normal
hikegbbo-1,normal
hikfojme-1,normal
hikgjhea-1,tumor
hikkaomd-1,normal
hikkhpdj-1,tumor
hiklhhie-1,tumor
hiklimlb-1,tumor
hikonaod-1,tumor
hiledpdc-1,tumor
hilhcfem-1,tumor
hillkiim-1,tumor
himcgbkj-1,tumor
himdaego-1,normal
himdnlch-1,normal
himeombe-1,tumor
himfjbaj-1,normal
himjdgde-1,tumor
hinbnopi-1,normal
hinfepil-1,tumor
hingejkg-1,tumor
hingpbld-1,tumor
hinjiaen-1,normal
hinmhjko-1,normal
hinpegdm-1,normal
hioaggmc-1,normal
hioccegi-1,normal
hiocehmg-1,normal
hioffmee-1,normal
hiohckgg-1,tumor
hiojalcl-1,normal
hioonanl-1,tumor
hipbjcih-1,tumor
hipbmgep-1,tumor
hipbmhen-1,tumor
hipdbfje-1,tumor
hipfamho-1,tumor
hipgeiok-1,tumor
hiphdmnf-1,normal
hipibknb-1,normal
hipikpeg-1,normal
hipjhcbg-1,normal
hipjjdde-1,tumor
hipncfkp-1,normal
hipocnnc-1,tumor
hjaamemh-1,tumor
hjacfinl-1,tumor
hjaefocc-1,tumor
hjaigbmh-1,tumor
hjaneddj-1,tumor
hjaolpmp-1,tumor
hjbbafcc-1,tumor
hjbenoem-1,tumor
hjbiaohm-1,tumor
hjbiomjk-1,tumor
hjbipggc-1,tumor
hjcdakab-1,tumor
hjcejejh-1,tumor
hjcmoaca-1,tumor
hjcnncod-1,tumor
hjcoilpb-1,tumor
hjddbgnl-1,tumor
hjdfjfod-1,normal
hjdielao-1,normal
hjdlmcho-1,normal
hjeejdpf-1,normal
hjegfhle-1,normal
hjejbkpe-1,normal
hjejobgj-1,tumor
hjelbbcp-1,tumor
hjembkmn-1,tumor
hjempkkk-1,tumor
hjfgfkhk-1,tumor
hjfggdph-1,normal
hjfgohoo-1,tumor
hjfmbmmj-1,tumor
hjfnibem-1,tumor
hjfpjlbc-1,normal
hjgajhpe-1,tumor
hjgcgddl-1,tumor
hjghomoj-1,tumor
hjglonen-1,tumor
hjgmeeji-1,normal
hjgnneke-1,normal
hjhdgmpo-1,normal
hjhfhaib-1,tumor
hjhfobmh-1,normal
hjhmgmnj-1,tumor
hjhocbbe-1,tumor
hjifkkfg-1,tumor
hjigdbgb-1,normal
hjillcih-1,normal
hjiomaoi-1,tumor
hjjgccoo-1,normal
hjjikifj-1,tumor
hjjioibo-1,tumor
hjjjncnp-1,tumor
hjjlbaak-1,tumor
hjjmknhh-1,normal
hjjnoplc-1,normal
hjjogcjp-1,normal
hjkanljh-1,normal
hjkbeibi-1,normal
hjkcpcgf-1,normal
hjkgbgeo-1,tumor
hjmcpbdl-1,tumor
hjmeljdc-1,tumor
hjmfdlgg-1,tumor
hjmheoao-1,normal
hjmifmfi-1,normal
hjmngech-1,tumor
hjngfdoo-1,normal
hjnjmfdn-1,normal
hjnkibgk-1,tumor
hjofhhkb-1,tumor
hjpacekc-1,tumor
hjpcofpn-1,normal
hjphdfpp-1,tumor
hjphnbcg-1,tumor
hjpobmml-1,normal
hjppldba-1,normal
hkadijfo-1,normal
hkaffldm-1,normal
hkaiionb-1,normal
hkbaobmh-1,normal
hkbfemho-1,normal
hkbfiege-1,tumor
hkbfndfo-1,tumor
hkbljehg-1,normal
hkbnohoa-1,normal
hkbombom-1,normal
hkcackfk-1,normal
hkcbholk-1,normal
hkcednpk-1,normal
hkcghili-1,normal
hkclfbkf-1,normal
hkcpbmij-1,tumor
hkddmolj-1,normal
hkdhjabd-1,normal
hkdhoplp-1,normal
hkdjoobo-1,normal
hkdpjaed-1,normal
hkeagdkd-1,normal
hkecpicj-1,tumor
hkedinmp-1,tumor
hkellagd-1,normal
hkfjnlcb-1,normal
hkflddke-1,normal
hkfnmdhg-1,normal
hkfnnhdm-1,normal
hkfpbbfb-1,normal
hkgakefe-1,normal
hkgcgchi-1,normal
hkggpbmi-1,normal
hkghkgcb-1,normal
hkgipnjb-1,normal
hkhajddh-1,normal
hkhcebfd-1,normal
hkhfkejd-1,normal
hkhkbhnc-1,tumor
hkhkfddl-1,normal
hkhkgkkj-1,normal
hkhknodk-1,tumor
hkhlaahi-1,tumor
hkiabldj-1,tumor
hkiagcci-1,normal
hkidllgi-1,normal
hkifcefc-1,normal
hkilkeec-1,normal
hkingmpn-1,tumor
hkipngdo-1,normal
hkjdnafm-1,normal
hkjhmcic-1,tumor
hkjlcemc-1,tumor
hkjnebbp-1,tumor
hkjpioca-1,tumor
hkkfhhdd-1,tumor
hkkgbapn-1,tumor
hkkhdgog-1,tumor
hkkidcak-1,tumor
hkkmfoem-1,normal
hkkmlpjm-1,normal
hklhglfa-1,tumor
hkljmmkg-1,normal
hklodlcn-1,tumor
hklogdap-1,tumor
hkloklaf-1,tumor
hkmbinoo-1,tumor
hkmcahem-1,tumor
hkmfgdhd-1,tumor
hkmjpjib-1,normal
hkmlllje-1,tumor
hkmmmohj-1,normal
hkngjbod-1,normal
hknigmkb-1,tumor
hknjkgfp-1,tumor
hknkeghm-1,tumor
hknliadb-1,normal
hkobnaap-1,normal
hkobnhec-1,tumor
hkodclmc-1,tumor
hkojamki-1,normal
hkopkbnj-1,tumor
hkpbhlpo-1,tumor
hkphkbpo-1,normal
hlaafepb-1,tumor
hlagdfeo-1,tumor
hlajdeim-1,tumor
hlamdkpc-1,normal
hlbdhkih-1,normal
hlbljdii-1,normal
hlbodmpl-1,normal
hlcadlgp-1,normal
hlcbcini-1,normal
hlcddfgh-1,normal
hlcdeabh-1,normal
hlcdofnp-1,normal
hlceifcb-1,tumor
hlcgjcfm-1,normal
hlcgnfak-1,normal
hlchbhod-1,tumor
hlciadpk-1,normal
hlcifjnp-1,normal
hlcmihcc-1,normal
hldagebf-1,tumor
hldahdmb-1,normal
hldbihkh-1,tumor
hldfjcdp-1,tumor
hldicddi-1,tumor
hldifjah-1,tumor
hldkffge-1,normal
hldkpipk-1,tumor
hldlglbe-1,normal
hldnmlgl-1,normal
hlebdkca-1,normal
hlegejga-1,normal
hlehikdf-1,tumor
hlejfofp-1,tumor
hlekkdkj-1,normal
hlekomhg-1,tumor
hlemapfm-1,tumor
hlemmpoi-1,normal
hlfcbmlb-1,tumor
hlfdenci-1,tumor
hlfkaeak-1,normal
hlflihgo-1,tumor
hlfmjllf-1,normal
hlgiombo-1,normal
hlhoipfh-1,normal
hlhpncpc-1,normal
hlihlbkh-1,normal
hliidgid-1,normal
hlikobnc-1,normal
hljbibdk-1,tumor
hljldold-1,tumor
hljmjbij-1,tumor
hljnfnll-1,normal
hlkegchd-1,tumor
hlkfghgb-1,tumor
hlkgbcdf-1,tumor
hlkilmbb-1,normal
hlkmfdle-1,tumor
hlkmfnda-1,normal
hllbbcoc-1,normal
hllbkekj-1,tumor
hllbofij-1,normal
hllgmmih-1,normal
hllncjlf-1,normal
hlloalnd-1,normal
hllodcoj-1,normal
hllohdip-1,tumor
hllpdcfk-1,normal
hlmbccog-1,normal
hlmbpfmf-1,normal
hlmgbnfh-1,normal
hlmjakjh-1,normal
hlmlhdfo-1,normal
hlmljmld-1,normal
hlmnfjhc-1,normal
hlmpmemj-1,normal
hlnbgipk-1,normal
hlncdkkn-1,normal
hlneippk-1,normal
hlnfhcea-1,tumor
hlnjpdcc-1,tumor
hlnmmdnc-1,normal
hloadhfo-1,normal
hloceheg-1,normal
hlocjjee-1,normal
hlodgbak-1,normal
hloepolh-1,normal
hlofdlha-1,normal
hlojhekk-1,normal
hlonlemk-1,normal
hlpdaepa-1,normal
hlpjpiii-1,normal
hlpnjfmn-1,normal
hlpoiacf-1,normal
hmaeeejf-1,tumor
hmaeilik-1,normal
hmahilpj-1,normal
hmahpecn-1,normal
hmaicdem-1,normal
hmaihmpo-1,normal
hmakdlcg-1,tumor
hmakiboj-1,tumor
hmanlakn-1,normal
hmappkjb-1,normal
hmbidama-1,normal
hmbimfld-1,normal
hmblihaf-1,normal
hmccepgc-1,normal
hmccffle-1,normal
hmckbfpp-1,normal
hmcnaiki-1,normal
hmdbhbda-1,normal
hmdmeoik-1,normal
hmdnacbp-1,normal
hmdneknf-1,tumor
hmdohkhb-1,tumor
hmeajcgi-1,tumor
hmefmjlb-1,tumor
hmegfocf-1,tumor
hmeibghl-1,normal
hmfbbldh-1,normal
hmfbpmbp-1,normal
hmfppana-1,normal
hmgaelel-1,normal
hmgcmbog-1,normal
hmgdkbld-1,normal
hmgiedbo-1,normal
hmgnggob-1,normal
hmhaljjk-1,normal
hmhchplh-1,normal
hmheifdo-1,normal
hmhfegei-1,tumor
hmhgafgf-1,tumor
hmhhenan-1,tumor
hmhnjdhk-1,normal
hmhomjkd-1,tumor
hmiajodj-1,tumor
hmiipbhb-1,tumor
hmijbcpa-1,tumor
hmikmdnh-1,tumor
hminmkbe-1,tumor
hmjainhn-1,tumor
hmjcddhh-1,normal
hmjcdfcf-1,normal
hmjepldf-1,normal
hmjlelnp-1,normal
hmjpfalm-1,normal
hmjplbnb-1,normal
hmkncicf-1,normal
hmlchfbf-1,normal
hmleodnm-1,normal
hmlgiefn-1,normal
hmlpoaac-1,tumor
hmmajaeh-1,normal
hmmbeegf-1,normal
hmmbgjfo-1,normal
hmmgkdni-1,normal
hmmmoike-1,normal
hmneecan-1,normal
hmneippm-1,normal
hmnghcgn-1,normal
hmngpghp-1,normal
hmnjchmn-1,normal
hmoiikme-1,normal
hmoiolmj-1,tumor
hmpbonoj-1,normal
hmpdhjlp-1,tumor
hmpeeigj-1,tumor
hmpgmnij-1,normal
hmphgeib-1,tumor
hnaalmii-1,tumor
hnabhodf-1,normal
hnacffcf-1,tumor
hnadkbnn-1,normal
hnagmilj-1,normal
hnajannh-1,tumor
hnakiinl-1,normal
hnamceja-1,tumor
hnapokba-1,tumor
hnbalgpi-1,tumor
hnbeeijb-1,tumor
hnbhjfdc-1,tumor
hnbhlhai-1,tumor
hnbjkacg-1,tumor
hnbodnhg-1,normal
hnbpnpcg-1,normal
hnbppngb-1,tumor
hncdnmia-1,tumor
hncgkpjf-1,tumor
hnchmpmo-1,tumor
hncibiod-1,tumor
hnckaijl-1,tumor
hndjcbcn-1,tumor
hnebohlo-1,tumor
hnebpbif-1,tumor
hnedgapn-1,tumor
hnegfdng-1,tumor
hneigpji-1,tumor
hneiocjb-1,normal
hnepjhib-1,normal
hnfejjhe-1,normal
hnfhkoog-1,tumor
hnfjmdkg-1,normal
hnflpdam-1,tumor
hngbakbo-1,tumor
hngcoeck-1,tumor
hnggklbb-1,tumor
hngjjcfa-1,tumor
hngnpdig-1,tumor
hngpcdpe-1,normal
hnhcbodl-1,normal
hnhkcbna-1,normal
hnhphbim-1,normal
hnialnbg-1,normal
hnidijjk-1,normal
hniekbnm-1,tumor
hnigehmb-1,tumor
hniignmb-1,tumor
hniimnog-1,tumor
hnjcobpo-1,normal
hnjfegne-1,tumor
hnjkacdl-1,normal
hnjlphmk-1,tumor
hnjmmnjm-1,tumor
hnjnilad-1,tumor
hnjpclab-1,tumor
hnjpjeaj-1,normal
hnkbcjja-1,normal
hnkdacbo-1,normal
hnkgkioo-1,tumor
hnkiamin-1,normal
hnkkglmm-1,normal
hnkldkea-1,tumor
hnklihbi-1,normal
hnknmloj-1,tumor
hnkoklbf-1,normal
hnlaebke-1,normal
hnlfjhjh-1,normal
hnlfofca-1,normal
hnlgadbg-1,normal
hnlghlnc-1,tumor
hnlgmogk-1,tumor
hnljikmp-1,tumor
hnlkgmbo-1,tumor
hnlpkkom-1,tumor
hnmgaoid-1,tumor
hnmnjjcm-1,normal
hnneikjp-1,normal
hnnlekbb-1,normal
hnnnkckh-1,normal
hnnpedjj-1,normal
hnocddom-1,normal
hnoihjlf-1,normal
hnopiglj-1,normal
hnphfhpn-1,normal
hnppjleh-1,normal
hoadbckb-1,normal
hoahabab-1,tumor
hoalgjhf-1,tumor
hobjmcjh-1,normal
hobkhfgh-1,normal
hoblimpa-1,normal
hobloaeh-1,normal
hocideik-1,tumor
hocidmjg-1,normal
hocolfhm-1,normal
hodammhi-1,normal
hodcifap-1,normal
hodenapg-1,normal
hodicgoi-1,normal
hodmecbj-1,normal
hoegkoib-1,normal
hoegpjfk-1,normal
hofeijlo-1,tumor
hofikoke-1,normal
hofjjokm-1,normal
hoflbemn-1,tumor
hofnlack-1,tumor
hofofoon-1,tumor
hogcplak-1,tumor
hogeieki-1,normal
hoghpdhj-1,normal
hogmdaeg-1,normal
hognkdjc-1,tumor
hohbhmpk-1,tumor
hohepbek-1,tumor
hohlbioh-1,normal
hohlkjhd-1,normal
hoholpbl-1,tumor
hoiceijp-1,normal
hoiddlac-1,normal
hoidgbpp-1,normal
hoidliid-1,normal
hoiiceac-1,tumor
hoijdgkp-1,tumor
hoilfekj-1,normal
hoimlmhe-1,tumor
hoiomabf-1,normal
hojachfl-1,tumor
hojgepnh-1,normal
hojgikpi-1,tumor
hojhdhgh-1,normal
hojibldi-1,normal
hojipplc-1,normal
hojjdaha-1,normal
hojkhcam-1,normal
hojocpab-1,normal
hokambcp-1,normal
hokamimj-1,normal
hokdnefo-1,normal
hokgkoeh-1,tumor
hokhbkfn-1,normal
hoknapgd-1,normal
hokojlhh-1,normal
holajkej-1,normal
holibnhh-1,normal
holkckdg-1,normal
homcfden-1,normal
homdhehh-1,tumor
homknokk-1,normal
honbpcaa-1,normal
honlcnnb-1,normal
honpliko-1,normal
hoocinfk-1,normal
hoofjjho-1,normal
hooieakm-1,tumor
hoojndfl-1,normal
hoolmalo-1,tumor
hoonncfi-1,normal
hopaamif-1,normal
hopbhche-1,normal
hopdfohm-1,normal
hopgfpfe-1,normal
hopkonbm-1,normal
hopledli-1,normal
hoppboec-1,normal
hpabffbb-1,normal
hpadbclg-1,normal
hpahmhpp-1,normal
hpamllbj-1,normal
hpanpipc-1,tumor
hpbbjfkg-1,normal
hpbgiggp-1,normal
hpbpikbf-1,normal
hpccbloi-1,normal
hpccgelc-1,normal
hpcdohff-1,normal
hpcjlfkl-1,normal
hpckjkmm-1,normal
hpcliedg-1,normal
hpclmlof-1,normal
hpcmhajf-1,tumor
hpcmpokd-1,tumor
hpddifhm-1,tumor
hpdefamf-1,normal
hpdmbjom-1,tumor
hpeaajpb-1,normal
hpebeebf-1,normal
hpececlf-1,tumor
hpedhmdb-1,tumor
hpeienji-1,normal
hpepdidd-1,tumor
hpfaiiib-1,tumor
hpfpbhil-1,tumor
hpgbbgnj-1,normal
hpgchgjb-1,normal
hpgemlek-1,tumor
hpgfjcdg-1,normal
hpggdodh-1,normal
hphbapfa-1,tumor
hpheiehf-1,tumor
hphjhfph-1,tumor
hphnpjaf-1,tumor
hphpfdjj-1,normal
hpiapdap-1,tumor
hpifodcc-1,normal
hpikjlpf-1,normal
hpipngfi-1,normal
hpjdkili-1,normal
hpjeacjh-1,normal
hpjffipe-1,normal
hpkfgmkk-1,tumor
hpkhhmji-1,tumor
hpkikblp-1,normal
hpkjcmcp-1,normal
hpklbpje-1,normal
hpkmbjmd-1,normal
hpljbcbd-1,normal
hpljmdlm-1,normal
hplmpnfj-1,tumor
hplnghpj-1,tumor
hploajle-1,normal
hplonkio-1,normal
hpmbkoda-1,tumor
hpmpaeao-1,normal
hpmpldoh-1,normal
hpnbddgl-1,tumor
hpndhdam-1,tumor
hpnhgnie-1,tumor
hpnnojbn-1,tumor
hpnoiome-1,normal
hpobehcn-1,normal
hpoedgae-1,normal
hpofaeol-1,normal
hpohajkp-1,normal
hpombmle-1,normal
hppeaiad-1,normal
hppoabpj-1,tumor
hppocjeb-1,tumor
hppoehph-1,normal
iaaddfmd-1,normal
iaamlcme-1,tumor
iabablkh-1,normal
iabdeplb-1,normal
iabgdajg-1,tumor
iabhmmhj-1,tumor
iablpkhm-1,normal
iabomfpl-1,tumor
iabpocib-1,tumor
iacbbbdk-1,tumor
iacbbjmn-1,normal
iacdkjlj-1,tumor
iacdpgde-1,tumor
iacfmpkb-1,normal
iacgdeli-1,normal
iacgenld-1,normal
iadbggle-1,tumor
iadcikdm-1,tumor
iadhiccd-1,tumor
iadmbfhp-1,tumor
iadpkihi-1,normal
iaekaikp-1,tumor
iaekkmbi-1,tumor
iafcpnhb-1,normal
iafdclma-1,tumor
iafgankm-1,normal
iafgpdkg-1,tumor
iafkfchd-1,normal
iafohbhk-1,tumor
iafomcdo-1,normal
iafoojhb-1,normal
iagccjai-1,normal
iaghjpfi-1,tumor
iagibdea-1,tumor
iagjnaep-1,tumor
iagmpcjk-1,tumor
iagnmfea-1,tumor
iahglomg-1,normal
iahhehoc-1,normal
iahiigbh-1,normal
iahkiekn-1,tumor
iahmhbhg-1,tumor
iaigebdi-1,tumor
iaimhcmd-1,normal
iainnppe-1,tumor
iajdhhid-1,tumor
iajdpcak-1,tumor
iajealig-1,tumor
iajebmid-1,tumor
iajjkgnh-1,tumor
iajkiodk-1,tumor
iajlpohi-1,tumor
iakadaom-1,tumor
iakbefcb-1,tumor
iakcbcph-1,tumor
iakcodeo-1,tumor
iakjjpcj-1,tumor
iakncjhk-1,tumor
ialcomae-1,normal
ialignjm-1,normal
ialjjggn-1,normal
ialojkcd-1,tumor
ialopofk-1,normal
iambdmkp-1,tumor
iambohaa-1,tumor
iamfghnc-1,normal
iamhdncf-1,normal
iamidaik-1,tumor
iamocifm-1,tumor
ianbeclj-1,tumor
iannbgkd-1,tumor
iaochdmi-1,tumor
iaogmjjl-1,tumor
iaogoceo-1,tumor
iaoijldg-1,normal
iaolhlnj-1,tumor
iaphccmk-1,tumor
iaphkbmk-1,normal
iapikiec-1,normal
iapimnkj-1,normal
iapjcckm-1,normal
iapleohe-1,normal
iapobeni-1,normal
iappgnjl-1,normal
ibaanabm-1,tumor
ibaelllg-1,tumor
ibajapmd-1,tumor
ibajfimb-1,tumor
ibambhcm-1,normal
ibamfdoe-1,normal
ibamhfjm-1,tumor
ibbcbkjo-1,normal
ibbdldkf-1,tumor
ibbefmki-1,tumor
ibbfldag-1,tumor
ibbfllpl-1,normal
ibbfmeok-1,normal
ibbjlilb-1,normal
ibbkclae-1,tumor
ibbleadl-1,normal
ibblinan-1,normal
ibbpdjfo-1,normal
ibcdhcij-1,normal
ibcgogak-1,normal
ibchmjbd-1,normal
ibcmaahm-1,normal
ibcncakf-1,normal
ibcplfne-1,normal
ibcpmmlo-1,normal
ibdhmimf-1,normal
ibdhpenf-1,normal
ibdimnbg-1,tumor
ibdipjah-1,tumor
ibdmjgbg-1,tumor
ibdofhli-1,tumor
ibebhdfd-1,tumor
ibecmbdp-1,tumor
ibedmmbp-1,tumor
ibegklmo-1,tumor
ibegkpoo-1,normal
ibehonpg-1,normal
ibfdiffp-1,normal
ibfnpcjg-1,normal
ibfoobja-1,normal
ibfphimk-1,normal
ibglfjel-1,normal
ibhaohna-1,normal
ibhbbjbp-1,normal
ibhfebhb-1,normal
ibhihloj-1,normal
ibhlhiln-1,normal
ibhplgak-1,normal
ibiaoopn-1,normal
ibibpjgb-1,normal
ibifdmfi-1,normal
ibikeegk-1,normal
ibippnan-1,normal
ibjelgjb-1,normal
ibjgnglg-1,normal
ibjkejbp-1,normal
ibkajeii-1,normal
ibkanhgl-1,normal
ibkifmgb-1,normal
ibkljaig-1,tumor
ibknofab-1,normal
ibkoojml-1,tumor
iblaeimo-1,normal
iblbkbpf-1,normal
iblfagph-1,normal
iblkgplk-1,normal
iblkjmec-1,normal
ibmhbifn-1,normal
ibmidono-1,tumor
ibnbipom-1,normal
ibndeglk-1,normal
ibndpagj-1,normal
ibngjebp-1,normal
ibnhndmg-1,normal
ibnoakcf-1,tumor
ibocfpmf-1,tumor
iboepnmb-1,normal
ibomdghf-1,normal
iboonpao-1,normal
ibpajkab-1,normal
ibpbdmgc-1,normal
ibpeomkh-1,normal
ibplcgdg-1,tumor
icacjelg-1,normal
icadoihm-1,normal
icaifocl-1,normal
icakidho-1,normal
icbagamb-1,normal
iccbfomj-1,normal
iccdjjld-1,normal
iccijllk-1,normal
iccohjko-1,normal
icddeofa-1,normal
icddocok-1,normal
icdjjbnb-1,tumor
icdlfpge-1,normal
icdlpbfn-1,tumor
iceaaggl-1,tumor
icefolfh-1,normal
icekkkbm-1,normal
icfccgji-1,normal
icfdjdff-1,tumor
icffjbhf-1,normal
icfgilgj-1,normal
icfgohba-1,normal
icfhdnkf-1,normal
icfhmega-1,normal
icfmlmac-1,normal
icfppkaa-1,normal
icgbnade-1,normal
icgjdpim-1,normal
icgkgnco-1,normal
ichbcjhm-1,normal
ichbkmek-1,normal
ichicajc-1,normal
ichinjgj-1,normal
ichkmmlj-1,normal
ichlpgmk-1,normal
iciajkdg-1,normal
icigaihh-1,normal
icigmhff-1,normal
iciihfjm-1,normal
icjaapjo-1,normal
icjaihbd-1,normal
icjcpkfj-1,tumor
icjfmann-1,normal
ickagcck-1,normal
ickebnap-1,normal
ickjdfkk-1,normal
ickljcfa-1,tumor
icknebmb-1,normal
ickobgop-1,normal
icldbgmn-1,normal
iclhboom-1,normal
iclmeomb-1,tumor
iclmklnb-1,normal
iclpigmo-1,normal
iclpipjd-1,normal
icmeceae-1,tumor
icmemmbi-1,tumor
icmjgcoh-1,tumor
icmmdoel-1,tumor
icnbengp-1,tumor
icnefkfe-1,tumor
icnellhb-1,normal
icnfpjhc-1,tumor
icngnifj-1,tumor
icniacop-1,tumor
icoacmij-1,tumor
icocdjfl-1,tumor
icogiiec-1,tumor
icojgdac-1,tumor
icommngj-1,normal
icpimebd-1,normal
icpimeeg-1,tumor
icpkgkno-1,tumor
icpmcjae-1,tumor
idacflij-1,tumor
idadbagi-1,tumor
idadocji-1,tumor
idafadcm-1,tumor
idagloic-1,tumor
idakenhc-1,normal
idakoikj-1,normal
idannfdl-1,normal
idaoncoh-1,normal
idbbdddo-1,tumor
idbdenfo-1,tumor
idbejlkc-1,normal
idbgnjhl-1,tumor
idbjfdan-1,tumor
idbogieb-1,normal
idbohgfi-1,normal
idcfmlmj-1,normal
idcgiage-1,normal
idciddij-1,normal
idciomkk-1,normal
idcjfeof-1,normal
idckfmdb-1,normal
idcldlap-1,normal
idclheme-1,normal
idcngppb-1,normal
idcnjnjj-1,normal
idcpienk-1,normal
iddajnpk-1,tumor
iddilplp-1,normal
iddnedjf-1,normal
idebanng-1,tumor
idebkgfh-1,normal
idefglkp-1,normal
idegaeng-1,tumor
idelngji-1,normal
idenplfh-1,normal
ideodgjp-1,normal
idephpco-1,normal
idfbkoaa-1,normal
idfgiiip-1,normal
idfhfaii-1,normal
idfnjkbi-1,normal
idfooodg-1,tumor
idfpfbmb-1,normal
idgakbfj-1,normal
idgbdbbo-1,normal
idgiagoh-1,normal
idgiofkl-1,normal
idgkigec-1,normal
idgoeial-1,normal
idhgdkji-1,normal
idhkleco-1,normal
idhnfcjg-1,normal
idhnodaj-1,tumor
idhobhbd-1,normal
idiangnp-1,tumor
idicgibf-1,normal
idickhbo-1,normal
idifelbh-1,normal
idigppnn-1,normal
idijffbm-1,normal
idimabjf-1,normal
idjadbhh-1,normal
idjbooig-1,normal
idjcjepj-1,normal
idjcpien-1,normal
idjnejno-1,normal
idkedmnf-1,tumor
idkhhhcm-1,tumor
idkmojoa-1,normal
idknbnpa-1,normal
idknlejj-1,normal
idknpfgp-1,normal
idlcihle-1,normal
idlejjoh-1,normal
idlenibi-1,normal
idlmbidc-1,tumor
idlphkma-1,tumor
idlpnnjo-1,tumor
idmcplof-1,normal
idmekhnm-1,normal
idmfmcll-1,tumor
idmikagj-1,normal
idmnjdne-1,normal
idmolpbn-1,tumor
idmpbajm-1,normal
idmpmkfk-1,normal
idmpnhne-1,normal
idnbeifc-1,tumor
idncikap-1,normal
idoacpjf-1,tumor
idocmgmg-1,tumor
idofdclc-1,normal
idokoodi-1,normal
idolpcla-1,normal
idonjaif-1,normal
idoonogi-1,normal
idpdbfje-1,tumor
idpdeijg-1,tumor
idpehaoh-1,tumor
idpomibl-1,normal
ieafdeen-1,tumor
ieafliil-1,normal
ieagiebc-1,normal
ieaidnjj-1,tumor
iealakli-1,normal
ieamelkj-1,normal
iebbbhil-1,normal
iebbfelh-1,normal
iebhboli-1,normal
iebioohl-1,tumor
iebomnni-1,normal
ieccjkbg-1,tumor
ieccjlkj-1,normal
iecfhphd-1,normal
iecgfhhp-1,normal
ieclcgjh-1,tumor
iecledbp-1,normal
iecmgljh-1,normal
iecoohbe-1,normal
iecpkajm-1,tumor
iedfocpd-1,tumor
iedhdfbo-1,normal
iedjlggl-1,normal
iedobfin-1,normal
iedodokk-1,normal
ieecaojh-1,normal
ieeeanha-1,normal
ieeefgpk-1,normal
ieehconk-1,normal
ieemeakl-1,normal
ieemlcho-1,tumor
iefadhfh-1,normal
iefdhdmb-1,tumor
iefdkflf-1,normal
ieflijcl-1,normal
iegcapog-1,normal
iegcmdhb-1,tumor
iegdpmjc-1,normal
iegjigfc-1,normal
iegleeod-1,normal
iegnpbml-1,normal
iehannch-1,normal
iehbkahk-1,normal
iehcnjdn-1,normal
iehogpmc-1,normal
iehompad-1,normal
ieiaoipi-1,normal
ieihbnkl-1,normal
ieilgadp-1,normal
ieilingp-1,normal
ieimmbkg-1,normal
iejbiloh-1,normal
iejjaica-1,normal
iekabmgj-1,normal
iekcjbmm-1,normal
iekhihdg-1,normal
iekimknh-1,normal
iekjeddf-1,normal
iekjgdoe-1,normal
iekkohon-1,normal
ieknlgik-1,normal
ielfbejh-1,normal
ielgccdk-1,normal
ielmning-1,normal
ieloiemn-1,normal
iemdgkcl-1,normal
iemlbeab-1,normal
iemmhggl-1,normal
iemmplgg-1,normal
iengfaek-1,normal
ienggagd-1,normal
ienijfcb-1,normal
ieoadamc-1,normal
ieobfnag-1,normal
ieocpaip-1,normal
ieohafjf-1,normal
ieombdbj-1,normal
ieomcnji-1,normal
ieopoold-1,normal
iepaeamh-1,normal
iepbdilc-1,tumor
iepdehni-1,normal
iepmiahe-1,normal
ieppgmpc-1,normal
ifaeaene-1,normal
ifbckadp-1,normal
ifbfcpac-1,normal
ifbfpafn-1,normal
ifbgocgj-1,normal
ifbkangl-1,normal
ifbligel-1,normal
ifbohlna-1,normal
ifcabbaa-1,normal
ifccnflb-1,normal
ifcglneh-1,normal
ifdekfje-1,normal
ifdfgpgd-1,normal
ifdhdkao-1,normal
ifdiflla-1,normal
ifdkophd-1,normal
ifdofeko-1,normal
ifeejdej-1,normal
ifeicpji-1,normal
ifekepnh-1,normal
ifemjndi-1,normal
iffidkgc-1,normal
iffjmaof-1,normal
ifgemfba-1,normal
ifggbego-1,normal
ifggljpb-1,normal
ifgjince-1,normal
ifgmdadp-1,normal
ifgocdfc-1,normal
ifhbjamj-1,normal
ifheapem-1,normal
ifhhkigm-1,normal
ifhlpibk-1,normal
ifhmdncj-1,normal
ifhmjecf-1,normal
ifiaellk-1,normal
ifiboooj-1,normal
ificklpk-1,normal
ifidhabp-1,normal
ifidijfl-1,normal
ifidnkgi-1,normal
ififcoca-1,normal
ifiiabpg-1,normal
ifijgooe-1,tumor
ifinmjnp-1,tumor
ifioadmi-1,tumor
ifjbdoci-1,tumor
ifjclkdi-1,normal
ifjdcijp-1,tumor
ifjhjbin-1,normal
ifjmghop-1,normal
ifjpcoof-1,tumor
ifkamhai-1,tumor
ifkenkco-1,normal
ifkicchg-1,normal
iflaefan-1,tumor
iflfmifc-1,normal
iflgjhcm-1,normal
iflmdinl-1,normal
ifmblhpk-1,normal
ifmcdbgf-1,normal
ifmcfmmg-1,normal
ifmhllhg-1,normal
ifmiokkl-1,tumor
ifmjcnof-1,normal
ifmjmihh-1,normal
ifmmjpfe-1,normal
ifmnlnmp-1,normal
ifndklbc-1,normal
ifnfbdfn-1,normal
ifnfmhjg-1,normal
ifngokkb-1,normal
ifniacgi-1,normal
ifnlpkjb-1,normal
ifobbpji-1,normal
ifoenemg-1,normal
ifofkndi-1,normal
ifoflbic-1,normal
ifomancj-1,normal
ifomgmmn-1,normal
ifpegdcf-1,normal
ifpfckcn-1,normal
ifplogkb-1,normal
igadjgee-1,normal
igaehaem-1,normal
igaeneda-1,normal
igafbffj-1,normal
igaienho-1,normal
igajdnki-1,normal
igajgdpm-1,normal
igalmenl-1,normal
igamidck-1,normal
igbdpceo-1,normal
igbfbnbn-1,normal
igbfiape-1,normal
igbndcaa-1,normal
igcaiain-1,tumor
igcckomk-1,normal
igcdakke-1,normal
igcdehhe-1,normal
igcjihml-1,normal
igcledmb-1,normal
igddiceo-1,normal
igddnppe-1,normal
igddoaja-1,tumor
igdgbbcf-1,normal
igdiajof-1,normal
igdladaa-1,normal
igdlblkb-1,normal
igdligin-1,normal
igdnealp-1,normal
igebjmpa-1,normal
igecjepm-1,normal
igeckdfb-1,normal
igedpakl-1,normal
igehidhg-1,normal
igehkjmp-1,normal
igeibiph-1,normal
igffbngl-1,normal
igfglapo-1,normal
igfhmgif-1,normal
igfhmipf-1,normal
igfihhed-1,normal
igfinbec-1,normal
igfjakcj-1,normal
iggbbnbc-1,normal
iggenpie-1,tumor
iggglohc-1,normal
igghelfg-1,tumor
igghplmg-1,normal
iggibdkp-1,normal
iggkbeog-1,normal
iggkckjh-1,normal
iggnmamd-1,normal
ighapncp-1,normal
ighgoicm-1,tumor
ighhmfef-1,tumor
ighijlkk-1,tumor
ighipkhd-1,tumor
ighjdleb-1,tumor
ighjgmko-1,tumor
ighjphhh-1,normal
ighkdpkf-1,normal
ighkooel-1,normal
ighpoklg-1,normal
igiajgol-1,normal
igidghli-1,normal
igieolhg-1,normal
igigdaka-1,normal
igikedbl-1,normal
igioealo-1,normal
igipekkn-1,normal
igjbckfg-1,normal
igjdlhld-1,normal
igjgejbb-1,normal
igjpoklj-1,normal
igkahfgm-1,normal
igkcdinl-1,normal
igkddgfn-1,tumor
igkgklkm-1,tumor
igkgonfk-1,normal
igkhimlg-1,tumor
igkjofmg-1,normal
igkphbmh-1,normal
igldfalb-1,normal
igmbcknj-1,normal
igmhmbol-1,normal
igmkdbma-1,normal
igmmpidi-1,normal
igmokkkp-1,normal
ignenhpp-1,normal
ignjphic-1,tumor
ignmpgcb-1,normal
ignplamg-1,normal
igoijfip-1,normal
igomdgae-1,normal
igpfhoml-1,normal
ihagjpjg-1,normal
ihaifokp-1,tumor
ihalelbc-1,normal
ihamaaip-1,normal
ihaombff-1,normal
ihbcmjjj-1,normal
ihbddgpl-1,normal
ihbfmkid-1,normal
ihbgfibk-1,normal
ihbkecbm-1,normal
ihcglahl-1,tumor
ihchjagg-1,normal
ihchmkkk-1,normal
ihcihoil-1,normal
ihcjmidl-1,normal
ihckogib-1,normal
ihcldomp-1,normal
ihcnegng-1,normal
ihcoking-1,normal
ihcpblfj-1,normal
ihdakfhd-1,normal
ihdbgmae-1,normal
ihdeanop-1,normal
ihdfaaci-1,tumor
ihdipkdn-1,normal
ihdnagdj-1,normal
ihecbjld-1,normal
iheikjeb-1,normal
ihelcgeh-1,normal
ihfbemap-1,normal
ihfflhek-1,normal
ihfgnmpe-1,normal
ihflkfmn-1,normal
ihflliaa-1,normal
ihfloehk-1,normal
ihgafjik-1,normal
ihgegmdh-1,normal
ihgenpje-1,normal
ihgflchb-1,normal
ihgihhng-1,normal
ihglknbk-1,normal
ihhbfpfk-1,normal
ihhencgf-1,normal
ihhhodic-1,normal
ihhmfcin-1,normal
ihhmpcme-1,tumor
ihhpnkhk-1,tumor
ihidacij-1,tumor
ihigkeod-1,normal
ihilefna-1,normal
ihjfalgi-1,normal
ihjpgddl-1,normal
ihkacnfj-1,normal
ihkgjaea-1,normal
ihkgjdhf-1,normal
ihkklpdd-1,normal
ihknmamb-1,normal
ihlmmihe-1,normal
ihmancgk-1,normal
ihmnondf-1,normal
ihnbgjhl-1,normal
ihndccoa-1,normal
ihnfgdnp-1,normal
ihnhoajn-1,normal
ihnjneml-1,normal
ihnjojmp-1,normal
ihnmemok-1,normal
ihnnkmjl-1,normal
ihoaalbp-1,normal
ihoejmad-1,normal
ihpbjlib-1,normal
ihpdnlha-1,normal
ihpipcae-1,normal
ihpjflog-1,normal
ihpkcgkj-1,normal
ihpmihgl-1,tumor
iiabpcma-1,normal
iiadbggm-1,tumor
iiadooco-1,normal
iiafgepe-1,tumor
iiagackj-1,normal
iiajgdkk-1,normal
iianhjel-1,normal
iiapgfci-1,tumor
iibacnnh-1,normal
iibeghfo-1,normal
iibghfja-1,normal
iibhcadf-1,normal
iibnkfaf-1,normal
iibnkmem-1,normal
iibpjikj-1,normal
iicdhjcf-1,normal
iicfemag-1,normal
iicffkih-1,normal
iicgbbjk-1,normal
iicgkmia-1,tumor
iickhbob-1,normal
iicklogn-1,normal
iidbnnhj-1,normal
iidbomdg-1,normal
iidfckei-1,tumor
iidfcodb-1,tumor
iidgmbpb-1,tumor
iidigooc-1,tumor
iidiidaa-1,tumor
iidkchel-1,tumor
iidmbjon-1,tumor
iidoajpd-1,tumor
iidojodg-1,tumor
iidpdemh-1,tumor
iiejfmkc-1,normal
iiekgldf-1,tumor
iieoagna-1,tumor
iifcbeai-1,tumor
iifeafia-1,tumor
iifgmgbd-1,tumor
iifjgmhp-1,tumor
iiflcgnm-1,normal
iiflkned-1,normal
iifmjglh-1,tumor
iifpnoaa-1,tumor
iigccnlp-1,tumor
iigcdppa-1,tumor
iigcficp-1,tumor
iigefmfn-1,tumor
iiggclii-1,tumor
iigjfpbf-1,tumor
iiglpffe-1,tumor
iigppacc-1,normal
iihcfehf-1,tumor
iihejllk-1,tumor
iihhignd-1,normal
iihjlcea-1,tumor
iihndmji-1,tumor
iiiamhdc-1,normal
iiibmlgm-1,tumor
iiijfblb-1,tumor
iiipapea-1,tumor
iijdielf-1,normal
iijiiahp-1,normal
iijkkjdk-1,normal
iijmnkgp-1,normal
iijolbdl-1,normal
iikajann-1,normal
iikcaaac-1,normal
iikdjmok-1,normal
iikfngkc-1,normal
iikgfpkg-1,normal
iikhigal-1,normal
iikimdnd-1,normal
iikmgfea-1,tumor
iikngdnm-1,normal
iikpmfml-1,normal
iilggeei-1,normal
iilnbicl-1,normal
iilogcep-1,normal
iilppebl-1,normal
iimcflpa-1,normal
iimiiebn-1,normal
iimldcfb-1,normal
iimnooge-1,normal
iindmaae-1,normal
iinjgdin-1,normal
iinmcfcc-1,normal
iioaidee-1,normal
iiobbggm-1,normal
iiodklfm-1,normal
iioeiadd-1,normal
iiophnnc-1,tumor
iipckifa-1,normal
iipfdndd-1,normal
iipkdjkm-1,tumor
iipldhhl-1,tumor
iipnobed-1,tumor
ijafahfc-1,tumor
ijagehni-1,normal
ijamdaoc-1,tumor
ijamkjml-1,tumor
ijbggpfc-1,normal
ijbgkdef-1,normal
ijblikmg-1,normal
ijblniek-1,normal
ijbphjjc-1,normal
ijchabim-1,normal
ijcjdcfj-1,normal
ijcnohmh-1,normal
ijdaeebb-1,normal
ijdgiafi-1,normal
ijdilnjc-1,normal
ijecdckc-1,tumor
ijeodpff-1,normal
ijfbijgn-1,normal
ijfgdlgh-1,normal
ijfmffno-1,tumor
ijgbmkho-1,normal
ijggnalj-1,tumor
ijghmcpg-1,normal
ijgnpaom-1,normal
ijgpjmjk-1,normal
ijhdockf-1,normal
ijhepnnk-1,tumor
ijhkncaf-1,normal
ijhldodn-1,normal
ijhlpfll-1,normal
ijhlpmpb-1,tumor
ijiaglpc-1,tumor
ijiakdci-1,normal
ijjbekld-1,normal
ijjhoglg-1,normal
ijjlcfmd-1,normal
ijjpkhhk-1,normal
ijkcdnlp-1,normal
ijkdnpbp-1,normal
ijkekdap-1,normal
ijkhdnih-1,tumor
ijkkahbe-1,tumor
ijkodjhk-1,tumor
ijkomihm-1,normal
ijkpgoko-1,normal
ijldcfoa-1,normal
ijlgneko-1,normal
ijlofokj-1,tumor
ijmahejp-1,normal
ijmcmllc-1,normal
ijmeljlc-1,normal
ijmeohgi-1,normal
ijnconbh-1,normal
ijnndpdc-1,normal
ijnpocpb-1,normal
ijokojgp-1,normal
ijomhkhb-1,normal
ijooagid-1,normal
ijpemjpd-1,normal
ijpikiod-1,normal
ikaekfep-1,normal
ikahknni-1,tumor
ikajemoa-1,tumor
ikakadlo-1,normal
ikakeepf-1,normal
ikanbcnk-1,normal
ikbaaooe-1,tumor
ikbgjbje-1,normal
ikbkchfp-1,normal
ikbpccdk-1,normal
ikcbalcg-1,normal
ikcdlamn-1,normal
ikcikcjf-1,tumor
ikcimllf-1,normal
ikcmikmd-1,normal
ikdbopif-1,normal
ikddcgkk-1,normal
ikddocfp-1,normal
ikdebcfh-1,normal
ikdemggp-1,normal
ikdiibpd-1,normal
ikdikfma-1,normal
ikdpkalj-1,normal
ikeanomf-1,normal
ikelapbd-1,tumor
ikepfclp-1,normal
ikepkgbn-1,normal
ikfffepn-1,normal
ikffmmcf-1,tumor
ikfhhdpo-1,normal
ikflfepk-1,normal
ikfmnnhg-1,normal
ikfopdco-1,normal
ikfpjobl-1,tumor
ikgcijpb-1,tumor
ikgdeegi-1,tumor
ikggdhod-1,tumor
ikglbbhc-1,normal
ikgmclih-1,normal
ikhjbcbe-1,normal
ikhnhddb-1,normal
ikhpookc-1,tumor
ikibimba-1,tumor
ikibodip-1,normal
ikihahpk-1,normal
ikipnddm-1,normal
ikjijmnp-1,normal
ikjncpcm-1,normal
ikjogila-1,normal
ikkbllbf-1,normal
ikkdpnec-1,normal
ikkganji-1,normal
ikkgklcd-1,tumor
ikklljae-1,normal
ikkpjkcn-1,normal
ikljakmd-1,normal
iklpfgck-1,normal
ikmfocpc-1,normal
ikmhklon-1,normal
ikmhnkmk-1,normal
ikmicmcf-1,normal
iknhlbpf-1,normal
iknliahp-1,normal
iknnmbnd-1,normal
ikoboohe-1,normal
ikofbmmd-1,normal
ikpgpkcd-1,tumor
ikplmmlg-1,normal
ilabjakn-1,normal
ilaclgld-1,normal
ilaeamen-1,normal
ilakepmo-1,normal
ilanpmob-1,normal
ilaoaieg-1,normal
ilbahiij-1,normal
ilbgndon-1,normal
ilblgldm-1,normal
ilbpdggc-1,normal
ilbpeohg-1,normal
ilcakmkl-1,normal
ilcbfeci-1,normal
ilccefem-1,normal
ilcddogk-1,normal
ilcfoncn-1,normal
ilcgnbkn-1,normal
ilcmgeae-1,normal
ilcnanod-1,normal
ilcnngnj-1,normal
ildggddk-1,tumor
ildinlkp-1,normal
ildnmjlj-1,normal
ildnolga-1,normal
ileajieg-1,normal
ilebdomd-1,normal
ilecgljk-1,normal
ilededei-1,normal
ileifpbe-1,normal
ilemlpaa-1,normal
ilepkphj-1,normal
ilfadgio-1,normal
ilfcaihj-1,normal
ilfcakdi-1,normal
ilfhalio-1,normal
ilflliej-1,normal
ilgepfnh-1,normal
ilgmnkgc-1,normal
ilhblaje-1,normal
ilhjclgp-1,normal
ilhkpbfg-1,tumor
ilibhekg-1,normal
ilibkmje-1,normal
iliceifp-1,normal
iliebpjm-1,normal
iliefojc-1,normal
iliejeeh-1,normal
ilihecjb-1,normal
ilihiilp-1,tumor
ilihlaeb-1,normal
iliigfgp-1,normal
ilikifdc-1,normal
ililalgm-1,normal
iljdljam-1,normal
iljgjgfb-1,normal
iljglold-1,tumor
iljhmpgl-1,normal
iljhohob-1,normal
iljijoio-1,normal
iljjbfdo-1,normal
iljkjefl-1,normal
iljkoncm-1,normal
iljpljon-1,normal
ilkbnldc-1,normal
ilkglidf-1,normal
ilknlifa-1,normal
illfgplb-1,normal
illingph-1,normal
illjmdpo-1,normal
illnkbdd-1,normal
illodgcj-1,normal
ilmbjnap-1,normal
ilmdgkea-1,normal
ilnhmpdp-1,normal
iloeonad-1,normal
ilofclgg-1,normal
ilofeoao-1,normal
iloijdkc-1,normal
iloimnka-1,normal
ilonndle-1,tumor
ilpcembn-1,tumor
ilpchnpb-1,normal
ilpfgpjp-1,tumor
ilpjboha-1,tumor
ilpldohi-1,tumor
ilpogfbb-1,tumor
imakihfc-1,normal
imamnafg-1,normal
imbcolgb-1,tumor
imbkjocb-1,tumor
imblglho-1,tumor
imbnfpke-1,tumor
imbonbda-1,tumor
imbpdipd-1,normal
imcbibob-1,normal
imcfinel-1,tumor
imcgclae-1,tumor
imchahbb-1,normal
imcpbnaf-1,tumor
imdagmak-1,normal
imdfbpfg-1,tumor
imdfgddn-1,tumor
imdflkaj-1,tumor
imdjoaaj-1,tumor
imdnkibd-1,tumor
imdpjhji-1,tumor
imeabaed-1,normal
imebhcom-1,normal
imedkhop-1,tumor
imegkplj-1,tumor
imelncno-1,tumor
imememej-1,tumor
imemmama-1,tumor
imenfebf-1,tumor
imepngml-1,tumor
imfbbnnl-1,normal
imfdhdhh-1,normal
imfdholc-1,tumor
imfeeobc-1,tumor
imffdcal-1,tumor
imfgnmea-1,tumor
imfimgif-1,tumor
imfipimb-1,tumor
imfjbpjd-1,normal
imgaclgj-1,tumor
imhelilh-1,normal
imhkoeco-1,normal
imhlikge-1,tumor
imhmkinj-1,tumor
imhpkblm-1,tumor
imiahnco-1,tumor
imiebpel-1,normal
imieiaam-1,tumor
imioakin-1,tumor
imjbepid-1,tumor
imjbiefk-1,normal
imjegknh-1,normal
imjfeicp-1,normal
imjgidpl-1,tumor
imjiogkj-1,normal
imjjknbk-1,normal
imjlaneo-1,tumor
imjmndde-1,tumor
imjmpnge-1,tumor
imjngojl-1,tumor
imkcjadf-1,tumor
imkejpjo-1,tumor
imkhpcbl-1,tumor
imkilgim-1,tumor
imkldphp-1,tumor
imkpbbah-1,tumor
imlbdgba-1,tumor
imlbgepj-1,normal
imlchpld-1,tumor
imldieon-1,tumor
imldonjc-1,normal
imljejhp-1,tumor
imlpelgl-1,tumor
immcjmbg-1,tumor
immhpjff-1,tumor
immingkn-1,tumor
immjolci-1,tumor
immlagch-1,tumor
imnaaijb-1,tumor
imnacajj-1,tumor
imnepdfj-1,tumor
imnldnhk-1,tumor
imnnblio-1,tumor
imnpehff-1,tumor
imnpjhff-1,normal
imojonjj-1,normal
imomjgcd-1,normal
imoofcaa-1,tumor
impaplii-1,tumor
impccijo-1,tumor
impcpjfa-1,tumor
impgbjnj-1,tumor
impgfehp-1,tumor
imphimlf-1,tumor
impifkmb-1,tumor
impmndhk-1,normal
imppoifg-1,normal
inahoddp-1,normal
inbecccb-1,normal
inbfkhkd-1,normal
inbfkkcb-1,normal
inbihjci-1,normal
inbkdmod-1,tumor
inblpfdb-1,tumor
incblgag-1,tumor
incglofh-1,tumor
inckdpgb-1,tumor
incmggmk-1,normal
indcgbla-1,tumor
inddinjk-1,tumor
indfbicb-1,normal
indjggdl-1,normal
indnfapf-1,normal
indnfipf-1,tumor
indpgpbf-1,tumor
ineamgae-1,normal
ineibcki-1,normal
inekmlfi-1,normal
inemigja-1,normal
inffhknj-1,normal
ingdnnhf-1,normal
ingepocf-1,tumor
inggggbf-1,tumor
inghclpe-1,normal
ingkfdca-1,normal
ingknhhk-1,normal
inhbmnag-1,normal
inhhkdji-1,tumor
inhkolnh-1,normal
inhoohaa-1,normal
inihblek-1,normal
inikbbdd-1,normal
ininmpjl-1,tumor
injellgn-1,normal
injllmnj-1,normal
inkbalhl-1,normal
inkdfdaf-1,normal
inkdkgdg-1,normal
inkfjfah-1,normal
inkgnlee-1,normal
inklkmaj-1,normal
inkmbdko-1,normal
inlfimma-1,normal
inlglnpo-1,tumor
inljnbin-1,normal
inljpcbp-1,normal
inlklice-1,normal
inlnlljj-1,normal
inmbmgpk-1,tumor
inmhfakn-1,tumor
inmlnkea-1,tumor
inmmelme-1,tumor
inmnmgae-1,tumor
inmomlko-1,tumor
inndefkg-1,tumor
innidojf-1,tumor
inniebdm-1,normal
innjjolb-1,normal
innkhpfc-1,normal
innnhdjn-1,normal
inoaafln-1,normal
inoajgaa-1,normal
inoeoljo-1,normal
inofmgpg-1,normal
inohplnf-1,normal
inpaocio-1,tumor
inpgkplg-1,tumor
inpilkho-1,tumor
inpmbibl-1,tumor
inponajm-1,tumor
ioagpdlm-1,normal
ioajmkne-1,normal
ioambflh-1,tumor
ioamgdao-1,normal
iobaknbi-1,normal
iobcgbni-1,normal
iobfjljh-1,normal
iobicghi-1,normal
iobielem-1,normal
iockpaoe-1,tumor
iocodmhd-1,normal
iodjikbb-1,normal
iodjlfhe-1,normal
iodmhhol-1,tumor
ioegefcj-1,normal
ioegmnfa-1,normal
iofhdlcb-1,normal
iogobhec-1,tumor
iogpkhfn-1,normal
iohafbhj-1,normal
iohaoecc-1,tumor
iohdkaok-1,normal
ioieihmo-1,normal
ioijijmd-1,normal
iokelkdk-1,normal
iokfjjdg-1,normal
iokgiokj-1,tumor
iokihmkl-1,normal
iokinnbi-1,tumor
ioldkbbb-1,normal
iolfngcm-1,normal
iolgmkmk-1,normal
iolippoe-1,normal
iolmclfb-1,normal
iomjmced-1,tumor
iomojhfo-1,tumor
ionbbabb-1,tumor
ionbokad-1,tumor
ionefifa-1,tumor
iongifho-1,normal
iongpdoa-1,tumor
ioniodab-1,tumor
ionldgdp-1,tumor
iooaedak-1,tumor
ioobjhkg-1,tumor
iooejaci-1,tumor
iooejfnf-1,normal
iooepaff-1,tumor
ioognnga-1,normal
iooiilne-1,normal
iooombed-1,normal
iopbjojh-1,normal
iopcapah-1,normal
iopencee-1,normal
iopfebhi-1,normal
iopgjoej-1,normal
iophhohb-1,normal
iopkdbkn-1,normal
ipaaddgh-1,normal
ipabfdcd-1,normal
ipaepngi-1,normal
ipagooal-1,normal
ipainila-1,normal
ipajneec-1,normal
ipakffna-1,normal
ipaknlab-1,normal
ipamkaig-1,normal
ipaoeloi-1,normal
ipaofhhh-1,normal
ipaogfbn-1,normal
ipaopfab-1,normal
ipbbefjp-1,normal
ipbcdokk-1,normal
ipbdboko-1,normal
ipbebabl-1,normal
ipbgppee-1,normal
ipbhcdkc-1,normal
ipbopgmj-1,normal
ipcdbibf-1,normal
ipcfinfg-1,normal
ipcphgjc-1,normal
ipdgffac-1,normal
ipdidaod-1,normal
ipdiokmc-1,normal
ipdodfik-1,normal
ipededmf-1,normal
ipejaaia-1,normal
ipepnkke-1,normal
ipfblell-1,normal
ipffeebe-1,normal
ipfgcmmo-1,normal
ipfikhjb-1,normal
ipfjidkn-1,normal
ipfjjddd-1,normal
ipfmmlfj-1,normal
ipfngpdb-1,normal
ipfobnfo-1,normal
ipgjhnhm-1,normal
ipgljdak-1,normal
iphaalfa-1,normal
iphfbfmj-1,normal
iphpmjbm-1,normal
ipibldge-1,normal
ipicenmh-1,normal
ipidofcn-1,normal
ipieejgj-1,normal
ipimpoha-1,normal
ipinmnpf-1,normal
ipiodbhm-1,tumor
ipiodomb-1,normal
ipjckdei-1,normal
ipjjnhjj-1,normal
ipjmbbjn-1,normal
ipjpcidf-1,normal
ipkajakb-1,normal
ipkcdcpn-1,normal
ipkfkfjk-1,normal
ipkflffe-1,normal
ipkiclon-1,normal
ipkmboop-1,normal
ipknjnaj-1,normal
iplaoklf-1,normal
iplcggee-1,normal
iplhdbjd-1,normal
iplnakji-1,normal
iplphlep-1,normal
ipmhgceh-1,normal
ipmkaima-1,normal
ipmnapbm-1,normal
ipmnikok-1,normal
ipncmpdh-1,normal
ipneloml-1,normal
ipngdacp-1,normal
ipocbcni-1,normal
ipodbiai-1,normal
ipodklmc-1,normal
ipohpbad-1,normal
ipppdmkf-1,normal
jaafabei-1,normal
jaalhjld-1,normal
jabcbmlc-1,normal
jabglkmh-1,normal
jabhgcmc-1,normal
jabifjoc-1,normal
jabimabn-1,normal
jaboccjn-1,normal
jacaofoi-1,normal
jacccmnd-1,normal
jaccmfed-1,normal
jacgklhl-1,normal
jacihoad-1,normal
jacjbdjj-1,normal
jacpccac-1,normal
jadbhjkk-1,normal
jadceemm-1,normal
jadececc-1,normal
jadfleec-1,normal
jadjakkf-1,normal
jaeghaka-1,normal
jafbilej-1,normal
jafgmlde-1,normal
jafgnmee-1,normal
jafnpaea-1,normal
jafojklj-1,normal
jagbeiek-1,normal
jagdepln-1,normal
jagndjbh-1,normal
jagoedjb-1,normal
jagpaeje-1,normal
jahcikhh-1,normal
jahdnomc-1,normal
jahhkihd-1,normal
jahmmndd-1,normal
jaholkoi-1,normal
jahpbeho-1,normal
jaibncio-1,normal
jaidpabf-1,normal
jaiiimbc-1,tumor
jaiijdih-1,tumor
jaikhmon-1,tumor
jailamnc-1,tumor
jaiocdbh-1,tumor
jajfolfd-1,tumor
jajhfiic-1,tumor
jajhnbdc-1,tumor
jajildii-1,normal
jajkflej-1,tumor
jajmkpol-1,normal
jajpnilf-1,normal
jakamnfo-1,normal
jakbhfbo-1,normal
jakcedob-1,normal
jakgnnlm-1,normal
jakhidbm-1,normal
jaklogae-1,normal
jaknhnhb-1,normal
jalcejhc-1,normal
jalcfmog-1,normal
jaleoeal-1,normal
jalmdhaj-1,normal
jalpljkn-1,normal
jamenknj-1,normal
jamfmjnh-1,normal
jamiemco-1,normal
jamjcnec-1,normal
jamjgolh-1,normal
jampeocm-1,normal
jandcjej-1,normal
janeegbg-1,normal
jangljap-1,normal
janjkfjp-1,tumor
janphjci-1,normal
jaohlcan-1,tumor
jaoioael-1,normal
jaojbgam-1,normal
jaojkcmk-1,normal
jaolgjmb-1,normal
jaommbco-1,normal
jaondhjl-1,normal
jaoohbff-1,tumor
japhdadd-1,tumor
japkobni-1,tumor
japlpben-1,tumor
japonfcg-1,normal
jappbhfo-1,tumor
jbagdmfg-1,normal
jbamdcfa-1,normal
jbamjpea-1,tumor
jbaofaee-1,tumor
jbbamomc-1,normal
jbbcgogn-1,normal
jbbibjap-1,normal
jbbjieaj-1,normal
jbbkciff-1,normal
jbbmkfmf-1,normal
jbbnnpjp-1,normal
jbcelnjp-1,normal
jbcfapol-1,normal
jbcfnaje-1,normal
jbclbbhi-1,normal
jbclkjae-1,normal
jbclmkdb-1,normal
jbcnnahm-1,normal
jbcnnkpp-1,normal
jbcpafhc-1,normal
jbdabckc-1,normal
jbdapkle-1,normal
jbdbhmoe-1,normal
jbdekilk-1,normal
jbdihdlh-1,normal
jbdmiajj-1,normal
jbdnblfp-1,normal
jbdoakge-1,normal
jbeadmjk-1,normal
jbeaibbi-1,normal
jbedgcga-1,normal
jbefkhkj-1,tumor
jbennabe-1,normal
jbeojfkc-1,normal
jbfcpeao-1,normal
jbfdedkb-1,normal
jbfdkhhd-1,normal
jbfgkkai-1,normal
jbfkinaf-1,normal
jbgdpljd-1,normal
jbggbfeh-1,normal
jbgigiab-1,normal
jbgmbdlh-1,normal
jbgpiokp-1,normal
jbhdkffj-1,normal
jbhjdkbg-1,normal
jbhlmlaj-1,normal
jbiafphj-1,normal
jbibpklg-1,normal
jbignmkp-1,normal
jbjecfbl-1,normal
jbjfaeio-1,normal
jbjgpgmc-1,normal
jbjhagci-1,normal
jbjionpf-1,normal
jbjjdogj-1,normal
jbkenfpe-1,normal
jbkijofh-1,normal
jbkkpflh-1,normal
jbkoipcl-1,normal
jblembbo-1,normal
jbliafpf-1,normal
jblkkbhf-1,normal
jbmekpcp-1,normal
jbmmfeao-1,normal
jbnbckai-1,normal
jbngjopk-1,normal
jbnjhjma-1,normal
jbnnljcm-1,normal
jbnolfpb-1,normal
jbodckdl-1,normal
jbofdjmm-1,normal
jbpdkcon-1,normal
jbpemdbj-1,normal
jbpkdlbp-1,normal
jbpnbmnl-1,normal
jcbadmmd-1,normal
jcbdfebn-1,normal
jcbpedoe-1,normal
jccpfopj-1,normal
jcdcpmfd-1,normal
jcdjmlpe-1,normal
jcdkmacf-1,normal
jcdonaoe-1,normal
jceacpka-1,normal
jceckmbi-1,normal
jcekdkmm-1,normal
jcemmgaa-1,normal
jcfdibch-1,tumor
jcffgkcp-1,normal
jcgdeldd-1,normal
jcgfdeol-1,normal
jchhlkmm-1,normal
jchmcmgk-1,normal
jchnmngp-1,normal
jcihkagd-1,normal
jcijgljk-1,normal
jcikhmig-1,normal
jcimgpij-1,normal
jcimomkj-1,tumor
jcipnoln-1,normal
jcjaebdl-1,normal
jcjcfkap-1,normal
jcjcppdk-1,normal
jcjebkjh-1,normal
jcjfaekp-1,tumor
jcjkdpfd-1,normal
jcjkohpd-1,normal
jcjlcglb-1,normal
jcjlnnig-1,normal
jckfpggb-1,normal
jckkhmob-1,normal
jckpfkoo-1,normal
jclcopck-1,normal
jclhedao-1,normal
jclhleib-1,normal
jclknnpl-1,normal
jcllldia-1,normal
jcmhmpee-1,normal
jcmkachp-1,normal
jcmlefmn-1,normal
jcmmlpja-1,normal
jcmmpiab-1,normal
jcnghjij-1,normal
jcnhpmcl-1,normal
jcninnpp-1,normal
jcnjfaga-1,normal
jcnkbpjn-1,normal
jcnkkggf-1,normal
jcnldeoe-1,normal
jcoeoijg-1,normal
jcoeokkh-1,normal
jcoiicdm-1,normal
jcoiniob-1,normal
jconjpii-1,normal
jcpcgepo-1,normal
jcpdgdpd-1,normal
jcpliekk-1,tumor
jdajibdk-1,normal
jdakcidg-1,normal
jdboobli-1,normal
jdcbefab-1,normal
jddakfbg-1,normal
jdddkjmb-1,normal
jddeiace-1,normal
jddjpeae-1,normal
jddooflj-1,normal
jddpdndk-1,normal
jdegaigp-1,normal
jdelpimk-1,normal
jdffhial-1,normal
jdfhldpc-1,normal
jdficafo-1,normal
jdfigcjg-1,normal
jdfimkhd-1,normal
jdfjjcjl-1,normal
jdfkipih-1,normal
jdfkpoae-1,normal
jdgaahbl-1,normal
jdgiidem-1,normal
jdgiljpg-1,normal
jdgjboij-1,normal
jdglanmm-1,normal
jdgnlonh-1,normal
jdhcfcoi-1,normal
jdhcmgmm-1,normal
jdhejifh-1,normal
jdhiddfo-1,normal
jdhkfcgp-1,normal
jdiancpp-1,normal
jdibbaii-1,normal
jdifeefb-1,normal
jdifljpe-1,normal
jdifmohc-1,normal
jdihcfac-1,normal
jdiklfdl-1,normal
jdindgba-1,normal
jdjaejgb-1,normal
jdjlikkk-1,normal
jdjmjooj-1,normal
jdjodeed-1,normal
jdkfaplg-1,normal
jdkgcffn-1,normal
jdkhmofg-1,normal
jdkmmldi-1,normal
jdknhhgm-1,normal
jdlaoojf-1,normal
jdlikjie-1,normal
jdlmbjna-1,normal
jdloomai-1,normal
jdmiddgp-1,normal
jdmjbgod-1,normal
jdmjiajc-1,normal
jdnbkedg-1,normal
jdnelgfo-1,normal
jdngomem-1,normal
jdnhkooc-1,normal
jdnimogb-1,normal
jdnindam-1,normal
jdnmcfoc-1,normal
jdnojijg-1,normal
jdoefcid-1,normal
jdohfllc-1,normal
jdojogoj-1,normal
jdokefdk-1,normal
jdokppfl-1,normal
jdolobee-1,normal
jdooalgd-1,normal
jdpbpgci-1,normal
jdpgbicn-1,normal
jdpljcnk-1,normal
jdpmgkee-1,normal
jeadlagd-1,normal
jealkeoo-1,normal
jeambcim-1,normal
jeambpbg-1,normal
jeancfmm-1,tumor
jeanhkdm-1,normal
jebkddme-1,tumor
jebohhfo-1,tumor
jecaldbh-1,tumor
jecapglk-1,tumor
jecbfmdh-1,tumor
jecbjnjg-1,normal
jecocmkk-1,tumor
jedjgmlk-1,normal
jedkfpdi-1,normal
jedlbkal-1,normal
jedmoinp-1,normal
jedodejj-1,normal
jedpefhl-1,normal
jedpndmi-1,normal
jeeacmba-1,normal
jeehkbjc-1,normal
jeelcnoc-1,normal
jeenjcfe-1,normal
jeeokaec-1,normal
jefbmokp-1,normal
jefceilk-1,normal
jefephdp-1,normal
jefgbjoa-1,normal
jefijhen-1,normal
jefkpnpg-1,normal
jefmmngj-1,normal
jefpdode-1,normal
jefplbfj-1,normal
jegbjgei-1,normal
jegddgpc-1,normal
jegdklje-1,normal
jegeiojb-1,normal
jeggbfja-1,normal
jeggidhh-1,normal
jeglgmcp-1,normal
jegmmjoa-1,normal
jehbdill-1,normal
jehcdeeo-1,normal
jehfilgd-1,normal
jehgfokb-1,normal
jehgghnc-1,normal
jehlpfnj-1,normal
jehmkfea-1,normal
jehnoefl-1,normal
jeiegapg-1,normal
jeieiiob-1,normal
jeihfcbg-1,normal
jeimcmjd-1,normal
jejancha-1,normal
jejeemie-1,normal
jekfionm-1,normal
jeldamcp-1,normal
jelfmemj-1,normal
jeligldp-1,normal
jelilafp-1,normal
jellgkhn-1,normal
jelnedpm-1,normal
jelnejhl-1,normal
jemcache-1,normal
jemegfpa-1,normal
jemfgpmm-1,tumor
jemgogeb-1,normal
jemlbdcf-1,normal
jemmdkjk-1,normal
jemmedoo-1,normal
jemohodj-1,normal
jenbbnej-1,normal
jenlgcmn-1,normal
jenmdpcb-1,normal
jennbikh-1,normal
jenohong-1,normal
jeoacpmp-1,normal
jeobhpgg-1,normal
jeofnalp-1,normal
jeoiojld-1,normal
jeonbhpe-1,normal
jepcgcfb-1,normal
jepfielj-1,normal
jephbdkg-1,normal
jepjfijc-1,normal
jepobdfm-1,normal
jfaahiec-1,normal
jfacadna-1,normal
jfacapfc-1,tumor
jfadabgi-1,tumor
jfadoiip-1,tumor
jfalfien-1,normal
jfamajge-1,normal
jfbakhbo-1,normal
jfbcafnk-1,normal
jfbccljk-1,normal
jfbcfooo-1,normal
jfbhdooa-1,normal
jfbhpiah-1,normal
jfbimhmn-1,normal
jfblehcl-1,normal
jfblihee-1,normal
jfblmfpm-1,normal
jfbnpgeg-1,normal
jfcammhl-1,normal
jfcgmigh-1,normal
jfdbdipm-1,normal
jfdccjhl-1,normal
jfdcoiff-1,normal
jfdednlo-1,tumor
jfdekjlj-1,normal
jfdfekcc-1,normal
jfdfjmph-1,normal
jfdghnnd-1,normal
jfdhceog-1,normal
jfeagmpj-1,normal
jfecmllp-1,normal
jfejimjl-1,tumor
jfenllfp-1,tumor
jffgcpii-1,tumor
jffgflmk-1,tumor
jffjkcck-1,tumor
jffkgneh-1,tumor
jffkianj-1,tumor
jffklmhi-1,tumor
jffogcih-1,tumor
jfgdankc-1,normal
jfgffbii-1,normal
jfgibanb-1,normal
jfglgnfa-1,normal
jfgnbabe-1,tumor
jfgoadel-1,tumor
jfgokhei-1,normal
jfgokphh-1,tumor
jfhahkbe-1,normal
jfhaonlo-1,tumor
jfhloakk-1,normal
jfhondpd-1,normal
jfhpfnil-1,normal
jfiaboem-1,normal
jfibgabk-1,normal
jfigjmak-1,normal
jfihnhln-1,normal
jfiimfme-1,normal
jfimnedb-1,normal
jfjaahbd-1,normal
jfjeopak-1,normal
jfkehejm-1,tumor
jfkfjamm-1,tumor
jfkgfflg-1,tumor
jfkhpkdj-1,tumor
jfkjcega-1,normal
jfkkgakp-1,tumor
jfklgaom-1,normal
jfkljhom-1,normal
jfklmdid-1,normal
jfkmbljp-1,normal
jfkmhiif-1,normal
jfkmloop-1,normal
jfkongco-1,normal
jflijlke-1,normal
jflinmja-1,normal
jflogmml-1,normal
jfmaaeng-1,tumor
jfmgebdh-1,normal
jfmihipg-1,normal
jfnhkehb-1,normal
jfnjakae-1,tumor
jfnpobio-1,tumor
jfolaala-1,normal
jfpadbij-1,normal
jfpeiofp-1,normal
jfpemmdj-1,normal
jfphoegp-1,normal
jfpkidie-1,normal
jfpmhbji-1,normal
jfpnogln-1,normal
jgafmpic-1,normal
jgaibign-1,normal
jgajcajk-1,normal
jgajlbbj-1,normal
jgbahajm-1,normal
jgbamaol-1,normal
jgbbflcm-1,normal
jgbcbchp-1,normal
jgcefdpb-1,tumor
jgchepjl-1,normal
jgcieijp-1,normal
jgclofen-1,normal
jgddjibm-1,normal
jgdfbalj-1,normal
jgdpeaah-1,tumor
jgefokjf-1,normal
jgehflbf-1,normal
jgeigeon-1,normal
jgenbofb-1,normal
jgepmjde-1,normal
jgfcbigl-1,normal
jgfdanoe-1,normal
jgfdfcim-1,normal
jgfmeoka-1,normal
jgfphdbc-1,normal
jgfpogoj-1,normal
jggcmppp-1,normal
jggglhnm-1,normal
jggoijcc-1,normal
jggoogko-1,normal
jghhlfeh-1,normal
jghlcflk-1,normal
jgiaiadk-1,normal
jgidepim-1,tumor
jgidjfjb-1,normal
jgiebele-1,tumor
jgifgaem-1,normal
jgiliibh-1,normal
jgimofmh-1,normal
jgjapidc-1,normal
jgjfcdnk-1,normal
jgjiafie-1,normal
jgjjhknd-1,normal
jgjomfln-1,normal
jgkcbikc-1,normal
jgkdmlcl-1,normal
jgkempjl-1,normal
jgkfkpll-1,normal
jgkgnoeg-1,normal
jgkiebgn-1,normal
jgkjacnh-1,normal
jgkjgiod-1,normal
jglclmce-1,normal
jglcpffm-1,normal
jglfcbah-1,normal
jglgbglp-1,normal
jglldfjg-1,normal
jglocipm-1,normal
jgmdoheo-1,normal
jgmeclhf-1,normal
jgmfehni-1,normal
jgmgkcjb-1,normal
jgmlonoi-1,normal
jgnhcjcp-1,normal
jgnkokep-1,normal
jgocnmef-1,normal
jgogmmim-1,normal
jgojhnlj-1,normal
jgpaddec-1,normal
jgpepjha-1,normal
jgpfbamh-1,normal
jgpigkfb-1,normal
jhajjbop-1,normal
jhaklelb-1,normal
jhaojapd-1,normal
jhbagbam-1,normal
jhbanknm-1,normal
jhbblfap-1,normal
jhbcfodc-1,normal
jhbejfgo-1,normal
jhbjjcgj-1,normal
jhbncamo-1,normal
jhbokhnp-1,normal
jhbpjhki-1,normal
jhcbdppo-1,normal
jhcbimba-1,normal
jhccnnpf-1,normal
jhcenmel-1,normal
jhcidlpc-1,normal
jhckakbf-1,normal
jhckhdml-1,normal
jhcoigbk-1,normal
jhdcjjif-1,normal
jhddoeml-1,normal
jhdeofap-1,normal
jhdjgllb-1,normal
jhdkfnoh-1,normal
jhdkjemn-1,normal
jhdmljkn-1,normal
jhekjofc-1,normal
jhelhoal-1,normal
jheljeoe-1,normal
jhemffjc-1,normal
jhengihm-1,normal
jhfabbda-1,normal
jhfhadea-1,normal
jhfoalcj-1,normal
jhfpplhe-1,normal
jhgdillp-1,normal
jhgfgofk-1,normal
jhgijjde-1,normal
jhgjpgek-1,normal
jhgnelha-1,normal
jhhbjhgl-1,normal
jhhgbnfk-1,normal
jhhinand-1,normal
jhhknoad-1,normal
jhibibko-1,normal
jhiciodb-1,normal
jhidadhn-1,normal
jhighjnl-1,normal
jhihcpjb-1,normal
jhihdnhl-1,normal
jhikemhd-1,normal
jhjfbddg-1,normal
jhjfehmp-1,normal
jhjgcogd-1,normal
jhjghbhn-1,normal
jhjiaohi-1,normal
jhjkgfdi-1,normal
jhjkmegc-1,normal
jhjmdiic-1,normal
jhkgbhla-1,normal
jhkginlk-1,normal
jhkgpojc-1,normal
jhkifmnp-1,normal
jhknphfb-1,normal
jhlafhcm-1,normal
jhlboinb-1,normal
jhlfnibl-1,normal
jhlgkgpf-1,normal
jhlnmjhb-1,normal
jhmbbebk-1,normal
jhmeknfh-1,normal
jhmfbbkg-1,normal
jhmgagcf-1,normal
jhmgbgej-1,normal
jhmhigaf-1,normal
jhmhlplh-1,normal
jhmkhadn-1,normal
jhmnfcan-1,normal
jhmnioci-1,normal
jhnabkfb-1,normal
jhnfdcbb-1,normal
jhnppahh-1,normal
jhodpiml-1,normal
jhohfija-1,normal
jhpbbide-1,normal
jhpgkbod-1,normal
jhphpofg-1,normal
jhpjoljm-1,normal
jhpphcdh-1,tumor
jiaacaec-1,normal
jiaelckp-1,normal
jiafpamg-1,normal
jiaocikp-1,tumor
jibbdfdo-1,normal
jibfoaod-1,normal
jibickpd-1,normal
jibieial-1,tumor
jiblcdcf-1,normal
jibomgkn-1,normal
jicbhamf-1,normal
jicdebbm-1,normal
jicfcjbf-1,normal
jickpijp-1,normal
jicogmkg-1,normal
jidmmljb-1,normal
jieannbp-1,normal
jiedjgml-1,normal
jiekjgmb-1,normal
jiemmkji-1,normal
jiepheck-1,normal
jifdfkaf-1,normal
jifedjbm-1,normal
jifkegeh-1,normal
jifonfla-1,normal
jighinap-1,tumor
jigmjjpl-1,tumor
jignfofd-1,normal
jihjligo-1,normal
jihkbefj-1,normal
jihmmneb-1,normal
jihpcjhe-1,normal
jiiaimlc-1,normal
jiiaknii-1,normal
jiihfpch-1,normal
jiimknpo-1,tumor
jiindjph-1,tumor
jijbgimb-1,normal
jijfkodd-1,normal
jijfpegb-1,normal
jijgjnll-1,normal
jijkpddn-1,normal
jijobnac-1,normal
jikfplek-1,normal
jiklmcne-1,normal
jikndjal-1,normal
jildeneh-1,normal
jiledlgk-1,normal
jileipdj-1,normal
jilfahdb-1,normal
jilgfdna-1,tumor
jilldllj-1,tumor
jilncblk-1,normal
jimdgedi-1,tumor
jinbbpca-1,tumor
jineocjk-1,tumor
jinhilpl-1,tumor
jinpodci-1,tumor
jioboign-1,tumor
jiocdlhi-1,normal
jiohfhbn-1,tumor
jiomgjmp-1,normal
jionahkm-1,normal
jionmdel-1,normal
jiopfigc-1,normal
jiopipci-1,normal
jipaohge-1,normal
jipcbkjp-1,normal
jipigbef-1,normal
jipkphpj-1,normal
jiplhckk-1,normal
jjanjmja-1,normal
jjbdlged-1,normal
jjbhepac-1,normal
jjcbpjod-1,normal
jjccmabm-1,normal
jjcenojk-1,normal
jjchcaao-1,normal
jjcnbhen-1,normal
jjcpgnbd-1,normal
jjdeleob-1,normal
jjdhnnii-1,normal
jjeaoeoe-1,normal
jjeedpcg-1,normal
jjehpnda-1,normal
jjffhkbg-1,normal
jjfgadnj-1,normal
jjfoflah-1,normal
jjgbkljp-1,normal
jjgefahb-1,normal
jjggkkio-1,normal
jjgkhhhd-1,normal
jjhcnjhd-1,normal
jjhdhmjg-1,normal
jjhelfhn-1,normal
jjhgfnci-1,normal
jjhjlkgi-1,normal
jjhkiace-1,normal
jjholjii-1,normal
jjibgnch-1,normal
jjigicjc-1,normal
jjijaknb-1,normal
jjilgbng-1,normal
jjimnpmp-1,normal
jjjigjko-1,normal
jjjkklik-1,normal
jjjognkm-1,normal
jjjokgac-1,normal
jjjpimed-1,normal
jjkddbnh-1,tumor
jjkkibcb-1,tumor
jjlbgjam-1,normal
jjmbmlkn-1,normal
jjmjmpdh-1,normal
jjmnmepg-1,normal
jjnhglbj-1,normal
jjnhnilh-1,normal
jjoehcje-1,tumor
jjoejpnm-1,tumor
jjoffgie-1,tumor
jjohpejm-1,normal
jjoiboik-1,normal
jjombejf-1,normal
jjoondce-1,normal
jjpeelad-1,tumor
jjplnpip-1,normal
jjpmfoei-1,normal
jjpnfchb-1,normal
jjponkcp-1,normal
jjpopleo-1,normal
jkagajjm-1,normal
jkaninkn-1,tumor
jkaojegj-1,normal
jkbhlfbk-1,normal
jkbohiib-1,normal
jkboooem-1,normal
jkcfolhj-1,normal
jkchfadc-1,normal
jkcjbfdb-1,normal
jkclbddo-1,normal
jkclocjp-1,normal
jkcmfkfo-1,normal
jkdhhing-1,normal
jkdjjlpo-1,normal
jkdkdalc-1,normal
jkeanjmg-1,normal
jkeecide-1,normal
jkejadld-1,normal
jkekippj-1,normal
jkfdjcaj-1,normal
jkfejccd-1,normal
jkfjnljm-1,normal
jkgceonb-1,normal
jkgggjli-1,normal
jkgjdldd-1,normal
jkhbimam-1,normal
jkhealhj-1,normal
jkhjgeoc-1,normal
jkhnejfj-1,normal
jkiaabke-1,normal
jkibaedj-1,normal
jkidgdio-1,normal
jkikgeoo-1,tumor
jkiljjbf-1,tumor
jkjklcfg-1,normal
jkkfpncf-1,normal
jkkleboi-1,normal
jkklomac-1,normal
jkkncied-1,normal
jklcagkl-1,normal
jklecgnf-1,normal
jklfeaap-1,normal
jklicpoa-1,normal
jklimlaa-1,normal
jklkcfik-1,normal
jkllmmgp-1,normal
jklmkclp-1,normal
jklodalc-1,normal
jklolned-1,normal
jklpeafh-1,normal
jkmahfgc-1,tumor
jkmgjklg-1,tumor
jkmkbcfb-1,normal
jkmkcihi-1,tumor
jknlnlid-1,normal
jkofdmoe-1,normal
jkonnejf-1,normal
jkpbhkek-1,tumor
jkpddaho-1,normal
jkphebpb-1,tumor
jkphpeji-1,normal
jkppecfl-1,normal
jlagakbe-1,normal
jlagolce-1,normal
jlajoadn-1,normal
jlamncij-1,normal
jlapanie-1,normal
jlbandga-1,tumor
jlbbbhad-1,tumor
jlbblpbm-1,tumor
jlbcfjno-1,normal
jlbenamf-1,normal
jlbfiicj-1,normal
jlbondpp-1,normal
jlbonica-1,tumor
jlcbfmnn-1,normal
jlclijnc-1,normal
jlcmpdfg-1,normal
jlcnegih-1,normal
jldbkkjo-1,tumor
jlddhplk-1,tumor
jldeeidf-1,tumor
jldfdijn-1,tumor
jldfgnom-1,tumor
jldmchml-1,tumor
jldmpgap-1,tumor
jldoedge-1,normal
jleaebnl-1,normal
jlehhkno-1,normal
jlejfndf-1,normal
jlejpgjf-1,normal
jlfdkmid-1,tumor
jlfelnjm-1,tumor
jlfgkkpb-1,normal
jlfjgjji-1,normal
jlfohdgo-1,normal
jlgaihda-1,normal
jlgaphei-1,normal
jlgbnjll-1,normal
jlgfhfam-1,normal
jlgiedhb-1,normal
jlgjfbpd-1,normal
jlgliong-1,normal
jlgnaajb-1,normal
jlgohcff-1,normal
jlhgpfjb-1,normal
jlhlhblk-1,normal
jliaacbg-1,tumor
jliakfob-1,normal
jligpeki-1,normal
jliifgjj-1,normal
jlikcgdh-1,normal
jlioohhl-1,normal
jlipjcee-1,normal
jljgeakh-1,normal
jljgenbj-1,normal
jljleajd-1,normal
jljlpfoo-1,normal
jljplcoc-1,normal
jlkabmfk-1,normal
jlkabnoe-1,normal
jlkakdom-1,normal
jlkbdllb-1,normal
jlkjdonc-1,tumor
jlkpbmni-1,normal
jllhcjlf-1,tumor
jlmangfa-1,normal
jlmdpafk-1,normal
jlmffdne-1,normal
jlmigejn-1,normal
jlmkfnpj-1,normal
jlmkjdkk-1,normal
jlmpdjei-1,normal
jlnakhlp-1,normal
jlnbffnk-1,normal
jlndcbpp-1,normal
jlnegkdd-1,normal
jlnfhcmb-1,normal
jlnfnblf-1,normal
jlnkpfip-1,normal
jlnpiiih-1,normal
jloachje-1,normal
jlobgfoc-1,normal
jlofnmnp-1,normal
jlohjaed-1,normal
jloiidbp-1,normal
jloiniee-1,normal
jlojkboo-1,normal
jlojkejb-1,normal
jlonblmj-1,normal
jlooghdf-1,normal
jlpdgiop-1,normal
jlphkafg-1,normal
jlpjgnga-1,normal
jlpjjbkf-1,normal
jmablgah-1,normal
jmacnpaa-1,normal
jmacoojd-1,normal
jmahbkef-1,normal
jmanhidh-1,tumor
jmanohll-1,normal
jmbaopdi-1,tumor
jmbcahlj-1,normal
jmbcembe-1,normal
jmbdghjl-1,normal
jmblfjhh-1,normal
jmbobdgc-1,normal
jmbphpod-1,normal
jmcaiilc-1,normal
jmckbjfi-1,normal
jmcogfab-1,normal
jmdcjgcg-1,tumor
jmdkdjmk-1,tumor
jmeboigl-1,tumor
jmecpaok-1,tumor
jmeebepd-1,tumor
jmefboho-1,tumor
jmfhahda-1,tumor
jmfkabba-1,tumor
jmfoiaal-1,tumor
jmgcneki-1,normal
jmgfefff-1,tumor
jmhbohjk-1,tumor
jmhifoei-1,normal
jmhkaldm-1,tumor
jmhmkfkp-1,tumor
jmiapipl-1,tumor
jmicciln-1,tumor
jmiegoii-1,tumor
jmifglhj-1,tumor
jmihncak-1,tumor
jmioadoo-1,tumor
jmiokimf-1,tumor
jmjakepd-1,normal
jmjconhk-1,tumor
jmjdafkk-1,tumor
jmjhmmlc-1,tumor
jmjkgjoa-1,tumor
jmjmodoa-1,tumor
jmjncggi-1,tumor
jmjoecnc-1,tumor
jmjojhjm-1,normal
jmknbkoh-1,tumor
jmlainoh-1,normal
jmlamfem-1,tumor
jmldbmed-1,normal
jmldddak-1,normal
jmlddfai-1,tumor
jmljdiog-1,normal
jmljngce-1,tumor
jmlobdec-1,tumor
jmmgiced-1,normal
jmmhdici-1,normal
jmmjfmai-1,tumor
jmmmffhd-1,tumor
jmmolobp-1,tumor
jmneggmb-1,normal
jmnencle-1,normal
jmnfijfn-1,normal
jmnghhll-1,normal
jmnjgdbd-1,normal
jmnkapej-1,tumor
jmnneabo-1,normal
jmobhebg-1,tumor
jmoiekbg-1,tumor
jmojkofg-1,tumor
jmolifhd-1,tumor
jmonfipm-1,tumor
jmpcmakc-1,tumor
jnacajmf-1,tumor
jnacnhgf-1,tumor
jnacnnid-1,normal
jnaeopbm-1,normal
jnaheand-1,normal
jnahijng-1,tumor
jnahpaph-1,tumor
jnaikdlb-1,normal
jnaogjoh-1,tumor
jnbcndmj-1,normal
jnbednpl-1,normal
jnbhidee-1,normal
jnbjhjgb-1,normal
jnbniegn-1,normal
jnbogfjh-1,tumor
jnccfbgl-1,normal
jncdbmhe-1,tumor
jncgjbaj-1,tumor
jncimbom-1,tumor
jncngkap-1,normal
jncognam-1,tumor
jncojpjm-1,tumor
jncpanld-1,normal
jndclolb-1,tumor
jndjipbc-1,tumor
jndnjjga-1,tumor
jneepgdb-1,tumor
jnejcgha-1,tumor
jnejejek-1,normal
jneomigm-1,tumor
jnepgbok-1,normal
jnffoinl-1,tumor
jnfgpibi-1,normal
jnfillpf-1,tumor
jnfkcbab-1,normal
jnfkklga-1,normal
jnfpbgfp-1,normal
jnfpibgh-1,tumor
jngfhmbe-1,normal
jnghbahl-1,normal
jngioiem-1,normal
jngkjgcc-1,normal
jngmdken-1,tumor
jnhablhi-1,normal
jnhemlmm-1,tumor
jnhhobjc-1,normal
jnhkimaj-1,tumor
jnhlakja-1,tumor
jnhljecb-1,normal
jnhpmnjc-1,normal
jnijjbka-1,normal
jnjdffdo-1,normal
jnjhephp-1,normal
jnjmflml-1,normal
jnjmncpk-1,normal
jnkcmpac-1,normal
jnkdegme-1,normal
jnkedgji-1,normal
jnkghmki-1,normal
jnkhcejf-1,normal
jnkjkbhe-1,normal
jnkmbage-1,normal
jnlbanen-1,normal
jnlgooba-1,normal
jnlidogm-1,normal
jnlindno-1,normal
jnljgkbo-1,normal
jnmbmgel-1,normal
jnmfjilk-1,normal
jnmgfiol-1,normal
jnmigppl-1,normal
jnnhdhld-1,normal
jnnhebfh-1,normal
jnnlkijj-1,normal
jnnodlad-1,normal
jnoacaaf-1,normal
jnpclihe-1,normal
jnpempfi-1,normal
jnpgmeie-1,normal
jnpjkmpn-1,normal
jnpkhdjo-1,normal
joahcjgg-1,normal
joamogfn-1,normal
joaohfld-1,normal
joaophga-1,normal
jobagchi-1,normal
jobgbmaf-1,normal
jobhljfi-1,normal
jobhnkag-1,normal
jobjfnil-1,normal
jocmffce-1,normal
jocmojbj-1,normal
jodafokd-1,normal
jodancop-1,normal
joddadkl-1,normal
joddpggn-1,normal
jodfpeep-1,normal
jodghfjo-1,normal
jodhdein-1,normal
jodonhpn-1,normal
joepakko-1,normal
joepblpl-1,normal
joepphem-1,normal
jofebpmm-1,normal
joffgmoh-1,normal
jofifpel-1,normal
jofoalan-1,normal
jogainho-1,normal
jogjgfmb-1,normal
jogoilob-1,normal
johebjde-1,normal
joheemcm-1,normal
johiihef-1,normal
joidnhpb-1,normal
joiecemp-1,normal
joikgebb-1,normal
joipdbdd-1,normal
jojaakce-1,normal
jojeddhj-1,normal
jojllfnc-1,normal
jojobnkj-1,normal
jojppfmo-1,normal
jokfpeep-1,normal
jokhhded-1,normal
jokopbeg-1,normal
jokpidcg-1,normal
jokpjhmf-1,normal
jolbbddk-1,normal
jolildac-1,normal
jolkdgcb-1,normal
jolodegn-1,normal
jombmeod-1,normal
jomefofo-1,normal
jomegcbc-1,normal
jomgbgin-1,normal
jomppohm-1,normal
jonahjdd-1,normal
jonbnbfn-1,normal
jonedjfh-1,normal
joneokgh-1,normal
jonjcnme-1,normal
jonlanke-1,normal
jonndfmi-1,normal
joochfpa-1,tumor
joofoikg-1,normal
joohljog-1,normal
jopbmfdm-1,normal
jopegoha-1,normal
jopgaagh-1,tumor
jopgdicc-1,normal
jopicclc-1,normal
jpadkjob-1,tumor
jpaehidd-1,normal
jpalaebo-1,normal
jpamjapn-1,normal
jpanhlfg-1,normal
jpckalpo-1,normal
jpcmjamp-1,normal
jpcmopnj-1,normal
jpcniacc-1,normal
jpcpbghd-1,normal
jpdgmcod-1,normal
jpdjgkhd-1,normal
jpdlhcfm-1,normal
jpdmpjbe-1,normal
jpdngbij-1,normal
jpdonllc-1,normal
jpdpcloe-1,normal
jpeeaccb-1,normal
jpefmien-1,normal
jpejacbb-1,normal
jpejmiid-1,normal
jpejpehe-1,tumor
jpelnaon-1,normal
jpfheabd-1,normal
jpfohbkc-1,normal
jpfpmflo-1,normal
jpgekcpk-1,normal
jpgilpbl-1,normal
jpgjoddl-1,normal
jpglklbk-1,normal
jpgojpai-1,normal
jphadfop-1,normal
jphcnlbo-1,normal
jphhbkje-1,normal
jphhjebb-1,normal
jphlibdi-1,normal
jpjbdbil-1,normal
jpjhbgkl-1,normal
jpjibglp-1,normal
jpjlchlp-1,normal
jpjmdfpg-1,normal
jpjopapi-1,normal
jpkfilgo-1,normal
jpkhglkp-1,normal
jpkomejj-1,tumor
jpkpfolo-1,normal
jplanahh-1,tumor
jpleljep-1,tumor
jplepkai-1,tumor
jplgemjn-1,normal
jplhgmgp-1,normal
jpmcbkpj-1,normal
jpminjfm-1,normal
jpmjciki-1,normal
jpmjjahk-1,normal
jpncgeep-1,normal
jpnemimm-1,normal
jpniaifp-1,normal
jpnlbapi-1,normal
jpodmiec-1,normal
jpokjkon-1,normal
jpolakkj-1,normal
jpollpjl-1,normal
jppcmhaf-1,normal
jppmdmek-1,normal
kaaallfk-1,normal
kaagbaaa-1,normal
kaajnngf-1,normal
kaaodkki-1,tumor
kabighlk-1,normal
kabklone-1,normal
kacfppgj-1,normal
kackbhcm-1,normal
kaclbein-1,normal
kadednbd-1,normal
kadoemjg-1,normal
kaebfabf-1,normal
kaecckjh-1,normal
kaedmlmd-1,normal
kaehngnn-1,normal
kaffchkl-1,normal
kafigmbl-1,normal
kafngloa-1,normal
kafomohi-1,normal
kagcdnic-1,normal
kaghegfi-1,normal
kagkfgga-1,normal
kagmmaop-1,normal
kahahkba-1,normal
kahbnkmf-1,normal
kahcjekl-1,normal
kahdjkkj-1,tumor
kahhfkke-1,normal
kahmoebk-1,normal
kaidkmnd-1,tumor
kaijahdo-1,normal
kaikkjkj-1,tumor
kailpnnf-1,tumor
kaioddan-1,normal
kaiopddn-1,tumor
kajboaag-1,tumor
kajeeblp-1,tumor
kajfekhg-1,tumor
kajjdhbl-1,normal
kajndgfi-1,tumor
kakpfadf-1,normal
kalcajoj-1,tumor
kaleonnj-1,normal
kalgohnl-1,normal
kaljhkbg-1,normal
kalmbiap-1,tumor
kalokbhi-1,normal
kamcdhmb-1,normal
kameiejo-1,normal
kamepbli-1,tumor
kamfmmmp-1,tumor
kamikiac-1,tumor
kamkgplf-1,normal
kamlbahb-1,tumor
kamlpjkg-1,tumor
kammabnn-1,normal
kamndnep-1,normal
kamnjdin-1,normal
kanafgbe-1,normal
kandaclg-1,normal
kanebanc-1,normal
kanhnnck-1,normal
kankgdom-1,normal
kanndljg-1,normal
kaofjakc-1,normal
kaogoolg-1,normal
kaopkami-1,normal
kapclmel-1,normal
kbaaafef-1,normal
kbacbddn-1,normal
kbaebmcn-1,normal
kbafjahp-1,normal
kbaioblm-1,normal
kbaipeal-1,normal
kbakbhgp-1,normal
kbaklnkc-1,normal
kbalcogo-1,normal
kbaldmae-1,normal
kbbagdpl-1,normal
kbbbhmmm-1,normal
kbbficpi-1,normal
kbbpbphf-1,normal
kbcagoej-1,normal
kbccpcfg-1,normal
kbcdbbga-1,normal
kbcddnnb-1,normal
kbcdkjli-1,normal
kbcgiman-1,tumor
kbchnkde-1,tumor
kbcjonbk-1,normal
kbebbpbp-1,normal
kbeeflad-1,tumor
kbefjgbc-1,tumor
kbefmemf-1,normal
kbeikclc-1,normal
kbejmfpo-1,normal
kbelpfmk-1,normal
kbfaakck-1,normal
kbfagjjc-1,normal
kbfdaddh-1,tumor
kbffhanf-1,normal
kbfhigfe-1,normal
kbfmbobk-1,normal
kbfnlmak-1,normal
kbfomkkj-1,normal
kbgagejl-1,normal
kbgkdcnj-1,normal
kbgljmab-1,normal
kbhckljj-1,normal
kbhgecbh-1,normal
kbhgijhb-1,normal
kbhlgppc-1,tumor
kbiaiajj-1,normal
kbiajhoo-1,tumor
kbiffeed-1,tumor
kbigijgc-1,normal
kbilkaok-1,normal
kbimlpbg-1,normal
kbinkchb-1,tumor
kbipnbjc-1,normal
kbjaegbb-1,tumor
kbjfggjc-1,normal
kbkdifob-1,tumor
kbkgemmd-1,normal
kbkhnbjp-1,normal
kbkpejpo-1,tumor
kblbkaed-1,tumor
kblcbada-1,tumor
kblcofic-1,tumor
kblfpiko-1,tumor
kblgoime-1,normal
kbmbjedh-1,normal
kbmcocpg-1,normal
kbmglalo-1,tumor
kbmhcboo-1,tumor
kbmjkjcb-1,tumor
kbmnfbia-1,normal
kbmodclm-1,normal
kbncifei-1,normal
kbndlmmn-1,tumor
kbneijnl-1,normal
kbnijdbo-1,normal
kbnijkmh-1,tumor
kbnikpbl-1,normal
kbnioejk-1,normal
kbnkficd-1,normal
kbnkohhm-1,normal
kbnlfnac-1,normal
kbocdaon-1,normal
kboplnfb-1,normal
kbpfgfkn-1,normal
kbpfomef-1,normal
kbpgofkn-1,normal
kbphipoh-1,normal
kbpigbnl-1,normal
kbpiihbi-1,normal
kcaanjio-1,normal
kcacgflg-1,normal
kcafjlai-1,normal
kcagmakn-1,normal
kcahdbob-1,tumor
kcahjeop-1,normal
kcakdkme-1,tumor
kcakpogp-1,normal
kcambkkb-1,tumor
kcbbfbgc-1,normal
kcbgcooj-1,normal
kcbkgndn-1,normal
kccapjfd-1,tumor
kccclcmd-1,tumor
kccfdgjf-1,tumor
kccjdman-1,normal
kccjhgfe-1,tumor
kccoepaa-1,tumor
kcdahpaf-1,tumor
kcdcekcd-1,normal
kcddihhn-1,tumor
kcdhjocb-1,tumor
kcdmbpgg-1,tumor
kcdmndla-1,normal
kcdnbjbl-1,normal
kcdpbnkp-1,normal
kcdpfjnj-1,normal
kceefjil-1,normal
kceegppd-1,tumor
kcegffcd-1,tumor
kceigdna-1,normal
kceijjig-1,normal
kcejdkbh-1,tumor
kceliofi-1,normal
kcemmhdf-1,normal
kcfeeiec-1,normal
kcffoakh-1,normal
kcfhkfch-1,normal
kcfkcopf-1,normal
kcfmmpen-1,normal
kcgddpah-1,normal
kcggmgpp-1,normal
kcgkhged-1,tumor
kcglgfjp-1,normal
kcgmcdef-1,normal
kcgmicko-1,normal
kcgoiban-1,normal
kchdflke-1,normal
kchhdebf-1,normal
kchmaanj-1,normal
kcicnldm-1,normal
kciealcd-1,tumor
kcigdefn-1,tumor
kcighkdk-1,tumor
kcijcjnh-1,normal
kcijmile-1,normal
kcjaeoap-1,normal
kcjbeepp-1,normal
kcjedmbc-1,normal
kcjniiod-1,tumor
kckbhlde-1,normal
kckffogl-1,tumor
kckkjcpn-1,tumor
kckpelja-1,normal
kclemcmm-1,normal
kclmkpph-1,normal
kclpjjhn-1,normal
kcmbgjjk-1,normal
kcmeeihn-1,normal
kcmlecgf-1,tumor
kcmnheag-1,tumor
kcmojedl-1,normal
kcmokeln-1,normal
kcmpjboj-1,normal
kcnbkimp-1,normal
kcncimko-1,normal
kcnggbbp-1,normal
kcnjpjmp-1,normal
kcoddaha-1,normal
kcoffmcp-1,normal
kcoojkji-1,tumor
kcopbhmf-1,tumor
kcpacnll-1,tumor
kcpaeceg-1,tumor
kcpejoph-1,tumor
kcpfcfml-1,tumor
kcpgpmii-1,tumor
kcpikcbk-1,normal
kcpkojac-1,tumor
kcpohkjl-1,normal
kdaapcpp-1,normal
kdabbdgh-1,normal
kdafcnff-1,normal
kdaflofp-1,normal
kdahckgg-1,tumor
kdaimioj-1,tumor
kdamcigd-1,normal
kdancdkf-1,normal
kdapopmj-1,normal
kdbelhme-1,tumor
kdbjmmhj-1,tumor
kdblnofg-1,tumor
kdblnopf-1,normal
kdbooklj-1,normal
kdcaognk-1,normal
kdccchdn-1,normal
kdcgojhb-1,normal
kdchpaan-1,normal
kdcmdegn-1,tumor
kdcolnnd-1,normal
kddbhcha-1,normal
kddejkjg-1,tumor
kddfijfg-1,normal
kddjfhkk-1,normal
kddkmdem-1,normal
kddpbibk-1,normal
kdelaloc-1,normal
kdeobace-1,normal
kdepedhm-1,normal
kdffmiml-1,normal
kdfgibbd-1,normal
kdganfff-1,tumor
kdgbfhjl-1,tumor
kdgbhfad-1,tumor
kdgipfhe-1,tumor
kdhfcmnp-1,tumor
kdhgkklf-1,tumor
kdhhhhbp-1,tumor
kdhkahod-1,normal
kdhkdkmj-1,normal
kdijkhcn-1,tumor
kdimdffi-1,tumor
kdjanhdh-1,tumor
kdjhkbpj-1,normal
kdjplmim-1,normal
kdkaalap-1,normal
kdkachcj-1,normal
kdkcgeln-1,normal
kdlfjafa-1,normal
kdlgejgp-1,normal
kdlilgmj-1,normal
kdliodcp-1,normal
kdmacbgo-1,normal
kdmbmfcp-1,normal
kdmcbcoo-1,normal
kdmdkikc-1,normal
kdmeffme-1,normal
kdmmglbc-1,normal
kdmooeaa-1,normal
kdmpngij-1,normal
kdnbkecf-1,normal
kdnchkfp-1,normal
kdndmbjg-1,normal
kdndnkfk-1,normal
kdnidpia-1,normal
kdnihacd-1,normal
kdnmmkfm-1,normal
kdnmpbpo-1,normal
kdnocffn-1,normal
kdnpjnjd-1,normal
kdoboaki-1,normal
kdohcepo-1,normal
kdommjfb-1,normal
kdpgbgpf-1,normal
kdphigpn-1,normal
kdplcpfm-1,normal
keabhjan-1,normal
keacehph-1,normal
keaddnae-1,normal
keadhafm-1,normal
keafcddc-1,normal
keaidlak-1,normal
kealafgn-1,normal
kealjdoe-1,normal
keapbpnc-1,normal
kebdbagm-1,normal
kebeiiaa-1,tumor
kebggjka-1,normal
kebhemhg-1,normal
kebihmfa-1,normal
kebngebp-1,normal
kecalioo-1,normal
kecccfba-1,normal
keccjcdc-1,normal
kecobpin-1,normal
kedafjll-1,normal
kedgmebb-1,tumor
kediefda-1,normal
kediegfg-1,normal
kedinkpc-1,normal
kedkekig-1,tumor
keeadmad-1,normal
keecjpmp-1,normal
keedngid-1,normal
keeejlio-1,normal
keeknfee-1,normal
keemeomc-1,normal
keepcmno-1,normal
kefbdjkl-1,normal
kefbmljd-1,normal
kefgnllm-1,normal
kefhgnmn-1,normal
kefikgha-1,normal
kefngmkk-1,normal
kefnjeba-1,normal
kegaohbj-1,normal
keggkdjm-1,tumor
keggmpic-1,tumor
keghmddi-1,tumor
kegijgee-1,tumor
kegjnehm-1,normal
kegkpkia-1,normal
kegmkocd-1,tumor
kehdhaad-1,normal
kehhpige-1,normal
kehjbgnj-1,normal
kehpioll-1,normal
keigkbcm-1,normal
keihijkm-1,normal
keijakmg-1,normal
keijdiam-1,normal
keikjgno-1,normal
keiogdop-1,normal
kejadleg-1,normal
kejgdmjk-1,normal
kejgkfmo-1,normal
kejmmomf-1,normal
kejooopa-1,tumor
kejpblfb-1,normal
kekchahf-1,normal
kekghfpk-1,tumor
kekiaocf-1,tumor
kekkhnmo-1,normal
keklfjfb-1,tumor
kekmkmia-1,tumor
keknfgbi-1,tumor
kelddhcf-1,normal
kelfmfdf-1,normal
kelfnmbj-1,tumor
kemhaogc-1,normal
kemnfbjb-1,normal
kempgcaj-1,normal
kenblgje-1,normal
kenfdnko-1,normal
keodlikp-1,normal
keogjfaf-1,normal
keoihjak-1,normal
keolihdb-1,normal
keombcnb-1,normal
keomfmjc-1,tumor
keopkfgo-1,tumor
kepbkdjb-1,normal
kepgkmpo-1,tumor
kepijdpk-1,tumor
keppolei-1,tumor
kfaegock-1,tumor
kfafkpmf-1,tumor
kfakpdfo-1,tumor
kfbbpgbd-1,tumor
kfbgbolk-1,tumor
kfbojfdm-1,tumor
kfbonkie-1,tumor
kfbpnjol-1,tumor
kfcaicbn-1,tumor
kfcajjbk-1,tumor
kfcdfabe-1,tumor
kfcdokol-1,tumor
kfcfmkaa-1,normal
kfcilpnp-1,tumor
kfcmfdgk-1,normal
kfcnhhhc-1,normal
kfcooibo-1,normal
kfcplpce-1,normal
kfdamnmk-1,tumor
kfddkjca-1,normal
kfdebkph-1,normal
kfdikddf-1,normal
kfdjdgan-1,tumor
kfdpiipg-1,normal
kfeahipi-1,normal
kfecfdin-1,normal
kfedhhla-1,normal
kfeenfod-1,normal
kfeogadj-1,normal
kfepkmbo-1,tumor
kffabhaf-1,normal
kffhhgbm-1,normal
kffjlpgb-1,tumor
kffoljdf-1,normal
kfgamfnj-1,normal
kfgfdail-1,normal
kfggconb-1,normal
kfgibikf-1,tumor
kfgighhe-1,tumor
kfgjdnpf-1,tumor
kfgkdbng-1,normal
kfgpbigd-1,tumor
kfhemmli-1,normal
kfhkdcoe-1,normal
kfhlejok-1,tumor
kfichlke-1,normal
kfihphlk-1,normal
kfikklil-1,tumor
kfjjmpci-1,normal
kfkdnboc-1,normal
kfkhgejl-1,tumor
kfkjnbke-1,normal
kfklmfnd-1,normal
kfkpmgbj-1,normal
kflcaipg-1,normal
kfmbhceg-1,normal
kfmcgidm-1,normal
kfmhhkaa-1,normal
kfmkdlca-1,normal
kfmpcgoj-1,normal
kfnbdkgh-1,normal
kfnhglcg-1,normal
kfnjhooe-1,normal
kfofeijp-1,normal
kfojfepb-1,normal
kfonpkfp-1,normal
kfpemffb-1,normal
kgaaedfm-1,normal
kgaenbho-1,normal
kgahaoej-1,normal
kgahfejb-1,normal
kgcdfjaj-1,normal
kgcikpdi-1,normal
kgcimhie-1,normal
kgcjfhcf-1,tumor
kgcnnndb-1,normal
kgcpbgkg-1,tumor
kgcpnjbd-1,tumor
kgdbmaaa-1,tumor
kgdkmioj-1,normal
kgdljfhi-1,tumor
kgdmkkdj-1,tumor
kgdmmehg-1,tumor
kgdpnpmp-1,tumor
kgeekmpg-1,tumor
kgejoolb-1,normal
kgeogaem-1,tumor
kgfeehhi-1,tumor
kgfeghmo-1,tumor
kgfemcde-1,normal
kgfeppnh-1,normal
kgfigclp-1,normal
kgfjkebe-1,normal
kgfmlmma-1,normal
kgfpibjj-1,normal
kggbhbhe-1,normal
kgghgpff-1,normal
kggkamfh-1,normal
kghbopof-1,normal
kghhhgbh-1,normal
kghhmlbc-1,normal
kghjgbhf-1,normal
kghmeicn-1,tumor
kghobakb-1,tumor
kghofncc-1,tumor
kghpjdbj-1,tumor
kgiajmgb-1,tumor
kgibllab-1,tumor
kgibllof-1,tumor
kgicmjbl-1,tumor
kgidokoi-1,tumor
kgiemblg-1,tumor
kgikeolk-1,normal
kginendc-1,tumor
kginjbak-1,tumor
kgjambjm-1,normal
kgjbjoib-1,normal
kgjddmkk-1,tumor
kgjegich-1,tumor
kgjgejlk-1,tumor
kgjhfjci-1,tumor
kgjjbdpn-1,tumor
kgjjnhhc-1,normal
kgjommdl-1,tumor
kgjpniij-1,normal
kgkbgmbl-1,normal
kgkdfecc-1,normal
kgkeocdk-1,normal
kgkgkaoa-1,normal
kgkknkef-1,tumor
kgklcpoi-1,tumor
kgknhnpk-1,tumor
kgkooplm-1,tumor
kgkpggif-1,tumor
kglahdic-1,tumor
kgldlgfk-1,tumor
kgllbgbg-1,tumor
kglodfma-1,tumor
kgmfhald-1,tumor
kgmhnhjh-1,normal
kgmkgahn-1,normal
kgmmhpmg-1,normal
kgnaklfd-1,normal
kgnclfgm-1,normal
kgnnkhie-1,normal
kgnomjfh-1,normal
kgnommcf-1,normal
kgnphcfh-1,tumor
kgodggce-1,normal
kgofgfco-1,tumor
kgoimebd-1,tumor
kgojalbg-1,tumor
kgojcmab-1,tumor
kgonfikp-1,tumor
kgonhnmf-1,tumor
kgpblfjp-1,tumor
khabinbc-1,normal
khadohml-1,normal
khaggecl-1,normal
khahlhhi-1,normal
khakkfka-1,normal
khapnanf-1,normal
khbjfpej-1,normal
khbnhfgc-1,normal
khbnijdp-1,normal
khbohhlm-1,normal
khboonac-1,normal
khcbolih-1,normal
khdakglk-1,normal
khdcplol-1,normal
khdjhdgl-1,normal
khdoikla-1,normal
khebbofc-1,normal
khebmocl-1,normal
khebnkno-1,normal
khebonfi-1,normal
khedhbcn-1,normal
khegajok-1,normal
khehkpcd-1,normal
khekllin-1,normal
khenppan-1,normal
kheoekbm-1,normal
khfbblkm-1,normal
khfgpfmo-1,normal
khfhlmfm-1,normal
khgbpgao-1,normal
khgefcdl-1,normal
khgeoemm-1,normal
khgepcjn-1,normal
khgfmeea-1,normal
khggceck-1,normal
khghacmi-1,normal
khghcokh-1,normal
khgiaapo-1,normal
khglilkb-1,normal
khgmgeno-1,normal
khgobnpg-1,normal
khgohpgf-1,normal
khgpbdif-1,normal
khhbgion-1,normal
khhckdoe-1,normal
khhdflik-1,normal
khhiddpl-1,normal
khhihnea-1,normal
khhjlnbc-1,normal
khhkglfm-1,normal
khhlemma-1,normal
khijnlji-1,normal
khimafeb-1,normal
khjffkfe-1,normal
khjmepha-1,normal
khjmjfie-1,normal
khjnlioe-1,normal
khkbnokj-1,normal
khkchega-1,normal
khkhjllp-1,normal
khkhnhme-1,normal
khkhpioi-1,normal
khlfenob-1,normal
khlfohki-1,normal
khlhodim-1,normal
khljocni-1,normal
khllkhmc-1,normal
khlmgokg-1,normal
khlmkdfp-1,normal
khlomdmd-1,normal
khmfkjla-1,normal
khmjliol-1,normal
khmnbjee-1,normal
khmonoon-1,normal
khobcfmj-1,normal
khomgojj-1,normal
khonljig-1,normal
khpaadam-1,normal
khpfokho-1,normal
khpgcimd-1,normal
khpjpkda-1,normal
khpldhpk-1,normal
khpmdccb-1,normal
khpomken-1,normal
khpphoch-1,normal
kiaandmd-1,normal
kiaanhie-1,normal
kiagngkn-1,normal
kiahimfj-1,normal
kiahokih-1,normal
kiakfdpd-1,normal
kiamifed-1,normal
kibbaepb-1,normal
kibcdkli-1,normal
kibdbkfg-1,normal
kibfjanc-1,normal
kicdghkj-1,normal
kickdcac-1,normal
kidaleel-1,normal
kidnhmfl-1,normal
kidnoecl-1,normal
kidnomed-1,normal
kiebmnna-1,normal
kiedaoda-1,normal
kiedgnfo-1,normal
kiegibca-1,normal
kieondgi-1,normal
kiepafnf-1,normal
kifacgdg-1,normal
kifajkep-1,normal
kifblgjk-1,normal
kifclbnh-1,normal
kifhllhm-1,normal
kifkfkpi-1,normal
kifljdjh-1,normal
kigfohci-1,normal
kighakfn-1,normal
kigolahk-1,normal
kihbgaop-1,normal
kihcbddc-1,normal
kihcjmde-1,normal
kihdfoei-1,normal
kihfenai-1,normal
kihkbdhi-1,normal
kihknein-1,normal
kiifppak-1,normal
kiijibmn-1,normal
kiimbioh-1,normal
kijdhnll-1,normal
kijjbccb-1,normal
kijonolb-1,normal
kikaopll-1,normal
kikfmaje-1,normal
kikfoghp-1,normal
kikimgfo-1,normal
kikladki-1,normal
kikmjifb-1,normal
kiknhlob-1,normal
kilahphd-1,normal
kilcdppa-1,normal
kilfofpp-1,normal
kilhncnm-1,normal
kilinhca-1,normal
kiljiame-1,normal
kimckjfd-1,normal
kimdacok-1,normal
kimecfbd-1,normal
kimhfbkl-1,normal
kinegbel-1,normal
kinhplho-1,normal
kinpgbbf-1,normal
kinpjgoh-1,normal
kioaikia-1,normal
kiodeknn-1,normal
kiofjdhj-1,normal
kiofmkha-1,normal
kioibdbm-1,normal
kiolcpff-1,normal
kioneabn-1,normal
kioodllm-1,normal
kipafhae-1,normal
kipcjoog-1,normal
kipgeefl-1,normal
kipidipc-1,normal
kipjilag-1,normal
kippfcig-1,normal
kjadgjeo-1,normal
kjahfgfl-1,normal
kjakpmaj-1,normal
kjbgjnhh-1,normal
kjbgknoa-1,normal
kjbjekjl-1,normal
kjbmjhej-1,normal
kjcedgda-1,normal
kjcgldac-1,normal
kjcgomjk-1,normal
kjcigmmj-1,normal
kjcpihcd-1,normal
kjdejhdj-1,normal
kjdgkeno-1,normal
kjdhpiaa-1,normal
kjdlnfej-1,normal
kjdlojao-1,normal
kjdmeifn-1,normal
kjdnegco-1,normal
kjebhnjk-1,normal
kjecjlne-1,normal
kjefejne-1,normal
kjegamil-1,normal
kjehnioh-1,normal
kjehpoik-1,normal
kjeikceo-1,normal
kjelgglk-1,normal
kjepjlbo-1,normal
kjfafimh-1,normal
kjfjamif-1,normal
kjgbnlfd-1,normal
kjggaomn-1,normal
kjggojnm-1,normal
kjgngoba-1,normal
kjhajeal-1,normal
kjhegjhd-1,normal
kjhhjolo-1,normal
kjhkcpig-1,normal
kjhmccpc-1,normal
kjidnfbf-1,normal
kjifdoki-1,normal
kjiileaa-1,normal
kjilhmce-1,normal
kjjfkbnj-1,normal
kjjgppda-1,normal
kjjhaegc-1,normal
kjjjanlg-1,normal
kjkomofj-1,normal
kjljnehk-1,normal
kjllfged-1,normal
kjlnmoff-1,normal
kjmdlmli-1,normal
kjmnofdi-1,normal
kjmocech-1,normal
kjnbfhjb-1,normal
kjncnkjk-1,normal
kjnehndp-1,normal
kjnfkgma-1,normal
kjnhiieb-1,normal
kjnoppkj-1,normal
kjnpjedp-1,normal
kjodhnle-1,normal
kjoeiheo-1,normal
kjoiapof-1,normal
kjoicakg-1,normal
kjojobkk-1,normal
kjokppop-1,normal
kjonipnh-1,normal
kjoodbbi-1,normal
kjpbkngi-1,normal
kjpcdgpp-1,normal
kjpgjlah-1,normal
kjpidhhf-1,normal
kkacncdp-1,normal
kkadpjel-1,normal
kkanndga-1,normal
kkbadofn-1,normal
kkbdkoem-1,normal
kkbencmc-1,normal
kkbfhhac-1,normal
kkbgnaop-1,normal
kkboghom-1,normal
kkcdkinh-1,normal
kkcemiel-1,normal
kkcgelja-1,normal
kkcklhhf-1,normal
kkdchmog-1,normal
kkdclmed-1,normal
kkdfjpml-1,normal
kkdggepo-1,normal
kkdjnkec-1,normal
kkdkhbno-1,normal
kkdlbnek-1,normal
kkdohdnn-1,normal
kkdphaoe-1,normal
kkemmhgc-1,normal
kkfjcgkk-1,normal
kkgealnl-1,normal
kkgghlkc-1,normal
kkgipbeb-1,normal
kkgohbeh-1,normal
kkgonoml-1,normal
kkhackba-1,normal
kkheanbk-1,normal
kkhekkgh-1,normal
kkhflmmd-1,normal
kkhgpofi-1,normal
kkhjgmoo-1,normal
kkhlkkcp-1,normal
kkhnhmjc-1,normal
kkhpgdmc-1,normal
kkhpmaok-1,normal
kkiacadm-1,normal
kkiahiem-1,normal
kkibcodl-1,normal
kkidccbh-1,normal
kkiihknn-1,normal
kkiinolo-1,normal
kkijejdb-1,normal
kkijngib-1,normal
kkikfegj-1,normal
kkimjhcc-1,normal
kkioapnb-1,normal
kkjdcfho-1,normal
kkjkngoc-1,normal
kkkihdbo-1,normal
kkkimgbi-1,normal
kkkmfbfa-1,normal
kkkmhpni-1,normal
kkkmmhdj-1,normal
kkknnfhi-1,normal
kklbikao-1,normal
kkldnjpg-1,normal
kklfjgab-1,normal
kklfpinl-1,normal
kklmcmdo-1,normal
kklnigdh-1,normal
kklnjmna-1,normal
kkloeibo-1,normal
kkmaagja-1,normal
kkmcecbm-1,normal
kkmcgedk-1,tumor
kkmdjgmp-1,normal
kkmfaaaa-1,normal
kkmfbcii-1,normal
kkmmjfko-1,normal
kkmpekei-1,normal
kknapnig-1,tumor
kknbghdb-1,tumor
kkncmafg-1,tumor
kknfjhcl-1,tumor
kknfjigp-1,tumor
kkngjdch-1,normal
kkniblec-1,normal
kknniljg-1,normal
kknonkkd-1,normal
kkobfaig-1,normal
kkocipic-1,normal
kkohdnle-1,normal
kkoiienm-1,normal
kkomkgfc-1,normal
kkpaegnp-1,normal
kkpkndal-1,normal
klagagek-1,normal
klahnepl-1,normal
klaikpae-1,normal
klbbhbje-1,normal
klbcmolb-1,normal
klbjoclg-1,normal
klcbkpch-1,normal
klchadge-1,normal
klcmiemk-1,normal
klcohhbb-1,normal
klcpdahl-1,tumor
kldamfpd-1,normal
kldbjpnj-1,normal
kldcfhig-1,normal
klddellk-1,normal
kldjdefc-1,normal
kldkdifi-1,normal
kldmhghi-1,normal
kldmmbmj-1,normal
kldoanjf-1,normal
klebilcf-1,normal
klefcfkf-1,normal
klekjfen-1,normal
kleocobp-1,tumor
klepofpj-1,tumor
klfbjgnl-1,normal
klfckfld-1,tumor
klfklnek-1,normal
klfncpko-1,tumor
klfnggkd-1,tumor
klfofhbh-1,normal
klfpahnp-1,tumor
klfphmnb-1,normal
klgbbnel-1,normal
klgdhhcp-1,normal
klgeahkk-1,normal
klghmhaj-1,normal
klgjedce-1,tumor
klgokabh-1,tumor
klhbhdnl-1,tumor
klhooahp-1,normal
kliadmfi-1,normal
klibpbai-1,normal
klilibcm-1,tumor
kljgjnjk-1,normal
kljhcahb-1,tumor
kljimcbi-1,tumor
kljndano-1,normal
klkcnfcn-1,tumor
klkkgllj-1,normal
klklpaih-1,tumor
klkmoojj-1,tumor
klkohjgc-1,tumor
klkoplfk-1,normal
klladncd-1,normal
kllaihob-1,normal
klliakeh-1,tumor
kllihemn-1,normal
klljebci-1,normal
kllkhpbf-1,tumor
kllmknkp-1,tumor
kllokbeh-1,tumor
kllpcjml-1,tumor
kllpegai-1,tumor
klmgkifj-1,normal
klmhohfn-1,tumor
klmibbfn-1,normal
klmigeej-1,normal
klmimmdk-1,normal
klmnloac-1,normal
klmphchm-1,normal
klnbefml-1,normal
klnbmdgc-1,normal
klneidki-1,normal
klngagll-1,normal
klngnoam-1,tumor
klnjajci-1,tumor
klnpekka-1,normal
kloaaebf-1,normal
kloembib-1,normal
klofmdge-1,normal
klokeham-1,normal
klpbhiag-1,normal
klpcabfi-1,normal
klpdfckm-1,tumor
klpgkadh-1,tumor
klphmmcp-1,tumor
klpkjpbi-1,normal
klplflek-1,normal
klplidom-1,tumor
klpooaff-1,tumor
klppjjfb-1,normal
kmabbkde-1,normal
kmabophg-1,tumor
kmadboll-1,tumor
kmadiamm-1,tumor
kmadoaem-1,tumor
kmagonne-1,tumor
kmahmdif-1,tumor
kmakcgcp-1,tumor
kmanmegl-1,tumor
kmbbeoih-1,tumor
kmbbkmed-1,normal
kmbckmhk-1,tumor
kmbejgae-1,tumor
kmbenofa-1,tumor
kmbeppoh-1,tumor
kmbmhjkn-1,normal
kmbncehc-1,normal
kmbnejmk-1,tumor
kmbpfpap-1,tumor
kmccbkcd-1,tumor
kmccnfen-1,normal
kmcgodcm-1,tumor
kmckhdpl-1,tumor
kmcpcgdh-1,normal
kmcpgagg-1,normal
kmdadoop-1,normal
kmdainki-1,normal
kmdblbbc-1,normal
kmdiobem-1,normal
kmdjpmhf-1,normal
kmdkmgol-1,normal
kmdmhnmo-1,normal
kmdpdohf-1,normal
kmefffba-1,tumor
kmejdacj-1,tumor
kmekedhm-1,normal
kmelkeip-1,normal
kmffhnaj-1,normal
kmfgbakk-1,normal
kmficjok-1,normal
kmfmpcho-1,normal
kmfnfmla-1,normal
kmgfbpfp-1,normal
kmgjedlm-1,normal
kmgkallc-1,normal
kmgkloek-1,normal
kmgmagde-1,normal
kmhbahjo-1,normal
kmhbakkk-1,normal
kmhegbog-1,normal
kmhhhkci-1,normal
kmhkcjgm-1,tumor
kmhkphal-1,tumor
kmhoplcd-1,tumor
kmhplocb-1,normal
kmiaidki-1,tumor
kmianbdl-1,normal
kmiaooea-1,tumor
kmicadbo-1,normal
kmicejlf-1,normal
kmidplnj-1,normal
kmigemdg-1,tumor
kmilbllm-1,normal
kmilmjlk-1,tumor
kminfmna-1,normal
kmjdjbll-1,tumor
kmjfkhgo-1,tumor
kmjgmlea-1,tumor
kmjpeejk-1,tumor
kmjpodad-1,tumor
kmkbcgem-1,normal
kmkbigop-1,normal
kmkhielc-1,normal
kmkiphoe-1,normal
kmkjonbd-1,normal
kmkkfeik-1,normal
kmknkkna-1,normal
kmknmmfe-1,normal
kmkonlmk-1,normal
kmlbcpio-1,normal
kmlbdnba-1,normal
kmlepcge-1,normal
kmljglfg-1,tumor
kmmajjcp-1,normal
kmmcbgff-1,normal
kmmfadda-1,tumor
kmmfifnp-1,tumor
kmmhlnjn-1,normal
kmmklmmi-1,normal
kmmmfjaf-1,normal
kmnbbikg-1,tumor
kmnefebm-1,tumor
kmnegcal-1,tumor
kmngddlf-1,tumor
kmnipdlb-1,normal
kmoahkic-1,normal
kmocobim-1,tumor
kmodpmgm-1,tumor
kmoenibd-1,normal
kmokfmlh-1,normal
kmomldoo-1,normal
kmomnbbb-1,normal
kmopbgem-1,normal
kmoplgla-1,normal
kmpbfkcj-1,normal
kmphhdik-1,normal
kmpkgpni-1,normal
kmplefpk-1,normal
kmpnagcf-1,normal
kmponkga-1,normal
kmpopdcg-1,normal
knahghil-1,normal
knahmdlh-1,normal
knajlcbg-1,tumor
knanllgc-1,tumor
knaonell-1,tumor
knbeeofk-1,normal
knbfhdom-1,normal
knbgdclh-1,normal
knbgfihh-1,normal
knbggljf-1,tumor
knbippdb-1,tumor
knbkhbhe-1,normal
kncceicc-1,normal
kncdaklg-1,tumor
kncefodo-1,normal
kncjhghd-1,normal
knclegka-1,tumor
knclkffj-1,normal
kncpnpif-1,normal
kndblgdf-1,normal
kndccbbf-1,normal
kndcpged-1,tumor
knddlapp-1,tumor
kndhpfcj-1,tumor
kndplnbp-1,tumor
knebojbm-1,tumor
knedkeap-1,normal
knefolkh-1,tumor
knegnhbb-1,tumor
kneihopl-1,tumor
knejpbkp-1,tumor
knekbcic-1,tumor
knempolk-1,normal
knfcgjeg-1,normal
knfdgfba-1,normal
knfeanhb-1,normal
knffhhjm-1,normal
knfflpao-1,normal
knfnfden-1,normal
knfokcfh-1,normal
kngcnmic-1,tumor
kngegjnh-1,tumor
knghnpkb-1,normal
kngidbga-1,normal
kngmedli-1,normal
kngmpclo-1,normal
kngnabnc-1,normal
knhbmdia-1,tumor
knhecmkk-1,normal
knhfppbm-1,normal
knhgamfb-1,normal
knhieahg-1,tumor
knhiffhk-1,tumor
knhnbgaf-1,tumor
knhpdjga-1,tumor
knhphgdg-1,tumor
knibdgkn-1,tumor
kniclkpj-1,tumor
kniebndi-1,tumor
knigolcp-1,normal
knigpnjb-1,normal
kniicfdo-1,normal
kniifbim-1,tumor
knikglia-1,tumor
knildpka-1,normal
kningjop-1,normal
knjaomcn-1,normal
knjccbca-1,normal
knjfcacg-1,tumor
knjnnkpg-1,tumor
knjohcbj-1,tumor
knkbkkkg-1,normal
knkmeojj-1,normal
knlahjkp-1,normal
knleadcf-1,normal
knlidnik-1,normal
knljjgpm-1,normal
knlkacmg-1,normal
knllnnpf-1,normal
knlnmjoi-1,tumor
knmdilnc-1,normal
knmecebl-1,tumor
knmfoolc-1,tumor
knmohdjf-1,normal
knmpioao-1,normal
knmpkekl-1,normal
knndgfbk-1,tumor
knnedcfe-1,tumor
knnlndap-1,normal
knoakaji-1,tumor
knocbgpk-1,normal
knoegoae-1,tumor
knoghbjl-1,normal
knogobne-1,tumor
knohnfgc-1,normal
knonpfdm-1,normal
knoojfnj-1,normal
knookihj-1,normal
knpmhean-1,normal
koaabbep-1,normal
koaadohk-1,normal
koaccenf-1,normal
koaecakg-1,normal
koahbhjo-1,tumor
koaibmlj-1,normal
koalepdf-1,normal
kobahogi-1,normal
kobcaiji-1,normal
kobdidmo-1,normal
kobimock-1,normal
koblbaak-1,normal
koblnldk-1,normal
kobmdnik-1,normal
kocadini-1,normal
kocbnfdd-1,normal
kocdkplk-1,normal
kocfnpdk-1,normal
kocleaam-1,normal
koclkmie-1,normal
kocmdhpb-1,normal
kocoockn-1,normal
kocphaim-1,normal
kodchjma-1,normal
koddojmk-1,normal
kodiookb-1,normal
kodjdjoj-1,normal
kodkkoil-1,normal
kodkkokf-1,normal
kodmjfch-1,normal
kodmlacd-1,normal
kodonkej-1,normal
koeaocpe-1,normal
koehpnhg-1,normal
koemgalp-1,normal
koemogch-1,normal
koenaolg-1,normal
koeopojm-1,normal
koepcobl-1,normal
koepiabi-1,normal
koepjpnb-1,normal
kofafcjm-1,normal
kofedgno-1,normal
kofelfin-1,normal
kofflddg-1,normal
kofiekci-1,normal
kogcndpe-1,normal
kogdigmn-1,normal
kogemfkp-1,normal
kogkhdjk-1,normal
koglafie-1,tumor
kogmeiof-1,tumor
kogmgmep-1,tumor
kogmknbg-1,tumor
kogmlcfj-1,tumor
kognjelg-1,tumor
kohbdhbd-1,tumor
kohcehko-1,normal
kohecbhd-1,normal
kohepfgo-1,normal
kohikndl-1,normal
kohkhejk-1,normal
kohpljhm-1,normal
koidfapi-1,normal
koidigaa-1,normal
koifimnf-1,normal
koiicolc-1,normal
koiiimco-1,normal
koijohdo-1,normal
koimklcb-1,normal
koinbiag-1,normal
koiomjcj-1,normal
kojbcnba-1,normal
kojcfidg-1,normal
kojembil-1,normal
kojgnfjm-1,normal
kojhbmmf-1,normal
kojiijej-1,tumor
kojjffkj-1,tumor
kojjmcpo-1,tumor
kojlmeem-1,tumor
kojlnlbi-1,normal
kokbahhk-1,normal
kokdbhjo-1,normal
kokebadn-1,normal
kokhccbl-1,normal
kokjhfgd-1,tumor
kokleogg-1,normal
koklgofi-1,normal
kolalhkj-1,tumor
kolaocke-1,tumor
kolbcmjk-1,normal
kolbekhg-1,tumor
koldempe-1,tumor
koldoeek-1,normal
kolifmef-1,normal
kolijdmf-1,normal
kolkjbhh-1,normal
kolmhaff-1,normal
kolnpoil-1,normal
komlflfh-1,normal
komlpmbb-1,normal
komplmni-1,normal
koobcbgj-1,tumor
koobfoen-1,tumor
koodaaco-1,tumor
koodlahl-1,normal
koohdido-1,normal
koohpgbl-1,normal
koojklln-1,normal
kookhkam-1,normal
kookihhg-1,normal
koonjdcn-1,normal
kopbkipo-1,normal
kopbldpg-1,normal
kopdpdmf-1,normal
kopiaabe-1,normal
kopiaikn-1,normal
kopigkmf-1,tumor
kopkakba-1,tumor
koppefij-1,tumor
kpacifcf-1,normal
kpacppfo-1,normal
kpadpgog-1,normal
kpaejjnd-1,normal
kpafjjic-1,normal
kpakjcda-1,normal
kpallncd-1,normal
kpaojhgd-1,tumor
kpapoeba-1,normal
kpbefphg-1,normal
kpblehgd-1,normal
kpbligfk-1,normal
kpcajpdd-1,tumor
kpcllkmg-1,tumor
kpcooall-1,tumor
kpdaafpm-1,tumor
kpddidoi-1,tumor
kpdghnpd-1,tumor
kpdhbaha-1,tumor
kpdkllbi-1,tumor
kpdlpgpo-1,tumor
kpdobooc-1,tumor
kpeabpli-1,tumor
kpeapmog-1,tumor
kpeelllf-1,tumor
kpeeoejg-1,normal
kpefahlo-1,normal
kpejbejk-1,normal
kpekdfgl-1,normal
kpfjeoma-1,tumor
kpfkimdo-1,normal
kpfknchl-1,tumor
kpfmfgmm-1,tumor
kpgbjpce-1,tumor
kpgidnmc-1,tumor
kpgleeai-1,tumor
kpglkaaf-1,tumor
kpgminpa-1,tumor
kpgohlpg-1,normal
kphadnhj-1,normal
kphafccc-1,normal
kphbdhem-1,normal
kphbimip-1,normal
kphhdijg-1,normal
kphjdpmm-1,normal
kphjhjam-1,normal
kphkjbmn-1,normal
kphkpelp-1,normal
kphmgcde-1,tumor
kphobgdc-1,normal
kphpbnfg-1,normal
kpiabhkp-1,normal
kpijjkcb-1,normal
kpipacoj-1,normal
kpipnbjn-1,normal
kpjadndk-1,normal
kpjamejf-1,normal
kpjecgmp-1,normal
kpjjgceo-1,normal
kpjldenp-1,normal
kpjldinp-1,normal
kpkaobik-1,normal
kpkdlknl-1,normal
kpkfcejl-1,normal
kpkgjbgm-1,tumor
kpkhfokm-1,normal
kpleniio-1,normal
kplgokab-1,tumor
kplgphjj-1,normal
kpljofmn-1,normal
kplpapnp-1,normal
kpmclpen-1,normal
kpmkcfac-1,normal
kpmnnjjc-1,normal
kpmpjphg-1,normal
kpmpllno-1,normal
kpnabfmf-1,normal
kpndlefd-1,normal
kpngkmdi-1,normal
kpnibdkf-1,normal
kpnihdjp-1,normal
kpnihmdh-1,normal
kpnjmfgf-1,normal
kpnlcmcd-1,normal
kpnolnhd-1,normal
kpnpokid-1,normal
kpogpemj-1,normal
kpohiifd-1,tumor
kpokfcmn-1,tumor
kpomifbe-1,normal
kponapaa-1,tumor
kponhogc-1,normal
kponjlnj-1,tumor
kpoocpic-1,tumor
kppancap-1,tumor
kppdijfm-1,tumor
kppgaenc-1,tumor
kppgpgan-1,tumor
kpppgigl-1,tumor
laacikpf-1,tumor
laahkkeb-1,tumor
laanmfel-1,tumor
labkdbap-1,normal
lacalekf-1,normal
lacbahoe-1,tumor
lacceefi-1,normal
lacfcpgn-1,normal
lacikhek-1,tumor
lacimjfc-1,tumor
lacoaclh-1,tumor
lacpkbga-1,normal
lacppjhm-1,tumor
laddiipp-1,normal
laddnknd-1,normal
ladedgll-1,normal
ladflgde-1,normal
laebjkmh-1,tumor
laeblhgo-1,tumor
laefbkkc-1,tumor
laefjlon-1,normal
laenmmnp-1,normal
laeoenoe-1,normal
laeogpbd-1,normal
laffceba-1,tumor
lafgdfie-1,normal
lafginpb-1,normal
lafhbidh-1,normal
lafjcehp-1,normal
lagcpbei-1,normal
lagjmjfe-1,normal
lagpbbja-1,normal
lahcleea-1,normal
lahdikci-1,tumor
laheboca-1,normal
lahfcpka-1,tumor
lahhdpfk-1,tumor
lahiabcc-1,normal
lahnlmon-1,normal
lahnpbpj-1,normal
laibokok-1,normal
laihcdcm-1,normal
laihgbbi-1,tumor
laimjkon-1,tumor
laipefei-1,tumor
laippobi-1,tumor
lajbkfaf-1,normal
lajbomol-1,tumor
lajedmkd-1,tumor
lajejpbe-1,normal
lajfjohf-1,tumor
lajjdojl-1,normal
lajlkfcg-1,normal
lajoemgc-1,normal
lajpapgh-1,normal
lajpeano-1,normal
lakckeda-1,normal
lakflmad-1,tumor
lakjadki-1,normal
lakjecjb-1,normal
lakknbjm-1,normal
lakmphee-1,normal
laknaeam-1,normal
lalckeod-1,tumor
lalclmjo-1,tumor
laldnifh-1,normal
laleapje-1,normal
lalgodne-1,normal
lalhmhkm-1,tumor
laljhekb-1,tumor
laljjoof-1,normal
laloneog-1,normal
lambhhnl-1,normal
lamhenan-1,normal
lamigiic-1,normal
lammidkm-1,normal
lammondf-1,normal
lamoncfk-1,normal
lanaakha-1,normal
lanalfcm-1,normal
lanbpokb-1,normal
lanlkkgl-1,tumor
lannnfmc-1,normal
lanoefap-1,tumor
lanoenee-1,normal
laoadcph-1,normal
laobfalb-1,normal
laoblhjc-1,normal
laodgebc-1,normal
laoecceg-1,normal
laofmlen-1,normal
laojdgmm-1,normal
laomolfp-1,normal
laoofggn-1,normal
laopembf-1,normal
lapikenm-1,normal
lapjbcbf-1,normal
lbabakab-1,normal
lbacbaag-1,normal
lbacfkdn-1,normal
lbafeilb-1,normal
lbbchmoc-1,tumor
lbbilbfk-1,tumor
lbbkpgnb-1,tumor
lbbnajmf-1,normal
lbcaidhk-1,normal
lbccdkmg-1,normal
lbcecppg-1,normal
lbciccea-1,normal
lbclplkn-1,normal
lbcmmepl-1,normal
lbcplgbp-1,normal
lbdfdmek-1,normal
lbdfjjah-1,tumor
lbdneicm-1,normal
lbdpfkap-1,normal
lbeaidfg-1,normal
lbeemnhj-1,normal
lbegefoc-1,normal
lbeldccd-1,normal
lbfoknif-1,normal
lbgcnlcg-1,normal
lbgkdhoc-1,normal
lbgnljcj-1,tumor
lbgopgia-1,normal
lbgpogef-1,normal
lbhbjkln-1,normal
lbhfgali-1,normal
lbhhckff-1,normal
lbhmkjnl-1,normal
lbhnchpi-1,normal
lbhpadpb-1,normal
lbhpdmfe-1,normal
lbiblbef-1,normal
lbiilikp-1,normal
lbiklfme-1,normal
lbilkjha-1,normal
lbimccah-1,normal
lbjannpf-1,normal
lbjcokef-1,normal
lbjjogng-1,normal
lbjlffke-1,normal
lbjnafgb-1,normal
lbjojpgf-1,normal
lbkaocnn-1,tumor
lbkggllp-1,normal
lbkjalmj-1,normal
lbkoehdl-1,normal
lbkoijle-1,normal
lblbmlef-1,normal
lblhjhmf-1,normal
lblihffh-1,normal
lblpimik-1,normal
lbmcabio-1,normal
lbmdhffj-1,normal
lbmecjan-1,tumor
lbmedeae-1,tumor
lbmfffep-1,tumor
lbmfhpbb-1,tumor
lbmhnfjp-1,normal
lbmnchen-1,normal
lbncgnpl-1,normal
lbnpnhmk-1,normal
lboanpai-1,normal
lbobdico-1,normal
lbobhapj-1,normal
lbobnlak-1,normal
lbocfihk-1,normal
lbofcgmf-1,normal
lbohkhfb-1,normal
lbokenhn-1,normal
lbpablid-1,normal
lbpbleeb-1,normal
lbpegjkg-1,normal
lbphnanl-1,normal
lbpjcajp-1,normal
lbpjenci-1,normal
lbpnhhbe-1,normal
lbpnijpf-1,normal
lbpooifh-1,normal
lcaacgfj-1,normal
lcalnefg-1,normal
lcanliag-1,normal
lcbccbcf-1,normal
lcbcodfb-1,normal
lcbfelnk-1,normal
lcbiealn-1,normal
lcbkkdpf-1,normal
lcbkppmp-1,normal
lcblbloa-1,tumor
lccjebab-1,normal
lccjhgbl-1,normal
lcckojng-1,normal
lcdndmgn-1,normal
lceckbjo-1,normal
lcedelco-1,normal
lcediihn-1,normal
lcedpmam-1,normal
lcegiamn-1,normal
lceikgea-1,normal
lcejgnfc-1,normal
lcfaacnn-1,normal
lcflnnjk-1,tumor
lcfohidj-1,tumor
lcfojgaf-1,normal
lcfpjngc-1,normal
lcgjnana-1,normal
lcgjpmij-1,normal
lchejhjl-1,normal
lchhhaig-1,tumor
lchjpmld-1,tumor
lchkjhjo-1,tumor
lcholedf-1,tumor
lcihgfph-1,normal
lciiecef-1,tumor
lcildchg-1,tumor
lcjbapki-1,tumor
lcjcekip-1,tumor
lcjegehd-1,normal
lcjegmee-1,normal
lcjfpfmf-1,normal
lcjgcnai-1,tumor
lcjlhaib-1,normal
lcjpaoif-1,tumor
lckkbono-1,tumor
lckmbagh-1,normal
lckmocka-1,normal
lckokapn-1,normal
lclbmnpc-1,normal
lclefmdh-1,tumor
lclpknmb-1,tumor
lcmakpak-1,tumor
lcmcgfna-1,tumor
lcmeniih-1,tumor
lcmeokgm-1,tumor
lcmfeece-1,tumor
lcmhfipk-1,normal
lcmjcmng-1,normal
lcmlcila-1,tumor
lcmmlhag-1,tumor
lcmnfppl-1,tumor
lcmooepg-1,tumor
lcnbclgm-1,tumor
lcnfejlb-1,tumor
lcnhochg-1,tumor
lcocemgg-1,tumor
lcohmlab-1,normal
lcoicbmc-1,tumor
lcoihioa-1,normal
lcoiiffa-1,normal
lcolcanj-1,normal
lconiimn-1,normal
lcoobfif-1,normal
lcpakodi-1,normal
lcpdgoai-1,normal
lcpledck-1,tumor
lcpnfnif-1,tumor
lcpnoafo-1,tumor
lcpojgem-1,tumor
lcppaggo-1,normal
lcppinbl-1,normal
ldaadphk-1,normal
ldaalobh-1,normal
ldachoib-1,normal
ldacpnnb-1,tumor
ldafelpg-1,tumor
ldagffgo-1,tumor
ldaggnbd-1,normal
ldaghdkl-1,tumor
ldajmfcd-1,normal
ldapjomf-1,normal
ldapknjg-1,normal
ldapmaog-1,tumor
ldbefmhi-1,normal
ldblfhim-1,normal
ldbodfkn-1,normal
ldbodmne-1,tumor
ldbpohdh-1,normal
ldcgagkm-1,normal
ldcjigcf-1,normal
ldcohflk-1,tumor
lddaicmk-1,tumor
lddieakg-1,tumor
lddpkbcc-1,normal
ldecdmac-1,tumor
ldeckcmc-1,tumor
ldecnabd-1,normal
ldecpddb-1,tumor
ldedcogc-1,tumor
ldehgcjn-1,tumor
ldejpbjp-1,tumor
ldelefac-1,tumor
ldelkhgp-1,tumor
ldelofob-1,tumor
ldfdlgki-1,tumor
ldfggcmb-1,tumor
ldfhddnb-1,tumor
ldfiefka-1,normal
ldfljblj-1,tumor
ldgaiclh-1,normal
ldgdfhoj-1,normal
ldgecfnh-1,normal
ldglaggj-1,normal
ldhaakja-1,normal
ldhgjdke-1,normal
ldhjjmmb-1,normal
ldhjnoai-1,normal
ldhkgnpf-1,tumor
ldhnnokg-1,tumor
ldhofcdh-1,normal
ldiccpho-1,normal
ldinhkep-1,normal
ldipmhea-1,normal
ldjbenfg-1,normal
ldjcakhh-1,normal
ldjkedah-1,normal
ldjmdlkb-1,normal
ldjmjkch-1,tumor
ldjnlhoh-1,tumor
ldjnmdpi-1,tumor
ldkdembj-1,tumor
ldkenkba-1,normal
ldkmedkf-1,normal
ldknegng-1,normal
ldldmdhm-1,tumor
ldleffcp-1,normal
ldlfnlbl-1,normal
ldlilhbe-1,normal
ldlkloph-1,tumor
ldlkplki-1,tumor
ldmgilpa-1,normal
ldmnaohg-1,normal
ldmombal-1,normal
ldmpcdll-1,normal
ldnahhdo-1,normal
ldneknlg-1,normal
ldoamefo-1,normal
ldodpcoc-1,normal
ldofenkd-1,tumor
ldojnfki-1,normal
ldokacdb-1,normal
ldokcngi-1,normal
ldonokfo-1,normal
ldpbhcko-1,normal
ldphelaf-1,normal
ldphpfki-1,tumor
ldpnffal-1,normal
ldppbdca-1,normal
leabcnkf-1,normal
leaekngl-1,normal
leaggfkf-1,normal
leagjlfj-1,normal
leanfcnd-1,normal
lebdgeph-1,normal
lebdpjkd-1,normal
lebfifpd-1,normal
lebiaadb-1,normal
lebkonkl-1,normal
lebohhao-1,normal
lechapdc-1,normal
lecjcgmp-1,normal
ledamkjm-1,tumor
ledoaabe-1,normal
leeaanpn-1,normal
leeieoge-1,tumor
leelilfl-1,tumor
leeocalk-1,normal
leffihce-1,tumor
lefhfafj-1,tumor
lefibfgh-1,normal
lefiieoa-1,normal
lefnemhj-1,normal
legdigfk-1,normal
legelpbi-1,normal
legndjnm-1,normal
lehmeigl-1,normal
leidnplo-1,normal
leighlag-1,tumor
leigllei-1,normal
leignolo-1,normal
leihiphn-1,normal
leiieloa-1,normal
leiipfge-1,normal
leijmjlh-1,normal
leileipc-1,normal
lejciihj-1,normal
lejdbfff-1,tumor
lejhgoib-1,normal
lejhjdoc-1,normal
lejiakfi-1,tumor
lejjahab-1,tumor
lejkeokl-1,tumor
lejkgcoe-1,tumor
lejnjled-1,normal
lejnmhgf-1,tumor
lekbniok-1,normal
lekdmjeb-1,tumor
lekeamgh-1,tumor
leknpalf-1,normal
lekobaog-1,normal
lekoffki-1,tumor
lekopmab-1,tumor
leldcijo-1,normal
lelpmogj-1,normal
lelpojgj-1,normal
lemefioc-1,normal
lemejhip-1,tumor
lemhjcna-1,tumor
leminanl-1,tumor
lemkcjnn-1,normal
leocknpa-1,normal
leofibaj-1,tumor
leoiaabd-1,normal
leojhlde-1,tumor
leojmckd-1,normal
leokcmid-1,normal
leolflao-1,normal
lepdfomf-1,normal
lepfdckn-1,normal
lepgalen-1,normal
lephammi-1,normal
lephboog-1,normal
lephkmhn-1,normal
leppamfh-1,normal
lfabjgdi-1,normal
lfacafal-1,tumor
lfaepkem-1,tumor
lfakcmhh-1,normal
lfaklffb-1,normal
lfanakng-1,normal
lfbalhdg-1,normal
lfboikhj-1,normal
lfcafclp-1,normal
lfccebof-1,normal
lfchlofj-1,normal
lfcifbef-1,normal
lfcilajo-1,normal
lfdcmjda-1,normal
lfdplddo-1,normal
lfedkpje-1,normal
lfejfkli-1,normal
lfekbnla-1,normal
lfelmamd-1,tumor
lfeokoab-1,normal
lfhikcco-1,normal
lfhmlkmm-1,normal
lfhobdhj-1,normal
lfhpldkp-1,normal
lfiakphj-1,normal
lficjchd-1,normal
lfiggggn-1,normal
lfigjcnl-1,normal
lfiipebg-1,normal
lfipoljl-1,normal
lfjhknag-1,normal
lfkfohgj-1,normal
lfmbpcid-1,normal
lfmfgjej-1,normal
lfmggijm-1,normal
lfmglalc-1,tumor
lfmiieic-1,tumor
lfmjgpnd-1,tumor
lfmlbmid-1,normal
lfmnhjac-1,normal
lfnilhih-1,tumor
lfnjbhhi-1,tumor
lfnjgola-1,tumor
lfnjmldg-1,tumor
lfnkinmc-1,tumor
lfnkmcab-1,normal
lfnmpcba-1,normal
lfnnjlpm-1,normal
lfobgcfk-1,normal
lfocihdl-1,normal
lfocpolh-1,tumor
lfoffphh-1,normal
lfogjajp-1,normal
lfogkbko-1,normal
lfogmeag-1,tumor
lfolcnld-1,tumor
lfpaegcp-1,normal
lfpdnlib-1,normal
lfpgbggm-1,normal
lfpicmbi-1,normal
lfpkgclg-1,tumor
lfpncloj-1,normal
lfppdago-1,normal
lgachnlp-1,normal
lgajgife-1,normal
lgalnpnf-1,normal
lgambjic-1,tumor
lgamkmee-1,tumor
lgaohjce-1,normal
lgbbdbgl-1,tumor
lgbbploj-1,tumor
lgbcjdnl-1,normal
lgbefjgi-1,tumor
lgbgghdj-1,normal
lgbgmlef-1,tumor
lgbiflbc-1,normal
lgbknahj-1,normal
lgbmdded-1,normal
lgboblnj-1,tumor
lgbpaege-1,normal
lgbpjjae-1,tumor
lgcdcaga-1,normal
lgcdmbch-1,normal
lgceeial-1,normal
lgcejngp-1,normal
lgcgjfgb-1,normal
lgciaghc-1,normal
lgcifakm-1,normal
lgcinnfh-1,normal
lgckagma-1,normal
lgckhbei-1,normal
lgcmmlgd-1,tumor
lgcocjni-1,tumor
lgdaaebd-1,tumor
lgdkomoh-1,tumor
lgdlgdjd-1,normal
lgdmhenm-1,tumor
lgdmmjlf-1,normal
lgdnmloa-1,tumor
lgdoehbb-1,tumor
lgdpplkc-1,tumor
lgecijad-1,tumor
lgefoffm-1,tumor
lgegcflp-1,tumor
lgehibbm-1,tumor
lgeikepg-1,tumor
lgennfbl-1,normal
lgfbafam-1,normal
lgffjacl-1,normal
lgfijkie-1,normal
lgfjcagc-1,tumor
lgfkbdgc-1,normal
lgfmnjhk-1,tumor
lggachlk-1,tumor
lggakggm-1,normal
lggaokfn-1,normal
lggbejob-1,normal
lggfaede-1,normal
lggiepcn-1,normal
lggjjjmi-1,normal
lggjnlel-1,tumor
lggnhipo-1,normal
lggopala-1,tumor
lghdheob-1,normal
lghideim-1,tumor
lghjnfkc-1,normal
lghlaeip-1,tumor
lghnpclp-1,tumor
lghphdab-1,tumor
lgiaelcb-1,tumor
lgialghe-1,tumor
lgibbkmf-1,tumor
lgicmobe-1,tumor
lgidodph-1,normal
lgiimafh-1,normal
lgjklgkd-1,normal
lgjpepeb-1,tumor
lgkakkfk-1,normal
lgkhdnoj-1,normal
lgkiaonp-1,normal
lgkjjcao-1,normal
lgkjjinf-1,normal
lgkpcndn-1,normal
lglhmioc-1,normal
lglieodm-1,normal
lgliocll-1,normal
lglipnpk-1,normal
lgllachm-1,normal
lgmgbjlp-1,normal
lgmkneph-1,normal
lgmmnfdc-1,normal
lgnabjbk-1,normal
lgnabogo-1,normal
lgnebhoe-1,normal
lgnedmpn-1,normal
lgnfkffo-1,normal
lgngdjfm-1,normal
lgnimmji-1,normal
lgoffndb-1,tumor
lgognmib-1,normal
lgohimih-1,normal
lgoifgpp-1,tumor
lgoifmmp-1,tumor
lgopicdp-1,normal
lgpaafec-1,normal
lgpaanbk-1,normal
lgpaedeg-1,tumor
lgpbeaed-1,tumor
lgpcambi-1,tumor
lgpglgmm-1,tumor
lgphbhgc-1,tumor
lgpklnih-1,tumor
lgplklab-1,tumor
lgpnfdck-1,tumor
lgpnlpmh-1,tumor
lgpnmoko-1,tumor
lhadjhlj-1,tumor
lhaehife-1,tumor
lhafljjg-1,normal
lhahkmhm-1,normal
lhalhjfn-1,tumor
lhanddce-1,normal
lhanphkd-1,normal
lhaoejfi-1,tumor
lhbeahgn-1,tumor
lhbggbfl-1,normal
lhbhldfd-1,normal
lhbjdime-1,normal
lhbjjnli-1,normal
lhbkfjdh-1,tumor
lhblfoll-1,tumor
lhboijkf-1,normal
lhboipij-1,normal
lhbpenkk-1,normal
lhccfdaj-1,tumor
lhccibfl-1,normal
lhckfoon-1,normal
lhcnccgg-1,normal
lhdagneo-1,tumor
lhdanlmf-1,tumor
lhdapakp-1,tumor
lhdbaijo-1,normal
lhdchgke-1,tumor
lhdelnom-1,tumor
lhdfnnoh-1,normal
lhdobhga-1,normal
lhdocifj-1,normal
lhechmic-1,normal
lheeimcd-1,normal
lhehbpke-1,normal
lhgccnak-1,normal
lhgcobjn-1,normal
lhgdjpjl-1,normal
lhggbggp-1,normal
lhgkafmh-1,normal
lhgobddh-1,tumor
lhhafhfd-1,tumor
lhhjkonf-1,normal
lhhljkio-1,tumor
lhhncjdh-1,normal
lhiaipem-1,normal
lhicnamk-1,tumor
lhikhfde-1,normal
lhjgccob-1,tumor
lhjgocgf-1,normal
lhjijhdm-1,normal
lhjjiegb-1,tumor
lhjligil-1,tumor
lhjlpgnf-1,tumor
lhjpjoin-1,normal
lhkcgokg-1,normal
lhkdbdfl-1,normal
lhkfigod-1,normal
lhkliclh-1,tumor
lhkmhmbj-1,tumor
lhknimip-1,tumor
lhkobipd-1,normal
lhldnkbb-1,normal
lhleegec-1,normal
lhleepll-1,normal
lhlfapei-1,normal
lhlhjpfj-1,normal
lhlhngig-1,normal
lhmaemic-1,normal
lhmdogkk-1,tumor
lhmgoecc-1,normal
lhmiefml-1,normal
lhmnkjnc-1,normal
lhmpcbif-1,normal
lhnbbagn-1,normal
lhnfball-1,normal
lhnibgel-1,normal
lhnkploo-1,tumor
lhnmpbco-1,tumor
lhodjmog-1,tumor
lhofohgj-1,tumor
lhojgeja-1,tumor
lhokifcn-1,tumor
lhoookcg-1,tumor
lhopmcpa-1,normal
lhpggebm-1,normal
lhphkhbk-1,tumor
lhpiggia-1,normal
lhpildph-1,normal
lhpkchho-1,normal
lhpnfeoc-1,tumor
lhponiec-1,normal
lhppblji-1,normal
lhppkkfo-1,normal
liaaeodo-1,normal
liahljao-1,normal
liakclgk-1,normal
liakopei-1,normal
liaoknnl-1,tumor
libdadfl-1,normal
libdkpda-1,normal
libhahag-1,tumor
libhhija-1,normal
libkdneb-1,normal
liblchbn-1,normal
libolgio-1,tumor
licdknfb-1,normal
lickhdbc-1,normal
lidfbbdj-1,normal
lidokloj-1,normal
lidpombn-1,normal
liedkobo-1,normal
liegcckk-1,normal
lifgcege-1,tumor
lifgdeia-1,normal
lifgplej-1,normal
lifhkipm-1,normal
lifmhkeg-1,normal
ligiojfp-1,normal
ligkoadk-1,tumor
ligmoeom-1,normal
lignnaen-1,normal
ligpdljo-1,normal
lihblkhc-1,normal
lihkppoa-1,normal
liiamlao-1,normal
liifjphj-1,normal
lijbflbn-1,normal
lijidkgi-1,normal
lijoaifh-1,normal
lijogkho-1,normal
likabfmf-1,normal
likamgfg-1,normal
likbafdi-1,normal
likgjpfe-1,normal
likhjlhk-1,normal
liklcoak-1,tumor
liklgpgg-1,tumor
likngehk-1,tumor
likolkeh-1,tumor
lilciihd-1,tumor
lilidaff-1,tumor
lilmfnke-1,tumor
limafeja-1,normal
limbnmmm-1,normal
limcbhpn-1,normal
limealbi-1,normal
limgjhop-1,normal
limkiomn-1,normal
limlnbda-1,normal
limnfgld-1,normal
lindbffd-1,normal
liniebha-1,normal
linnnipl-1,normal
liokljff-1,normal
liokpmpi-1,normal
liolofem-1,tumor
liopbbnc-1,tumor
lipafmeh-1,tumor
lipalbja-1,tumor
lipeggnf-1,tumor
liphafel-1,tumor
lipimflk-1,tumor
lipjiimn-1,tumor
lipkdfnf-1,tumor
liplihmf-1,tumor
lipnicfc-1,tumor
lipplbkm-1,tumor
ljaaidpl-1,tumor
ljadlckp-1,tumor
ljaeidnd-1,tumor
ljafkjec-1,tumor
ljafklad-1,tumor
ljahjjap-1,tumor
ljaijebi-1,normal
ljbanpoj-1,normal
ljbblfdl-1,tumor
ljbdefho-1,tumor
ljbgegdi-1,normal
ljbggldi-1,normal
ljblfkip-1,normal
ljcbieee-1,normal
ljceenpn-1,normal
ljchdemm-1,normal
ljchkdnf-1,normal
ljchopkk-1,normal
ljckjlol-1,normal
ljcldapn-1,normal
ljcllfim-1,normal
ljddfgij-1,normal
ljdekkpp-1,tumor
ljdjekgk-1,tumor
ljdjhfdm-1,tumor
ljdkgand-1,normal
ljdknamb-1,normal
ljdljmdj-1,tumor
ljdofnnh-1,tumor
ljeakoki-1,normal
ljebcejn-1,normal
ljecanjb-1,normal
ljejachd-1,normal
ljeocnkj-1,normal
ljfkhmlc-1,normal
ljgeobcb-1,normal
ljgpddjl-1,normal
ljhdojkf-1,normal
ljheebdd-1,normal
ljhhicee-1,normal
ljhlgcaf-1,normal
ljiaanaa-1,normal
ljidcfki-1,normal
ljifbfdo-1,normal
ljihdiee-1,normal
ljiiilol-1,tumor
ljiiomoa-1,normal
ljijmpcb-1,tumor
ljineedb-1,tumor
ljipmfob-1,normal
ljjaiden-1,normal
ljjfbbhk-1,normal
ljjjgbog-1,normal
ljjkieho-1,normal
ljjofhnm-1,normal
ljjogngf-1,normal
ljkafokp-1,normal
ljkejaje-1,normal
ljkekfgk-1,normal
ljkgmgen-1,normal
ljklbkim-1,normal
ljkpokmp-1,normal
ljlchhno-1,normal
ljlfdbjb-1,normal
ljlggobc-1,normal
ljlhnihp-1,normal
ljljfdjg-1,normal
ljljoodm-1,tumor
ljljpkch-1,normal
ljmafjmg-1,normal
ljnaclog-1,normal
ljnfnhmc-1,tumor
ljnidkbn-1,tumor
ljnilcej-1,normal
ljnlagap-1,tumor
ljnlbmhp-1,normal
ljnociog-1,normal
ljoaogkc-1,normal
ljodgmjh-1,normal
ljpakaoh-1,tumor
ljpbcgif-1,tumor
ljpbfleg-1,tumor
ljpboenc-1,tumor
ljpdbffm-1,normal
ljpjnogi-1,normal
ljplcbpm-1,tumor
ljpmbmcd-1,normal
ljppbmfl-1,tumor
lkacbbbh-1,tumor
lkacjklf-1,tumor
lkadhofo-1,normal
lkajeekh-1,normal
lkbfomdp-1,normal
lkbmloef-1,normal
lkcfalej-1,normal
lkcgfakf-1,tumor
lkckinbk-1,tumor
lkckompa-1,normal
lkcnkobf-1,normal
lkcolifl-1,normal
lkdbpiih-1,tumor
lkdkjjgj-1,tumor
lkdmacih-1,tumor
lkdmaecd-1,tumor
lkdmonaa-1,tumor
lkebmbho-1,tumor
lkecgmcb-1,tumor
lkeejmhk-1,normal
lkejdejm-1,normal
lkekgkib-1,normal
lkempcbd-1,normal
lkenieoo-1,normal
lkepleip-1,normal
lkffmlol-1,normal
lkfgjogp-1,normal
lkfglfeh-1,normal
lkgbmhli-1,normal
lkgeimij-1,normal
lkglajmm-1,normal
lkgnfcdc-1,normal
lkgnijkp-1,normal
lkhbfgjc-1,normal
lkhgngee-1,normal
lkhhkjmb-1,normal
lkhpcblp-1,normal
lkiajknj-1,normal
lkieillj-1,normal
lkignedj-1,normal
lkijhppc-1,normal
lkilchbl-1,normal
lkimclif-1,normal
lkjcnjgm-1,normal
lkjngfif-1,normal
lkkccffg-1,normal
lkkiinga-1,normal
lkkpdcfj-1,normal
lkkppckf-1,normal
lkldclhe-1,normal
lkljfkeb-1,normal
lkmbgbaa-1,normal
lkmedhdk-1,normal
lkmgcilo-1,normal
lkmjiipe-1,normal
lkmkmmmf-1,normal
lknbegip-1,normal
lknegoab-1,normal
lknhbnpi-1,normal
lknhhdjm-1,normal
lknhmilc-1,normal
lknilega-1,normal
lknilgie-1,normal
lknmfblm-1,normal
lkoagoad-1,normal
lkoclohl-1,normal
lkoedhdf-1,tumor
lkofadep-1,normal
lkogomik-1,normal
lkohdmpm-1,tumor
lkokhcfk-1,normal
lkpfbbph-1,normal
lkphgmof-1,normal
lkpokhnn-1,normal
llaadhmg-1,normal
lladejgo-1,normal
llaebedb-1,normal
llaepkhe-1,normal
llafmnlh-1,normal
llahalmm-1,normal
llanjmfl-1,normal
llbbbemk-1,normal
llbclhdk-1,normal
llbiccjl-1,normal
llbiiloc-1,normal
llbijblg-1,normal
llbmmcpg-1,normal
llboaijk-1,normal
llcbpbmf-1,normal
llcdjofi-1,normal
llceolml-1,normal
llcgdjki-1,normal
llcgindl-1,normal
llchdlcn-1,normal
llcmlmlb-1,normal
llcnlmok-1,normal
llcpdedi-1,normal
llcphjgb-1,normal
llcpigfo-1,normal
lldbadoa-1,normal
lldbnoem-1,normal
lldddiam-1,normal
lldelloa-1,normal
lldinoca-1,normal
lldmjlen-1,normal
lldmoein-1,normal
lledkmlj-1,normal
llegkpad-1,tumor
lleligkj-1,normal
lleobmif-1,normal
llfakfkg-1,normal
llfbdgek-1,normal
llfbgfob-1,normal
llfdhdbn-1,normal
llfjbace-1,normal
llfjdlmk-1,tumor
llfpbbom-1,normal
llgaaplb-1,normal
llhaahom-1,normal
llhajbnb-1,normal
llhbccjm-1,normal
llhdogbd-1,normal
llhmogfb-1,normal
llhnkfae-1,normal
llhnnbfm-1,normal
llhnoajn-1,tumor
llholejb-1,tumor
llhonmfc-1,tumor
lliaacil-1,tumor
llidaflm-1,tumor
llifblkn-1,tumor
llifgfkm-1,tumor
lliockef-1,tumor
lljeajhh-1,normal
lljelfgp-1,tumor
lljfahcp-1,tumor
lljneaae-1,tumor
lljppkff-1,normal
llkidnmd-1,normal
llkjacko-1,normal
llkjffim-1,normal
llknihce-1,tumor
lllbbgdo-1,normal
lllfmcoi-1,normal
lllogkim-1,tumor
llmagkdf-1,tumor
llmbfiop-1,normal
llmdiofk-1,normal
llmefjbn-1,tumor
llmelblk-1,normal
llmhmjdf-1,normal
llmkmecp-1,normal
llmnidfc-1,normal
llnalkhk-1,normal
llnbeile-1,tumor
llnbkhpa-1,tumor
llndojpa-1,normal
llnlbmhi-1,normal
llobcdel-1,tumor
llobfckd-1,normal
llofigcm-1,tumor
llohomka-1,tumor
llooifjd-1,normal
llpakobp-1,normal
llpcikfb-1,normal
llpdoabi-1,normal
llpinhop-1,normal
llpolkck-1,normal
llpopmfp-1,normal
lmaijage-1,normal
lmangalk-1,tumor
lmbajhap-1,tumor
lmbbapae-1,tumor
lmbbgppl-1,normal
lmbmhaii-1,tumor
lmbngaie-1,tumor
lmbpfbcm-1,tumor
lmceegjf-1,normal
lmcgahig-1,normal
lmcjngad-1,normal
lmckehel-1,normal
lmcnedep-1,normal
lmcnenih-1,normal
lmcnncik-1,normal
lmcpbdpj-1,normal
lmdahihp-1,normal
lmdanfgm-1,tumor
lmdbeiha-1,normal
lmdchlcl-1,tumor
lmdeolih-1,normal
lmdffjdk-1,normal
lmdfjkbk-1,normal
lmdglibf-1,normal
lmdhknjc-1,normal
lmdpkmke-1,tumor
lmeebapc-1,normal
lmeecoeh-1,normal
lmeiiafg-1,normal
lmellmad-1,normal
lmfaoefo-1,normal
lmfchebk-1,tumor
lmfdiigf-1,tumor
lmfjepcb-1,tumor
lmfkaaga-1,normal
lmfpdfhe-1,normal
lmfpoeln-1,tumor
lmgajhgi-1,normal
lmgalbnn-1,normal
lmgkempi-1,normal
lmhafcjl-1,normal
lmhdifcp-1,normal
lmhklkff-1,normal
lmhmjhba-1,normal
lmidmbja-1,normal
lmiebcif-1,normal
lmijbpdl-1,normal
lmijdodb-1,tumor
lmimnjgp-1,normal
lmipfgbb-1,normal
lmjieebc-1,normal
lmjnfeom-1,normal
lmkcacop-1,normal
lmkcmaoe-1,tumor
lmkefbnk-1,normal
lmkgkned-1,normal
lmkhobkk-1,normal
lmklabfo-1,normal
lmkodkal-1,normal
lmkolhbn-1,normal
lmkpldai-1,normal
lmlapggf-1,normal
lmlbgpah-1,normal
lmlcebob-1,normal
lmlcjcia-1,normal
lmldnakj-1,normal
lmlihhbi-1,normal
lmloeooa-1,normal
lmlokcai-1,normal
lmlpbpoj-1,normal
lmmaobda-1,normal
lmmckomc-1,normal
lmmnikfl-1,tumor
lmmognfb-1,tumor
lmmpbdkn-1,tumor
lmmplbbb-1,tumor
lmnebpgj-1,normal
lmnkeedn-1,tumor
lmnkoeoi-1,tumor
lmnobdhh-1,tumor
lmnpagmo-1,tumor
lmoadend-1,tumor
lmobfbkp-1,normal
lmofblai-1,normal
lmohjnlg-1,normal
lmojkdoi-1,normal
lmomeeji-1,normal
lmopbeif-1,normal
lmopefdb-1,normal
lmpecnno-1,normal
lmpgedei-1,normal
lmpicekn-1,normal
lmplhofd-1,normal
lmpnbhki-1,normal
lmpnnpno-1,normal
lnabkbpp-1,normal
lnaboifi-1,normal
lnanjgob-1,normal
lnapmnpe-1,normal
lnbcmelp-1,normal
lnbdekfl-1,normal
lnbdkcpb-1,normal
lnbfbpal-1,normal
lnbnepei-1,normal
lncaclah-1,normal
lncahbek-1,normal
lncbamme-1,normal
lncceieo-1,tumor
lnccheie-1,tumor
lncealem-1,normal
lncfbhkl-1,normal
lnckalhk-1,normal
lncokmph-1,normal
lncpifgf-1,normal
lndakneo-1,normal
lndaoplj-1,normal
lndcebak-1,normal
lndchfcc-1,tumor
lndkkllf-1,tumor
lnebcedl-1,normal
lnebgngm-1,normal
lnedmicf-1,normal
lneiagnc-1,normal
lnenhlah-1,tumor
lnepjole-1,tumor
lnfeonha-1,normal
lnfiihoi-1,tumor
lnfinfkn-1,tumor
lnfldcla-1,normal
lnfpefmb-1,normal
lngalimo-1,normal
lngbiacg-1,normal
lngfdpih-1,normal
lngfldcm-1,normal
lnggemmk-1,normal
lnginbci-1,normal
lngjmocm-1,normal
lngkbbbe-1,normal
lngmfjpl-1,tumor
lngmmoak-1,normal
lnhcokco-1,normal
lnhdgmlp-1,tumor
lnhflcln-1,normal
lnhghijc-1,normal
lnhgnjaf-1,normal
lnhhddfk-1,normal
lnhkjngj-1,normal
lnhoafol-1,normal
lnhoeamo-1,normal
lnhoffdh-1,normal
lniaaboa-1,normal
lnibfbdo-1,normal
lnigcjjl-1,normal
lnigoipl-1,normal
lnikdpcn-1,tumor
lnikokee-1,normal
lnimagef-1,normal
lnipabpl-1,tumor
lnjbfmlb-1,normal
lnjkable-1,normal
lnjkimce-1,normal
lnjoackb-1,normal
lnkcgnoh-1,normal
lnkcohej-1,normal
lnklfcnn-1,normal
lnkndmpc-1,normal
lnlimlei-1,normal
lnlimlnb-1,normal
lnllkhkd-1,normal
lnloggdm-1,normal
lnmdimgp-1,normal
lnmlmccd-1,normal
lnnbpkjc-1,tumor
lnnfeioe-1,normal
lnnhfjad-1,normal
lnnjhhmp-1,normal
lnnlekje-1,normal
lnnomoaa-1,normal
lnobfhfo-1,normal
lnohdpel-1,normal
lnoiikie-1,normal
lnpagoha-1,normal
lnpbfblm-1,normal
lnpoafgg-1,normal
lnppoclo-1,normal
loabmaio-1,normal
loadkngd-1,normal
loaempkm-1,normal
loapfapi-1,normal
loaponfa-1,normal
lobanepm-1,normal
lobbdffn-1,tumor
lobiaeom-1,tumor
lobomadi-1,tumor
loccbioe-1,tumor
locckjlp-1,tumor
locdfipo-1,normal
locenbec-1,normal
locjhail-1,normal
locjhgng-1,normal
locoieic-1,normal
lodbmbll-1,normal
loddmmfg-1,normal
lodfemlf-1,normal
lodgjfkf-1,normal
lodidjih-1,normal
lodjocji-1,normal
lodljhei-1,normal
loegmnic-1,normal
loehdbgo-1,normal
lofdelip-1,normal
lofhbjfm-1,normal
lofnoiib-1,tumor
loggadeh-1,tumor
logkiaci-1,normal
logkkoek-1,tumor
lohaamne-1,normal
lohadmdh-1,normal
lohbdpjb-1,normal
lohdakln-1,tumor
lohfghfb-1,normal
lohfimfc-1,normal
lohgdgcf-1,normal
lohgijmb-1,normal
lohnmdck-1,normal
lohocdmc-1,normal
lohoppha-1,normal
loigonel-1,normal
loiiomcg-1,normal
loikeldd-1,normal
loikohog-1,normal
loilbbog-1,normal
loiloodp-1,tumor
lojcjdbd-1,normal
lojclbpj-1,normal
lojdaigl-1,tumor
lojdnchc-1,tumor
lojgpjka-1,tumor
lojjaejc-1,normal
lojkfhah-1,normal
lojocdlb-1,normal
lokgeegl-1,normal
lokkohcb-1,normal
loklciaj-1,tumor
loknljjn-1,normal
lokpccjj-1,normal
lokpfohd-1,tumor
lolabkhd-1,tumor
loldajhe-1,normal
loldcdol-1,normal
lolgfchj-1,normal
lolgignm-1,tumor
lolgojpb-1,normal
loljoped-1,normal
lolmclhb-1,normal
lomaljbp-1,normal
lomcnadm-1,normal
lomhooef-1,normal
lommgdne-1,tumor
lomnohdd-1,tumor
lonadjna-1,normal
lonbiabb-1,normal
lonbmgkn-1,normal
loncpfmf-1,normal
longagah-1,tumor
longfgcj-1,tumor
lonlceaj-1,tumor
lonohfkj-1,tumor
loobjddp-1,tumor
loodhobj-1,tumor
looegogc-1,tumor
loofnefk-1,normal
loohjmpd-1,normal
loohoihh-1,normal
looiigff-1,tumor
lopcbllk-1,normal
lopgcjcj-1,normal
lopjfgpc-1,tumor
lopkkicb-1,tumor
lopokhpm-1,tumor
lpabielk-1,tumor
lpaeamcc-1,normal
lpaemjad-1,tumor
lpakkpdh-1,normal
lpalogcj-1,normal
lpamhbfe-1,tumor
lpaobkdo-1,normal
lpaokeel-1,normal
lpapcbii-1,tumor
lpapdcoi-1,tumor
lpapeldn-1,tumor
lpbebbmn-1,normal
lpbfpomo-1,tumor
lpbhlhhm-1,normal
lpbmjodd-1,normal
lpboklmk-1,tumor
lpbonede-1,tumor
lpcekoia-1,normal
lpcemihe-1,tumor
lpcfpegc-1,tumor
lpcgglif-1,tumor
lpcljicm-1,normal
lpclmdon-1,normal
lpcmlfak-1,normal
lpdcdcmj-1,normal
lpdeheig-1,tumor
lpdipifo-1,tumor
lpeboijb-1,normal
lpehhfpb-1,normal
lpejihca-1,tumor
lpelkgln-1,tumor
lpembldk-1,normal
lpeneieo-1,normal
lpfdmcid-1,normal
lpfdmlha-1,normal
lpfihbog-1,tumor
lpfngbib-1,normal
lpfnmfcn-1,normal
lpfnmnpo-1,tumor
lpfofnff-1,tumor
lpgaibhd-1,tumor
lpgclllc-1,tumor
lpgdlocm-1,normal
lpgfjffp-1,normal
lpggieia-1,tumor
lpgglpdg-1,tumor
lpghafpe-1,tumor
lpgkjnco-1,tumor
lpglkjhf-1,tumor
lphbhold-1,tumor
lphdedgc-1,tumor
lphfcibd-1,tumor
lphmcaec-1,tumor
lphomeph-1,normal
lpibofpo-1,normal
lpipmjjn-1,normal
lpjbdlcc-1,normal
lpjcpkob-1,normal
lpjedikh-1,normal
lpjegcil-1,tumor
lpjfbmpl-1,tumor
lpjgdmmd-1,tumor
lpjgikna-1,tumor
lpjhednd-1,normal
lpjhpgbh-1,normal
lpjijjob-1,normal
lpjohmfe-1,normal
lpkccdfh-1,normal
lpkjfkka-1,tumor
lpkkkkim-1,tumor
lpkklemj-1,tumor
lpkmabkn-1,normal
lpkmnden-1,normal
lpkppbnn-1,normal
lplcpikg-1,normal
lplmbkhh-1,normal
lplpnona-1,normal
lpmaeaco-1,tumor
lpmbfdge-1,tumor
lpmceehj-1,tumor
lpmebbbc-1,normal
lpmfijhd-1,tumor
lpmjlmoj-1,tumor
lpmkgled-1,tumor
lpmkkbfi-1,tumor
lpmllonb-1,normal
lpmpcpdf-1,tumor
lpnjjbhl-1,normal
lpnnijph-1,normal
lpnpldjg-1,normal
lpoacglk-1,normal
lpocamlp-1,normal
lpoghndh-1,normal
lpojfdko-1,normal
lpolomfk-1,normal
lppaioka-1,normal
lppbdhkp-1,normal
lppdpepe-1,tumor
lppgpppa-1,normal
lpphggjc-1,normal
maabbiep-1,normal
maadcaac-1,normal
maafdlea-1,tumor
maagadij-1,normal
maahbcoj-1,tumor
maaheblb-1,tumor
maalndll-1,normal
maalnphj-1,normal
maamkmpa-1,normal
maannaji-1,normal
maaofamj-1,tumor
mabbpjlc-1,tumor
mabkaeml-1,normal
maboamfn-1,normal
macehagi-1,normal
macfpddh-1,normal
macgpklk-1,tumor
macheoli-1,normal
macoanod-1,tumor
macoipie-1,tumor
madinbcg-1,normal
madjidje-1,normal
madldnnj-1,normal
madplomf-1,normal
maeakkfi-1,normal
maebmhnk-1,normal
maedcnai-1,tumor
maedjcij-1,normal
maegahma-1,tumor
maelfcpj-1,normal
maemnbic-1,normal
mafblipp-1,normal
mafdeodi-1,normal
maffhmga-1,normal
mafhmfhj-1,normal
maflpbjd-1,normal
mafnlkbl-1,normal
mafolgpl-1,normal
magegicm-1,normal
magjbnlk-1,normal
mahgfkcd-1,normal
mahlkcik-1,normal
maijadng-1,tumor
maikpkhp-1,normal
mailedfo-1,normal
maindbim-1,normal
maipjefe-1,tumor
majfajbp-1,normal
majgblln-1,normal
majjgecn-1,normal
makaaega-1,normal
makcmoal-1,normal
makdbiik-1,tumor
makfgkml-1,tumor
makijolg-1,tumor
makoellc-1,normal
malanjhj-1,normal
malbmbek-1,normal
maldaoli-1,tumor
malenfjd-1,tumor
malgkpje-1,tumor
malojnka-1,normal
malommhl-1,tumor
malplfeh-1,normal
mamchmjc-1,tumor
mamdknlb-1,normal
mamjlfcb-1,tumor
mamjolde-1,tumor
mamkchdb-1,tumor
mamlapbm-1,normal
mamnfkam-1,normal
manhdiga-1,normal
manibkfb-1,tumor
manidbea-1,normal
manjdpfc-1,normal
mankikoe-1,normal
manlkgdg-1,tumor
manmhccn-1,normal
manpaodf-1,tumor
maoconhc-1,normal
maofleak-1,normal
maoiekoh-1,normal
maojnkef-1,tumor
maokbhhk-1,tumor
maoldpad-1,tumor
maolohek-1,tumor
maooijon-1,tumor
maooobjg-1,tumor
maoopekc-1,tumor
mapacmil-1,normal
mapandbf-1,normal
mapbgaej-1,normal
mapdihod-1,tumor
mapflnem-1,tumor
mapghjmm-1,normal
maphmhcm-1,normal
mapijklf-1,normal
mapkliai-1,normal
mapmmpai-1,normal
mapnifof-1,normal
mbabifpd-1,normal
mbacahck-1,normal
mbaekjkf-1,normal
mbafpclj-1,normal
mbaijklb-1,tumor
mbakdlkk-1,normal
mbanfdln-1,tumor
mbanknlj-1,normal
mbaonkpa-1,normal
mbbbkbhl-1,normal
mbbbklom-1,tumor
mbbcikgf-1,normal
mbbcimpm-1,normal
mbbgldhf-1,normal
mbbndlec-1,normal
mbbngmng-1,tumor
mbbnogdk-1,normal
mbcdpabk-1,normal
mbcemejn-1,normal
mbcgphdh-1,tumor
mbchjiam-1,tumor
mbckhbkb-1,tumor
mbclkppg-1,tumor
mbcmhdcb-1,normal
mbcndbbm-1,tumor
mbdbannl-1,normal
mbdhnglj-1,normal
mbdicpjd-1,normal
mbdkldad-1,tumor
mbdljcgj-1,normal
mbdljdaa-1,normal
mbdmkjgj-1,normal
mbdomfnd-1,normal
mbdpllnp-1,normal
mbeehndg-1,normal
mbeflfep-1,normal
mbejfpga-1,tumor
mbelpjoj-1,normal
mbepmjkc-1,tumor
mbfajhoh-1,normal
mbffpgna-1,normal
mbfphopl-1,normal
mbgbkhah-1,normal
mbggjifn-1,normal
mbgijnej-1,normal
mbhcckli-1,normal
mbhcckma-1,normal
mbhggkgp-1,normal
mbhhfemi-1,normal
mbhkjgcd-1,normal
mbhockho-1,tumor
mbhogipl-1,tumor
mbhopcgf-1,tumor
mbhpiceg-1,tumor
mbiacada-1,tumor
mbiacalo-1,tumor
mbickjlp-1,tumor
mbidemda-1,tumor
mbiediai-1,normal
mbifbphi-1,tumor
mbiohble-1,tumor
mbipinfa-1,tumor
mbjalafn-1,tumor
mbjapalc-1,normal
mbjbghjj-1,tumor
mbjfdbkd-1,normal
mbjffgac-1,tumor
mbjhioac-1,tumor
mbjlnlob-1,normal
mbkfkilo-1,tumor
mbkgfnjh-1,normal
mbknnjpc-1,tumor
mbkonebk-1,tumor
mblgdkcj-1,tumor
mblgefdn-1,tumor
mblleojn-1,normal
mbllfoff-1,normal
mblogbhc-1,normal
mbmhkdef-1,normal
mbmijghe-1,normal
mbmngbdj-1,normal
mbndpdok-1,tumor
mbneieio-1,normal
mbofipjn-1,tumor
mbojgmln-1,normal
mbojhbbd-1,tumor
mbpfjgbg-1,normal
mbpjfkpk-1,normal
mbpjpdoc-1,normal
mcaacekg-1,normal
mcaannog-1,normal
mcafjdjc-1,tumor
mcajfigb-1,normal
mcanidfp-1,normal
mcaolbcc-1,normal
mcapojjj-1,normal
mcbbmcen-1,normal
mcbcogfc-1,normal
mcbipbai-1,normal
mcbjhilo-1,tumor
mcbofell-1,tumor
mccadbce-1,tumor
mccaioaj-1,normal
mccajmof-1,normal
mccallhi-1,normal
mcccnhmm-1,normal
mcceopea-1,normal
mccfnnap-1,normal
mcchemli-1,normal
mcchkkka-1,normal
mcckanmo-1,normal
mcckcldb-1,normal
mcdacooh-1,normal
mcddfhei-1,normal
mcdfndfn-1,normal
mcdjikep-1,normal
mcdnhbba-1,normal
mcdnjcpj-1,tumor
mcebdnfm-1,normal
mcefjbkd-1,normal
mcegggfn-1,normal
mcehhbmc-1,normal
mceklmdj-1,tumor
mcemhdbh-1,tumor
mcenkeco-1,tumor
mcfbdajo-1,tumor
mcfbiioe-1,tumor
mcfbnfad-1,tumor
mcfeeakk-1,normal
mcfembhg-1,normal
mcfjoleb-1,normal
mcgadeae-1,normal
mcgbaacp-1,normal
mcgbdado-1,tumor
mcgdnhjo-1,normal
mcgifncg-1,tumor
mcgjffen-1,tumor
mcgkhbdj-1,tumor
mcglclgp-1,normal
mcgnlmfh-1,tumor
mcgoppok-1,tumor
mchbejhp-1,tumor
mchbkajd-1,tumor
mchccfei-1,normal
mchfahde-1,tumor
mchloiek-1,tumor
mchmenpd-1,tumor
mchmmbhp-1,tumor
mchnplbd-1,tumor
mchongaa-1,tumor
mchpgmin-1,normal
mciaakcb-1,tumor
mcidmakf-1,normal
mciijnmp-1,tumor
mcijmfnn-1,tumor
mcikejde-1,tumor
mcjaanpp-1,tumor
mcjkaocl-1,tumor
mckcchca-1,tumor
mcklhden-1,tumor
mclgnnjp-1,tumor
mcljldkg-1,normal
mcmbdchk-1,tumor
mcmbiock-1,tumor
mcmgfffh-1,tumor
mcmhgcjd-1,normal
mcmiolgl-1,normal
mcmjpchd-1,normal
mcmmnkhf-1,normal
mcndofpa-1,tumor
mcnianmd-1,normal
mcoojoji-1,normal
mcpjagbo-1,normal
mcpnijjf-1,normal
mcppojdp-1,normal
mdaehemb-1,normal
mdaelehl-1,tumor
mdaeljah-1,tumor
mdagidaa-1,tumor
mdalpapj-1,tumor
mdanfmce-1,tumor
mdbdldan-1,tumor
mdbedlfh-1,tumor
mdbgfnkj-1,tumor
mdbiddfm-1,tumor
mdbkkppf-1,tumor
mdblidge-1,tumor
mdcclieb-1,tumor
mdcdeaek-1,tumor
mdcfllla-1,tumor
mdchgakf-1,tumor
mdcmafbe-1,tumor
mdcolfdh-1,tumor
mddcbemn-1,tumor
mddekilb-1,tumor
mddfafgm-1,tumor
mddhhjhc-1,tumor
mdebcoha-1,tumor
mdededeg-1,tumor
mdeegmpd-1,tumor
mdefjhcb-1,tumor
mdfjmeji-1,tumor
mdflfmdj-1,tumor
mdfnkodh-1,tumor
mdfplaff-1,tumor
mdfppecb-1,normal
mdgabokm-1,normal
mdhaooie-1,normal
mdhdekfn-1,tumor
mdhfkbdl-1,normal
mdhlejed-1,tumor
mdhlgloi-1,tumor
mdhmigef-1,normal
mdhnpakh-1,normal
mdhpaaok-1,normal
mdigbamc-1,normal
mdigkogg-1,tumor
mdimelll-1,tumor
mdipadjg-1,tumor
mdjdoeon-1,tumor
mdjfejjo-1,tumor
mdjfjnnh-1,tumor
mdjikjpm-1,tumor
mdjjgejh-1,tumor
mdjjjdfc-1,tumor
mdjkaebg-1,tumor
mdjkdhon-1,tumor
mdjoillh-1,tumor
mdkacdgd-1,tumor
mdkcmkbo-1,normal
mdkdolee-1,tumor
mdlaenfk-1,tumor
mdlbepoj-1,tumor
mdlceehp-1,tumor
mdlhbhoh-1,tumor
mdlkdkjn-1,tumor
mdllfoln-1,tumor
mdlopbng-1,tumor
mdmebekj-1,tumor
mdmglkij-1,tumor
mdmkcbnb-1,tumor
mdmkfckp-1,normal
mdmnclhm-1,normal
mdnniicf-1,normal
mdnoblga-1,normal
mdnodmco-1,normal
mdocieea-1,normal
mdoiacaj-1,normal
mdolleda-1,normal
mdoodfda-1,normal
mdphebbj-1,normal
mdphocff-1,normal
mdpibiem-1,normal
mdpnajoh-1,normal
meammbla-1,normal
meampcjn-1,normal
meaoppni-1,normal
mebpocho-1,normal
mechnape-1,normal
mecjpfal-1,normal
medjddal-1,normal
meeckpjn-1,normal
meeddcok-1,normal
meeegpjj-1,normal
meefolhj-1,normal
meelacag-1,normal
meelhlgc-1,normal
meelppjk-1,normal
meenjlfm-1,normal
mefnfcng-1,normal
mefocjok-1,normal
mefpgofd-1,normal
megcbdnh-1,normal
megeifhl-1,normal
megfdmhn-1,normal
meghfeed-1,normal
megpliga-1,normal
meignano-1,normal
mekgdjaf-1,normal
mekgobgo-1,normal
mekhdpii-1,normal
mekljolm-1,normal
melbkonk-1,normal
memebcee-1,normal
memeepkk-1,normal
memoebdo-1,normal
memofnlp-1,normal
menbelhn-1,normal
mendbldm-1,normal
meoedeic-1,normal
meoglcdh-1,normal
meoinchf-1,normal
meonjghc-1,normal
mepbdojf-1,normal
mepikpkn-1,normal
mfajnhgl-1,normal
mfakjohp-1,normal
mfbfaebh-1,normal
mfbfccoa-1,normal
mfbmaein-1,normal
mfboaakp-1,normal
mfcppiaa-1,normal
mfebbfmb-1,normal
mfebnlgg-1,normal
mfenifgk-1,normal
mffembgj-1,normal
mffonnnk-1,normal
mfgijmdb-1,normal
mfgkilee-1,normal
mfglndhl-1,normal
mfhkioan-1,normal
mfhnppbn-1,normal
mfhokmpj-1,normal
mfialgme-1,normal
mficneag-1,normal
mfieicdn-1,normal
mfkbpaon-1,normal
mfkggeje-1,normal
mflcodoh-1,normal
mflmgkek-1,normal
mfnhnfgj-1,normal
mfnpcbmd-1,normal
mfofpdoe-1,normal
mfokaobo-1,normal
mfolkdim-1,normal
mfpcnmdh-1,normal
mfpdmkgg-1,normal
mfpgbdjb-1,normal
mgaakjdc-1,normal
mgafjpgn-1,normal
mgahpoim-1,normal
mgailbdn-1,normal
mgajmoji-1,normal
mgamocna-1,normal
mgbcdmld-1,normal
mgbfkegf-1,normal
mgbfpcmd-1,normal
mgbknlfp-1,normal
mgboephd-1,normal
mgcaknin-1,normal
mgcfhfbb-1,normal
mgcmmkgb-1,normal
mgcpnnoi-1,normal
mgdcjbbk-1,normal
mgdcjimc-1,normal
mgdiefka-1,normal
mgdpeggl-1,normal
mgecgjdp-1,normal
mgecglel-1,normal
mgehkmlk-1,normal
mgekiaak-1,normal
mgekpoij-1,normal
mgelgejj-1,normal
mgepceof-1,tumor
mgepnpcc-1,tumor
mgfadljg-1,tumor
mgfakoah-1,tumor
mgfckkil-1,tumor
mgfnhcgp-1,normal
mggbjopi-1,normal
mggjelbo-1,normal
mghdfbkh-1,normal
mgheijhb-1,normal
mgicegka-1,normal
mgidbofn-1,normal
mgihjefo-1,normal
mgijkfjm-1,normal
mgijpinb-1,normal
mgimjnmf-1,normal
mgjamcmb-1,normal
mgjflkca-1,normal
mgjmbido-1,normal
mgjpomnk-1,normal
mgkbngpe-1,normal
mgklejcd-1,normal
mglaimoi-1,normal
mglcakel-1,normal
mgldmccp-1,normal
mglgffie-1,normal
mgmdankb-1,normal
mgmgdfbg-1,normal
mgmgdmmo-1,normal
mgmkebce-1,normal
mgmlknfc-1,normal
mgndlage-1,normal
mgnkchgp-1,normal
mgnolmcd-1,normal
mgoeijgc-1,normal
mgofkmgf-1,normal
mgojophk-1,normal
mgolgjhb-1,normal
mgooaffa-1,normal
mgpajeaf-1,normal
mgpcmbog-1,normal
mgpfplaf-1,normal
mgpjkffh-1,normal
mhadjgan-1,normal
mhaecbeb-1,normal
mhaflfmk-1,normal
mhaibkml-1,normal
mhajhmmh-1,normal
mhamfmkg-1,normal
mhaoigab-1,normal
mhapbpjl-1,normal
mhapikdp-1,normal
mhbccklp-1,normal
mhbdhehf-1,normal
mhbpmpeg-1,normal
mhcbjmae-1,normal
mhcehhhm-1,normal
mhcekang-1,normal
mhcepaef-1,normal
mhcibbmf-1,normal
mhdfblbk-1,normal
mhdhdefo-1,normal
mhdhpehj-1,normal
mhdiiojk-1,normal
mhdjionh-1,normal
mhdnekeo-1,normal
mhdpghaa-1,normal
mhebpbkk-1,normal
mheecold-1,normal
mhepjalc-1,normal
mhfcjeji-1,normal
mhfflbob-1,normal
mhffmggj-1,normal
mhfhlooo-1,normal
mhfjdbhl-1,normal
mhgbodai-1,normal
mhgfogpp-1,normal
mhghjeah-1,normal
mhgkjmnc-1,normal
mhgkpcjh-1,normal
mhhahkbp-1,normal
mhhbkaon-1,normal
mhhecfgm-1,normal
mhhfhdka-1,normal
mhhgabbe-1,normal
mhhkofob-1,normal
mhhlmhem-1,normal
mhidjajf-1,normal
mhidpgjc-1,normal
mhieddmb-1,normal
mhifokhk-1,normal
mhjbkdad-1,normal
mhjbknjd-1,normal
mhjjelic-1,normal
mhjjflfj-1,normal
mhjkpbaa-1,normal
mhjncfpi-1,normal
mhjncgkb-1,normal
mhkaegbj-1,normal
mhkcahmh-1,normal
mhkcmnig-1,normal
mhkdkhne-1,normal
mhkjgmig-1,normal
mhldaoad-1,normal
mhldekae-1,normal
mhlfbnlj-1,normal
mhlheina-1,normal
mhljakdh-1,normal
mhljljna-1,normal
mhlkmkel-1,normal
mhlllicp-1,normal
mhmaokbo-1,normal
mhmcidin-1,normal
mhnbknlg-1,normal
mhncgkpf-1,normal
mhniicpl-1,normal
mhnlapce-1,normal
mhnpagad-1,normal
mhobalda-1,normal
mhohpgoj-1,normal
mhoiblpn-1,normal
mhokikpj-1,normal
mhoneadc-1,normal
mhopmnag-1,normal
mhphcmnk-1,normal
mhpnfoil-1,normal
mhppfaek-1,normal
miaefgfe-1,normal
miaeindi-1,normal
miaekima-1,normal
mialoaee-1,normal
mianapbk-1,normal
mianebij-1,normal
miapjogc-1,normal
mibdfopp-1,normal
mibfdibn-1,normal
miblobgn-1,normal
mibmekpi-1,normal
micckccp-1,normal
micjpgel-1,normal
micomifi-1,normal
micpfnme-1,normal
middehfi-1,normal
midecbii-1,normal
midempin-1,normal
midjghdl-1,normal
midkifme-1,normal
midmoido-1,normal
midnmanl-1,normal
midpmihp-1,normal
mieeepli-1,normal
mieepomc-1,normal
miefjjdk-1,normal
mieikhei-1,normal
mielkake-1,normal
mieofjkp-1,normal
miepcemj-1,normal
mifbjffk-1,normal
mifdepff-1,normal
migikaea-1,normal
migjmmik-1,normal
migkolgi-1,normal
migndgbd-1,normal
migpmdgc-1,normal
mihibnif-1,normal
miideddi-1,normal
miijklmg-1,normal
miineflj-1,normal
mijabnmm-1,normal
mijeocnb-1,normal
mijibbib-1,normal
mijmphgg-1,normal
mijnaplh-1,normal
mijpbcik-1,normal
mikjajbi-1,normal
mikmlipj-1,normal
mikooooa-1,normal
mikpicah-1,normal
milbpdab-1,normal
milcaldk-1,normal
milccfei-1,normal
mileemdh-1,normal
milekmae-1,normal
milhkdjg-1,normal
milijbmo-1,normal
milkcbko-1,normal
milkkgmk-1,normal
milmkmla-1,normal
mimcpflc-1,normal
mimdfilo-1,normal
mimenhma-1,normal
mimfdlal-1,normal
mimgnlhc-1,normal
mimmakdi-1,normal
minejjnb-1,normal
minfoppg-1,normal
minngido-1,normal
minpfmcj-1,normal
mioblkee-1,normal
mioceana-1,normal
miojkooe-1,normal
mionddme-1,normal
miookfci-1,normal
mioplgen-1,normal
mipaaapa-1,normal
mipbedcl-1,normal
mipcljia-1,normal
mipgkkmg-1,normal
mipkceil-1,normal
mipobmcm-1,normal
mipopmib-1,normal
mjaipnka-1,normal
mjalbnbh-1,normal
mjaobggg-1,normal
mjapmbof-1,normal
mjbaakbm-1,normal
mjbeajlj-1,normal
mjbegfko-1,normal
mjbfmaho-1,normal
mjbhhmnh-1,normal
mjbifcme-1,normal
mjbmjomp-1,normal
mjcdbokb-1,normal
mjcfhiee-1,normal
mjchigok-1,normal
mjcplicl-1,normal
mjdfpbnl-1,normal
mjdienck-1,normal
mjdkppei-1,normal
mjdobgmn-1,normal
mjebhjgg-1,normal
mjecbpfc-1,normal
mjembpdg-1,normal
mjfcpfac-1,normal
mjflemai-1,normal
mjgefpna-1,normal
mjgelffe-1,normal
mjgkdpin-1,normal
mjgkeokk-1,normal
mjhbofjo-1,normal
mjhfechb-1,normal
mjhidlpf-1,normal
mjhkepno-1,normal
mjhkleml-1,normal
mjhlcmao-1,normal
mjieifdj-1,normal
mjifbhpc-1,normal
mjijhnje-1,normal
mjjaokcp-1,normal
mjjdiego-1,normal
mjjdkdpf-1,normal
mjjgnomo-1,normal
mjjkanhi-1,normal
mjjkohdj-1,normal
mjjlgpjm-1,normal
mjjmjgmp-1,normal
mjjnbneh-1,normal
mjjodhjm-1,normal
mjkanbnd-1,normal
mjkkbple-1,normal
mjknajmo-1,normal
mjkofijh-1,normal
mjkoheoh-1,normal
mjlapimo-1,normal
mjlbaamo-1,normal
mjlcjpnp-1,tumor
mjlfgepi-1,tumor
mjlfoped-1,tumor
mjlimneh-1,normal
mjlnchhg-1,normal
mjlnkhni-1,normal
mjlnofic-1,normal
mjmpeadi-1,normal
mjncgekb-1,normal
mjndckbf-1,normal
mjndpabh-1,normal
mjnfamek-1,tumor
mjnfmhfn-1,tumor
mjnkeggb-1,normal
mjnkghbh-1,normal
mjnlnabm-1,normal
mjobfllg-1,normal
mjocnfnf-1,normal
mjoljahd-1,normal
mjonjgmm-1,normal
mjophkgj-1,normal
mjpcpgie-1,normal
mkagodgd-1,normal
mkambfjl-1,normal
mkaoknhg-1,normal
mkbdddda-1,normal
mkbdggbk-1,normal
mkbgapmk-1,normal
mkbjegmg-1,normal
mkbmaajm-1,normal
mkbnkpng-1,normal
mkbochcn-1,normal
mkbpobbh-1,normal
mkcdnoki-1,normal
mkcgliok-1,normal
mkcjkfmo-1,normal
mkcnclhp-1,normal
mkcpljkc-1,normal
mkdgecld-1,normal
mkdgghgb-1,normal
mkdkjcho-1,normal
mkdpffda-1,normal
mkecnjpa-1,normal
mkejackb-1,normal
mkfdbkgg-1,normal
mkfdkakm-1,normal
mkffaagk-1,normal
mkfgdibm-1,normal
mkfmbaim-1,normal
mkfpeceo-1,normal
mkggchhf-1,normal
mkghembj-1,normal
mkgodipf-1,normal
mkhhmlno-1,normal
mkhiakpc-1,normal
mkhicppo-1,normal
mkhkiiid-1,normal
mkhlcmbl-1,normal
mkifpimc-1,normal
mkilfboa-1,normal
mkjdghhh-1,normal
mkjjjhoo-1,normal
mkjnjbec-1,normal
mkjnjdda-1,normal
mkkakklh-1,normal
mkkdochg-1,normal
mkkhnaba-1,normal
mklaiafh-1,normal
mklepofl-1,normal
mklhgikl-1,normal
mklpanmi-1,normal
mkmaogko-1,normal
mkmbdnci-1,normal
mknihjoh-1,normal
mkokdkif-1,normal
mkokopdl-1,normal
mkpeohod-1,normal
mkpjhjhi-1,normal
mkpnbegn-1,normal
mlaaeidf-1,normal
mlabeoef-1,normal
mladbmic-1,normal
mlaegnih-1,normal
mlaicigh-1,normal
mlalemol-1,normal
mlapofaj-1,normal
mlbaccip-1,normal
mlbicknn-1,normal
mlbjelga-1,normal
mlbllofn-1,normal
mlbnhjah-1,normal
mlboboac-1,normal
mlcbhhic-1,normal
mlccodjo-1,normal
mldebmlh-1,normal
mldechnh-1,normal
mledehfj-1,normal
mlegodbo-1,normal
mlfmmhao-1,normal
mlfnejac-1,normal
mlgdblco-1,normal
mlgecmkp-1,normal
mlgigfmd-1,normal
mlgnfdhb-1,normal
mlhfccgd-1,normal
mlhildbb-1,normal
mlhjipna-1,normal
mlhkjiab-1,normal
mlhkjpmg-1,normal
mlhpchcm-1,normal
mlhplbmo-1,normal
mlibmngk-1,normal
mlicnhgg-1,normal
mliggffc-1,normal
mligiakn-1,normal
mlijidna-1,normal
mliphgfb-1,normal
mljchbhp-1,normal
mljgbfae-1,normal
mljpmgba-1,normal
mlkadhpe-1,normal
mlkcjfpj-1,normal
mlkhjdfm-1,normal
mlkjdcmk-1,normal
mlkjfcjn-1,normal
mlkjifep-1,normal
mlklemcf-1,normal
mllbndin-1,normal
mlldbibc-1,normal
mllddjfh-1,normal
mlmbagkd-1,normal
mlmfioco-1,normal
mlmfnjdk-1,normal
mlmgbfng-1,normal
mlmhcdnl-1,normal
mlmilnic-1,normal
mlmkibel-1,normal
mlmpmppc-1,normal
mlngidaa-1,normal
mlnhapam-1,normal
mlnjnlni-1,normal
mlogihhp-1,normal
mlomiipj-1,normal
mlompjjc-1,normal
mlonligi-1,normal
mlpadgjp-1,normal
mlpflonh-1,normal
mlpfnnjm-1,normal
mlpmmdmb-1,normal
mmahekdj-1,normal
mmaphdeb-1,normal
mmbabeci-1,normal
mmbblmlp-1,normal
mmcbjfik-1,normal
mmcecngg-1,normal
mmcmodli-1,tumor
mmdhpgfg-1,normal
mmdjfobb-1,tumor
mmdohelg-1,normal
mmehodhc-1,normal
mmejbdnk-1,normal
mmejoojc-1,normal
mmelaipa-1,normal
mmfebkla-1,normal
mmgmlafk-1,normal
mmgomffa-1,normal
mmgomjfe-1,normal
mmhedekb-1,normal
mmhiggki-1,normal
mmiagemp-1,normal
mmidgdoo-1,normal
mmiedlef-1,normal
mmiinbko-1,normal
mminnfpg-1,normal
mmioifnb-1,normal
mmipopfn-1,normal
mmjakbec-1,normal
mmjdgcgh-1,normal
mmjejoof-1,normal
mmjkejdj-1,normal
mmjnjfpk-1,normal
mmkghmbe-1,normal
mmkgoanm-1,normal
mmkpolbb-1,normal
mmlebbga-1,normal
mmlfkfgg-1,normal
mmlicjkc-1,normal
mmlkgmlk-1,normal
mmllfhao-1,normal
mmmanapo-1,normal
mmmdpcbk-1,normal
mmmlbfil-1,normal
mmnfobjj-1,normal
mmoebanf-1,normal
mmoflgme-1,normal
mmojjehf-1,normal
mmoobdhd-1,normal
mmooipao-1,normal
mmopfihp-1,normal
mmpapfgn-1,normal
mmpbalac-1,normal
mmpcackj-1,normal
mnacfpoj-1,normal
mnbflohd-1,normal
mnbgpffj-1,normal
mncgicdf-1,normal
mnchjcfi-1,normal
mncofegc-1,normal
mncojkil-1,normal
mndfcihi-1,normal
mneckmdh-1,normal
mnekofia-1,normal
mnembhgh-1,normal
mnfbjeih-1,normal
mnfehepg-1,normal
mnfgonag-1,normal
mnfpcbkb-1,normal
mngfnpgc-1,normal
mnghjbkf-1,normal
mnhclndm-1,normal
mnhkgocl-1,normal
mnhmhccp-1,normal
mnikhbli-1,normal
mnioebfk-1,normal
mnjlmnnn-1,normal
mnjnfecb-1,normal
mnkfhcfg-1,normal
mnlbmmde-1,normal
mnllfmff-1,normal
mnlnhddp-1,normal
mnlolgml-1,normal
mnmbialm-1,normal
mnmgajoj-1,normal
mnmhdlga-1,normal
mnmhnkep-1,normal
mnmkafke-1,normal
mnmndjfn-1,normal
mnmpgkdh-1,normal
mnnfkclk-1,normal
mnnhblcm-1,normal
mnnhpmkk-1,normal
mnnlpano-1,normal
mnpajicb-1,normal
mnpjllah-1,normal
mnpoijlk-1,normal
moaapdae-1,normal
moabdmmd-1,normal
moabfnle-1,normal
moajnmkg-1,normal
mobbpeho-1,normal
mobighop-1,normal
mobkilak-1,normal
moblnogk-1,normal
mobojooc-1,normal
mocckpgh-1,normal
mocfngfh-1,normal
mochghec-1,normal
mocomfkb-1,normal
modcbhgd-1,normal
modedfkb-1,normal
modehfoi-1,normal
modgfiij-1,normal
modkoebl-1,normal
modnddhc-1,normal
modnecff-1,normal
modokoml-1,normal
moeankol-1,normal
moebkjck-1,normal
moediile-1,normal
moegcdge-1,normal
moeimkdc-1,normal
moejapmh-1,normal
moejkegg-1,normal
mofegblg-1,normal
mofeklah-1,normal
mofmpcpo-1,normal
mogciilo-1,normal
mogcpmlb-1,tumor
mogglgib-1,tumor
moghielo-1,tumor
mogpcong-1,normal
mohcnkki-1,normal
mohmjipc-1,normal
moiempoj-1,normal
moifkihp-1,normal
moigaadg-1,normal
moigdfdm-1,normal
mojohfnf-1,normal
mojoibia-1,normal
mokfiflk-1,normal
moklilak-1,normal
mokonagc-1,normal
molaajnf-1,normal
molbmkng-1,normal
molcohmc-1,normal
molgmaph-1,normal
momapelg-1,normal
momhbhea-1,normal
momhekcj-1,normal
momheldi-1,normal
momikpci-1,normal
momjmchj-1,normal
momlfjep-1,normal
monfdgcj-1,normal
monhfkni-1,normal
monhnbmm-1,normal
monmkgil-1,normal
moobglol-1,normal
mooccbme-1,normal
moodgcgj-1,normal
mopbbedi-1,normal
mophafng-1,normal
mopihaph-1,normal
mpaedhbl-1,normal
mpaginlj-1,normal
mpahfegl-1,normal
mpahlkdj-1,normal
mpajaklh-1,tumor
mpakonlm-1,tumor
mpbbdfgp-1,normal
mpbhnajj-1,normal
mpbiblfk-1,normal
mpbipmfm-1,normal
mpbjgfmi-1,normal
mpbkjnbi-1,normal
mpbnfagh-1,tumor
mpcmadgo-1,normal
mpcmbimi-1,normal
mpdffbjn-1,tumor
mpdgklii-1,tumor
mpdimafc-1,tumor
mpdipape-1,tumor
mpdmoafn-1,tumor
mpebohok-1,normal
mpeckmec-1,normal
mpehfhjp-1,normal
mpehmkkb-1,normal
mpeijiam-1,normal
mpelenhk-1,normal
mpemiead-1,normal
mpengbge-1,normal
mpfbmcld-1,normal
mpfeihph-1,normal
mpficejj-1,normal
mpfmoccp-1,normal
mpfplfml-1,normal
mpgcibli-1,normal
mpgijjam-1,tumor
mphbdkbf-1,normal
mphcphcl-1,normal
mphmefhn-1,normal
mpibhemc-1,normal
mpigdiol-1,normal
mpilffcm-1,normal
mpimhobg-1,normal
mpindcoa-1,normal
mpipiopn-1,normal
mpjaoglb-1,normal
mpjdglim-1,normal
mpjdogbg-1,normal
mpjfceil-1,normal
mpjgahne-1,normal
mpjifhko-1,normal
mpjngmad-1,normal
mpjpngcn-1,normal
mpkemnoh-1,normal
mpkkjlnj-1,normal
mpklalfk-1,normal
mpknaege-1,normal
mpknoddl-1,normal
mplnkmpp-1,normal
mpmabadl-1,normal
mpmepgjo-1,normal
mpmgdlia-1,normal
mpmhmipp-1,normal
mpmhnfll-1,normal
mpmiaaek-1,normal
mpmnollm-1,normal
mpnbcijg-1,normal
mpocfdhd-1,normal
mpoepdih-1,normal
mpofnknk-1,normal
mpohgbee-1,normal
mpolakdp-1,normal
mpolcpgh-1,normal
mpoolbda-1,normal
mppaddim-1,normal
mppapimd-1,normal
nabbdnbb-1,normal
nabcdfde-1,normal
nabelchh-1,normal
nabfgkjo-1,normal
nabihgjf-1,normal
nabodeee-1,normal
nacajblk-1,normal
nacamnip-1,normal
nachbjck-1,normal
nacjpdgl-1,normal
nadahlom-1,normal
nadbapbk-1,normal
nadblofi-1,normal
nadedhhp-1,normal
nadenbak-1,normal
nadpjijm-1,normal
naeimlei-1,normal
naejdcfb-1,normal
naenfmfa-1,normal
nafabjhd-1,normal
nafedaip-1,normal
nafhgbml-1,normal
nafmbklm-1,normal
nagaggaa-1,normal
nagfmine-1,normal
naggeijj-1,normal
naghhmgk-1,normal
nahgbmhn-1,normal
nahhlbai-1,normal
nahiepgd-1,normal
nahkofga-1,normal
nahoaafj-1,normal
naipimpc-1,normal
najpbfme-1,normal
nakkomib-1,normal
naldoilk-1,normal
nalecfol-1,normal
namgnefe-1,normal
namhgpcg-1,normal
namhiicb-1,normal
namoiagc-1,normal
nanafmej-1,normal
nanefhph-1,tumor
nanlcohb-1,normal
naoaafli-1,tumor
naoaccik-1,tumor
naoclhea-1,normal
naohfloh-1,normal
naokdcim-1,normal
napapnoa-1,normal
napcnfgj-1,normal
napfanmc-1,normal
napfokpn-1,normal
napljkai-1,normal
napnnbjb-1,normal
napobepf-1,normal
napodoem-1,normal
nappckic-1,normal
nbaedmdg-1,normal
nbahfnfc-1,normal
nbakjkoi-1,normal
nbbcikac-1,normal
nbbcmhka-1,normal
nbbcmidf-1,normal
nbbijodj-1,normal
nbbkecmn-1,normal
nbcbafhp-1,normal
nbccohjb-1,normal
nbcklgfi-1,normal
nbcmhilf-1,normal
nbcnpmjl-1,normal
nbconigh-1,normal
nbdgkcfk-1,normal
nbdieemp-1,normal
nbdilbie-1,normal
nbdjcbcp-1,normal
nbdlokgn-1,normal
nbdnffcg-1,normal
nbdnhano-1,tumor
nbecjlic-1,tumor
nbecpncm-1,normal
nbelmnjj-1,normal
nbfaeidc-1,normal
nbffenmo-1,normal
nbfgdomp-1,normal
nbfidgei-1,normal
nbfnhafp-1,normal
nbgamnpb-1,normal
nbgddfaf-1,normal
nbgjbafp-1,normal
nbgokflb-1,normal
nbhamffm-1,normal
nbhdfape-1,normal
nbhjcnpo-1,normal
nbhjoaag-1,normal
nbhmblei-1,normal
nbiakmcb-1,normal
nbiceghi-1,normal
nbiepifd-1,normal
nbikfbpa-1,normal
nbioedia-1,normal
nbjbbiao-1,normal
nbjcjmlh-1,normal
nbjcmogj-1,normal
nbjdafin-1,normal
nbjeeifb-1,normal
nbjgepbc-1,normal
nbjojoge-1,normal
nbkbjggj-1,normal
nbkebfhf-1,normal
nbkeplpm-1,normal
nbkhaebb-1,normal
nbmgiedo-1,normal
nbmiehmc-1,normal
nbngphcp-1,normal
nbodjfma-1,normal
nbokoele-1,normal
nbopkjgo-1,normal
nbpijbio-1,normal
nbpojhla-1,tumor
ncadkfkc-1,normal
ncagafnb-1,normal
ncahcaja-1,normal
ncapmeie-1,normal
ncbdcfol-1,normal
ncbdcojp-1,normal
ncbfdaan-1,normal
ncbfgpod-1,normal
ncbinlfk-1,normal
ncbkfalk-1,normal
nccacefc-1,normal
nccfcjek-1,normal
ncdbpnio-1,normal
ncdicedm-1,normal
ncdkjkgk-1,normal
ncdnmgll-1,normal
ncebainf-1,normal
ncebcffj-1,normal
ncebigoc-1,normal
ncecehal-1,normal
ncecjbkj-1,normal
nceifjmi-1,normal
ncembjcg-1,normal
nceneeen-1,normal
nceopohp-1,normal
ncfajlpa-1,normal
ncfdglef-1,normal
ncfgofen-1,normal
ncfjkfol-1,normal
ncfmmpfe-1,normal
ncfmodkm-1,normal
ncfpainn-1,normal
ncgaoebk-1,normal
ncgapopc-1,normal
ncgbbpbn-1,normal
ncghjpep-1,normal
ncgjjmgc-1,normal
ncgkeabo-1,normal
ncgkmgne-1,normal
ncglfeeg-1,normal
ncgpfdom-1,normal
nchbcbje-1,normal
nchbhpip-1,normal
nchcocnn-1,normal
ncheomjg-1,normal
nchiilbg-1,normal
nchkjgbk-1,normal
nchopddb-1,normal
nciaapcc-1,normal
ncinmccg-1,normal
ncinoeoi-1,normal
nciophgm-1,normal
ncjdjdkh-1,normal
ncjeginb-1,normal
nckbdljo-1,normal
nckcpffp-1,normal
nckgjpon-1,normal
nckocdgl-1,normal
nckphmlm-1,normal
nclbnhbl-1,normal
nclcaoho-1,normal
nclcbggl-1,normal
nclhibpj-1,normal
nclkjicj-1,normal
nclmjpho-1,normal
nclppfoi-1,normal
ncmapbci-1,normal
ncmbjfcj-1,normal
ncmdeamd-1,normal
ncmfeaee-1,normal
ncmjfifm-1,normal
ncmogpmf-1,normal
ncnedfef-1,normal
ncngfood-1,normal
ncniapmh-1,normal
ncnlheme-1,normal
ncnmnmjj-1,normal
ncobpcpk-1,normal
ncofeeld-1,normal
ncojmfhj-1,normal
ncojmndf-1,normal
ncokcfem-1,normal
ncokgpgo-1,normal
nconmfhd-1,normal
ncpaicoj-1,normal
ncpgfdke-1,normal
ncphlmia-1,normal
ncphoofp-1,normal
ncpkhbkg-1,normal
ncpldifd-1,normal
ncppjdim-1,normal
ndacfnak-1,normal
ndagnanl-1,normal
ndagngib-1,normal
ndahkije-1,normal
ndaijgib-1,normal
ndanbonn-1,normal
ndapipmf-1,normal
ndbbiink-1,normal
ndbichmp-1,normal
ndblmmpb-1,normal
ndblnjcg-1,normal
ndbnkdah-1,normal
ndbpepho-1,normal
ndcghkal-1,normal
ndchlpfg-1,normal
ndciglki-1,normal
ndckbeln-1,normal
ndclhhoh-1,normal
nddaeedc-1,normal
nddbeggd-1,normal
nddgekbf-1,normal
nddghemk-1,normal
nddgppod-1,normal
nddhfjpc-1,normal
nddpiepg-1,normal
ndecjamn-1,normal
ndedbdnn-1,normal
ndedoghb-1,normal
ndemhhln-1,normal
ndfbpjoe-1,normal
ndfhncdd-1,normal
ndfmfkgo-1,normal
ndfoegdf-1,normal
ndgaoneb-1,normal
ndgihphe-1,normal
ndgpghhh-1,normal
ndgpnnga-1,normal
ndhilmea-1,normal
ndidaocf-1,normal
ndihaefp-1,normal
ndihefpo-1,normal
ndiheiei-1,normal
ndihldpd-1,normal
ndinabgl-1,normal
ndjalhjb-1,normal
ndjbiinf-1,normal
ndjcgdcc-1,normal
ndjecbii-1,normal
ndjmeaee-1,normal
ndjmpbof-1,normal
ndkebhbf-1,normal
ndkfgdfa-1,normal
ndkgbgpj-1,normal
ndkhinha-1,normal
ndkicjnh-1,normal
ndkjnfcj-1,normal
ndklhigb-1,normal
ndknhphl-1,normal
ndlakmhn-1,normal
ndldlmld-1,normal
ndlgeokl-1,normal
ndmfgcda-1,normal
ndmhheim-1,normal
ndmiccki-1,normal
ndminjeg-1,normal
ndmjbapn-1,normal
ndmklggo-1,normal
ndmnjgmi-1,normal
ndmobbom-1,normal
ndmomhig-1,normal
ndnceafh-1,normal
ndnkihbg-1,normal
ndnmaplp-1,normal
ndnnmkhg-1,normal
ndnoobel-1,normal
ndocgbjb-1,normal
ndodnfel-1,normal
ndogcnle-1,normal
ndoglkmg-1,normal
ndojebhn-1,normal
ndoldohl-1,normal
ndomgimn-1,normal
ndooahbp-1,normal
ndpefkma-1,normal
ndpkejhn-1,normal
ndpldomh-1,normal
neaajkjh-1,normal
neabahdp-1,normal
neabhojj-1,normal
neadmgaj-1,normal
neakpcmi-1,normal
neamcbbf-1,normal
neamhjnj-1,normal
neanhpla-1,normal
neappoca-1,normal
nebambgk-1,normal
nebjffpi-1,normal
nebocplk-1,normal
necfhnhe-1,normal
necmnhai-1,normal
necolibi-1,normal
nedddfij-1,normal
nedfeobd-1,normal
nedfnnbb-1,normal
nedgaifd-1,normal
nedhfhkn-1,normal
nedhnloc-1,normal
nedjghmb-1,normal
nedkiclm-1,normal
nedlhbbd-1,normal
nedlpilb-1,normal
nedomllo-1,normal
neehpkad-1,normal
neelfbol-1,normal
neepapko-1,normal
nefaohgn-1,normal
nefboldk-1,normal
nefgiigl-1,normal
nefjhlpd-1,normal
negdnpdg-1,normal
negemppf-1,normal
negkppff-1,normal
nehnljmi-1,normal
neidkheh-1,normal
neifogif-1,normal
neignioe-1,normal
neihmbno-1,normal
nejbeekc-1,normal
nejekclm-1,normal
nejjhnde-1,normal
nejmojob-1,normal
nekdkkki-1,normal
nelfepka-1,normal
nelhfgfc-1,normal
neljkfcl-1,normal
nellmoln-1,normal
nelnomck-1,normal
nelppkel-1,normal
nemadibk-1,normal
nemgjged-1,normal
nenagajo-1,normal
nenakcem-1,normal
nencpkeh-1,normal
nenkgabm-1,normal
nenmoggl-1,normal
nennpjcg-1,normal
neocochh-1,normal
neodpojg-1,normal
neoeifod-1,normal
neomenha-1,normal
neompjdi-1,normal
neonpdbc-1,normal
nepdpcli-1,normal
nepepfgk-1,normal
nepgimoo-1,normal
nepkahfp-1,normal
nepkghae-1,normal
nepliefk-1,normal
nepmgppj-1,normal
nfaeifhh-1,normal
nfbckhen-1,normal
nfbgljjb-1,normal
nfblcbbm-1,normal
nfcbciok-1,normal
nfcfpcho-1,normal
nfchilnc-1,normal
nfckakpe-1,normal
nfdfapfo-1,normal
nfdfbcnf-1,normal
nfdnelgb-1,normal
nfeiggdi-1,normal
nffcjakl-1,normal
nffhlemo-1,normal
nffldbde-1,normal
nffncacf-1,normal
nfggofch-1,normal
nfgjfcch-1,normal
nfglkndi-1,normal
nfhcmaij-1,normal
nfheggap-1,normal
nfigibck-1,normal
nfijnfhe-1,tumor
nfipgbjm-1,tumor
nfjifalm-1,tumor
nfjjakgk-1,tumor
nfjlhgcf-1,tumor
nfjoijce-1,tumor
nfjpnkon-1,tumor
nfkbmngm-1,tumor
nfkcnggn-1,tumor
nfkgelci-1,tumor
nfkkbcmj-1,tumor
nfkkbkjb-1,tumor
nfkkeaif-1,tumor
nfkocjpl-1,tumor
nflaajfm-1,normal
nflaoemc-1,normal
nflcdgol-1,normal
nflcjpba-1,normal
nflfaank-1,normal
nflmolpk-1,normal
nflommgf-1,normal
nflpjckp-1,normal
nfmajepo-1,normal
nfmdoioo-1,normal
nfmdpfaf-1,normal
nfmhdcjd-1,normal
nfmkpajb-1,normal
nfmpnibi-1,normal
nfnndjgc-1,normal
nfohahcb-1,normal
nfommghn-1,normal
nfoohgdf-1,normal
nfpakbng-1,normal
ngagajpl-1,normal
nganliip-1,normal
ngapdidl-1,normal
ngbjjpoj-1,normal
ngbjnkfk-1,normal
ngbppiol-1,normal
ngccdapd-1,normal
ngcinmcn-1,normal
ngciogca-1,normal
ngcjjhnl-1,normal
ngckjmoa-1,normal
ngdlpngl-1,normal
ngdmjhjj-1,normal
ngdndiih-1,normal
ngdpmdkg-1,normal
ngeacdeo-1,normal
ngecjbja-1,normal
ngegacmj-1,normal
ngehaljj-1,normal
ngehldgf-1,normal
ngejckji-1,normal
ngejgdbj-1,normal
ngejmibj-1,normal
ngenghjh-1,normal
ngepelgd-1,normal
ngfkbfim-1,normal
ngflinjo-1,normal
nggiddan-1,normal
ngglodjl-1,tumor
nghceoii-1,tumor
nghfknaj-1,normal
nghikbff-1,normal
ngildpml-1,normal
nginakgd-1,normal
ngjgjaic-1,normal
ngjmmnfm-1,normal
ngkdbndp-1,normal
ngkjcaic-1,normal
nglakdgk-1,normal
ngmjkogd-1,tumor
ngmmpapi-1,normal
ngncdedg-1,normal
ngndllda-1,normal
ngneacia-1,normal
ngnmpinh-1,normal
ngobdkmn-1,normal
ngoiopah-1,normal
ngolimgk-1,normal
ngoomchc-1,normal
ngophcki-1,normal
ngpckick-1,normal
ngpjnihd-1,normal
nhabmjeg-1,normal
nhacogoh-1,normal
nhafmahd-1,normal
nhapkmog-1,normal
nhceacbo-1,normal
nhcffffo-1,normal
nhcgfllp-1,normal
nhclbaea-1,normal
nhcpeiae-1,normal
nhdccafc-1,normal
nhdhghoc-1,normal
nhdibnaj-1,normal
nhdjldhn-1,normal
nhdnddii-1,normal
nhecheid-1,normal
nhemijgn-1,normal
nhfabmgp-1,normal
nhfaocnd-1,normal
nhfgbdlm-1,normal
nhflomje-1,normal
nhfpghpd-1,normal
nhgaacnc-1,normal
nhgmpgee-1,normal
nhhbjpfm-1,normal
nhhdcaaj-1,normal
nhhnghlg-1,normal
nhiancoe-1,normal
nhibjjae-1,normal
nhidiopi-1,normal
nhidpfbh-1,normal
nhignmnc-1,normal
nhjaoiia-1,normal
nhjkojpj-1,tumor
nhjojcai-1,normal
nhkepnlf-1,tumor
nhkhkhmg-1,tumor
nhkjlkfe-1,tumor
nhkkdiba-1,normal
nhlahnmb-1,normal
nhlancnm-1,normal
nhlbpcbd-1,normal
nhlcigel-1,normal
nhledlpb-1,normal
nhlfehld-1,normal
nhljhgdm-1,normal
nhlkidka-1,normal
nhlkoaif-1,normal
nhllkmck-1,normal
nhlmmfin-1,normal
nhlnapoa-1,normal
nhlnpael-1,normal
nhmghcpe-1,normal
nhmkmnjo-1,normal
nhmmilmp-1,normal
nhnabphj-1,normal
nhnkidch-1,normal
nhnmjgln-1,normal
nhnojhmp-1,normal
nhnonmkc-1,normal
nhnpfipp-1,normal
nhobbknn-1,normal
nhocbkfh-1,normal
nhodajcn-1,normal
nhohehjh-1,normal
nhonfaie-1,normal
nhppapbd-1,normal
nhppnkkl-1,normal
nhpppmjk-1,normal
niajolea-1,normal
niamogoj-1,normal
niaofaho-1,normal
nibbnecp-1,normal
nibhodok-1,normal
nibkhonj-1,normal
nibngebk-1,normal
niboplfk-1,tumor
nicajpon-1,tumor
nicbmjaa-1,tumor
niccgaeg-1,tumor
nicdhjkm-1,normal
nicfgejd-1,normal
nicmaplb-1,tumor
niddoblh-1,normal
nidehick-1,normal
nidhekeh-1,tumor
nieehieb-1,normal
niepkjgc-1,normal
nifbamaj-1,normal
nifdkkfd-1,normal
nifdpblb-1,normal
nifeaahi-1,normal
nifjdakc-1,normal
nifpanll-1,normal
nigbhknn-1,normal
nigcjhjc-1,normal
niglglmn-1,normal
nigodgak-1,tumor
nihabcgi-1,normal
nihahlkk-1,normal
nihgcihg-1,normal
nihhigcc-1,tumor
nihjbfan-1,normal
niiapekc-1,normal
niihmaeg-1,normal
niijmbjk-1,normal
niikecbp-1,normal
nijhmhhi-1,normal
nijmkeip-1,normal
nikaaede-1,normal
nikablgb-1,normal
nikhliho-1,normal
nikjkcdp-1,normal
nikkkdeg-1,normal
nilackgd-1,normal
nilichdh-1,normal
nimbjdlh-1,normal
nimhfhec-1,normal
ninmfclb-1,normal
ninpfbcn-1,normal
nipbccfm-1,normal
nipdckdn-1,normal
nipdddka-1,tumor
nipdpind-1,tumor
nipgplga-1,tumor
niphdlbl-1,tumor
niphjine-1,tumor
niphmlfn-1,tumor
niphniil-1,tumor
nipjccci-1,tumor
nipnacbp-1,tumor
nipnmddo-1,tumor
nipojmnc-1,tumor
njabdomp-1,tumor
njacncle-1,tumor
njaeabaa-1,normal
njanadpa-1,tumor
njaoimlc-1,tumor
njbaijdo-1,tumor
njbfedji-1,tumor
njbggchd-1,tumor
njbhfjka-1,tumor
njbjadnk-1,tumor
njbndjpb-1,tumor
njccdjpp-1,tumor
njcckgbe-1,tumor
njcdagii-1,tumor
njcdgccn-1,tumor
njcgbdbk-1,tumor
njcgedhi-1,tumor
njchaogo-1,tumor
njcicigk-1,tumor
njclceji-1,tumor
njcpbkhb-1,tumor
njdaajib-1,tumor
njdaonbd-1,tumor
njdcgkgj-1,tumor
njdebfnf-1,normal
njdgaddh-1,normal
njdgembk-1,tumor
njdhjppl-1,normal
njdiblpa-1,normal
njdilbhd-1,normal
njdimmld-1,normal
njdkebdd-1,tumor
njdnamgn-1,tumor
njdoeblb-1,tumor
njdooemf-1,tumor
njebhpnb-1,tumor
njebnjgj-1,tumor
njechbnn-1,tumor
njefaeae-1,tumor
njekkgjc-1,tumor
njfaghdk-1,normal
njfcohmf-1,tumor
njfefjfa-1,tumor
njfeollc-1,normal
njfgmapl-1,normal
njfijnng-1,normal
njfjapog-1,normal
njhbbbln-1,normal
njhdboon-1,normal
njhijmlp-1,tumor
njhiojao-1,normal
njifihfk-1,normal
njjdcljc-1,normal
njjehofe-1,normal
njjjolpb-1,normal
njjkainp-1,normal
njkhhfkh-1,normal
njkoglgl-1,normal
njkoofpo-1,normal
njladcgm-1,normal
njldhocp-1,normal
njlilikj-1,normal
njmgidne-1,normal
njmkhlbi-1,normal
njnplbeb-1,normal
njoaebhi-1,normal
njogokcc-1,normal
njpbknfj-1,normal
njpcnmek-1,normal
njplklji-1,normal
njpmagnl-1,normal
nkaadkla-1,normal
nkamkdjn-1,normal
nkankffp-1,normal
nkbafnkk-1,normal
nkbgdbio-1,normal
nkbiibok-1,normal
nkcfbjfg-1,normal
nkcfpidh-1,normal
nkciggek-1,normal
nkdagfel-1,normal
nkdbnbac-1,normal
nkdkfken-1,normal
nkdokdal-1,normal
nkdpnlcc-1,normal
nkeajeej-1,normal
nkehofck-1,normal
nkenmgfm-1,normal
nkepclpl-1,normal
nkfbkmhi-1,normal
nkffdfep-1,normal
nkfnbajo-1,normal
nkfndgli-1,normal
nkgbhnfe-1,normal
nkgfdpnb-1,normal
nkghafad-1,normal
nkgpmgcm-1,normal
nkhaehpb-1,normal
nkhbbjjb-1,normal
nkhddnjh-1,normal
nkhghcol-1,normal
nkhknccd-1,normal
nkhogmep-1,normal
nkibincj-1,normal
nkihielh-1,normal
nkiknieh-1,normal
nkilhfgi-1,normal
nkinkhac-1,normal
nkiondce-1,normal
nkjbmfbf-1,normal
nkjeiefh-1,normal
nkjoalmg-1,normal
nkjofchn-1,normal
nkkcdmjc-1,tumor
nkkeblhb-1,normal
nkkiapff-1,normal
nkkllfhj-1,normal
nklaipef-1,normal
nkldjfol-1,normal
nklfpkfn-1,normal
nklgmhjo-1,normal
nklpplag-1,normal
nkmfbpej-1,normal
nkmhnnnl-1,normal
nkmkhiam-1,normal
nkmklnej-1,normal
nkndebil-1,normal
nkndilgl-1,normal
nknhchmi-1,normal
nknjogom-1,normal
nknminbo-1,tumor
nknpjdhb-1,tumor
nkobecjk-1,tumor
nkofajke-1,tumor
nkogmeji-1,tumor
nkojhoje-1,normal
nkojpkmf-1,tumor
nkpablem-1,tumor
nkpekgno-1,tumor
nkpgcddn-1,tumor
nkpghlhe-1,tumor
nkpidhkd-1,tumor
nkpjakff-1,normal
nkpkjifh-1,tumor
nkpoidcb-1,tumor
nkpookdh-1,normal
nkpppndo-1,tumor
nlaaodjk-1,normal
nlacopca-1,normal
nlacpmfj-1,normal
nlafkofn-1,normal
nlaghhna-1,normal
nlaldaln-1,normal
nlbjlgjn-1,normal
nlccaonp-1,normal
nlcddamg-1,normal
nlclpjad-1,normal
nlcpfhkc-1,normal
nldeikll-1,tumor
nldfbpfe-1,tumor
nldfcblc-1,tumor
nldfpogc-1,tumor
nldgdfml-1,tumor
nldnllin-1,tumor
nlebhgaa-1,tumor
nleeloom-1,normal
nlemboeo-1,normal
nlenikfo-1,tumor
nlfbbplg-1,tumor
nlfchhce-1,tumor
nlfcjnfj-1,tumor
nlffgcfo-1,tumor
nlfgankm-1,tumor
nlfgghkp-1,tumor
nlfiejjf-1,tumor
nlfmlkdl-1,tumor
nlfnencg-1,tumor
nlfnlnkk-1,tumor
nlgaigje-1,tumor
nlgemhkg-1,tumor
nlggahbd-1,normal
nlghecon-1,normal
nlgnbokm-1,normal
nlgngllp-1,normal
nlhbjpcf-1,normal
nlhemban-1,tumor
nlhiddao-1,tumor
nlifeegd-1,tumor
nlinmgek-1,tumor
nlipibon-1,tumor
nliplhnf-1,tumor
nljaajpo-1,tumor
nljbcabj-1,tumor
nljcgfan-1,tumor
nljhbajo-1,tumor
nljlgamo-1,normal
nljonnef-1,normal
nljpigma-1,normal
nlkafcak-1,tumor
nlkeohbg-1,tumor
nlkhpiao-1,tumor
nlklnkii-1,tumor
nlknihkj-1,tumor
nlkpghck-1,tumor
nlleacjh-1,tumor
nllgbamb-1,tumor
nllgcfco-1,tumor
nllhacfo-1,tumor
nllkneoa-1,tumor
nllnnaae-1,tumor
nlmgpdac-1,normal
nlmilelk-1,normal
nlmjamfl-1,normal
nlncefoe-1,normal
nlnhhhlp-1,normal
nlnjggia-1,normal
nlnpeihl-1,normal
nlocpena-1,normal
nlogcfaj-1,normal
nlohjnnl-1,normal
nloillnd-1,normal
nlomiemi-1,normal
nlpcgcic-1,normal
nlpdmbhl-1,normal
nlpeljhf-1,normal
nlpfhkgb-1,normal
nlpghfdm-1,normal
nlpjjnpa-1,normal
nlppdodi-1,normal
nmaaihbh-1,normal
nmadinlm-1,normal
nmafibee-1,normal
nmahoabc-1,normal
nmakdcai-1,normal
nmaooppg-1,tumor
nmaphanl-1,tumor
nmapnnih-1,tumor
nmbagbgg-1,normal
nmbdkhbe-1,normal
nmbfimig-1,normal
nmbmdgab-1,tumor
nmcfolgf-1,tumor
nmcllpkl-1,tumor
nmcmbnpo-1,tumor
nmcnejfe-1,tumor
nmcoaplj-1,tumor
nmdcahkc-1,tumor
nmddcbjl-1,tumor
nmdfhipo-1,tumor
nmdgbepe-1,tumor
nmdkkffc-1,tumor
nmebhpbo-1,normal
nmecikig-1,normal
nmecmcdg-1,normal
nmeigpol-1,normal
nmelnhmp-1,normal
nmenidno-1,normal
nmfhfgac-1,normal
nmfinpdk-1,normal
nmfkfpoi-1,normal
nmflelmh-1,normal
nmflhlpj-1,normal
nmfmgfli-1,normal
nmfnlnhn-1,normal
nmfoehim-1,normal
nmgehkfp-1,normal
nmgoihng-1,normal
nmhadlbm-1,normal
nmhaggck-1,normal
nmhnkfkf-1,normal
nmhpgpdk-1,normal
nmibokfd-1,normal
nmidhecc-1,normal
nmihnpeo-1,normal
nmikdmfk-1,normal
nmikngah-1,normal
nmjadddi-1,normal
nmjfhjkl-1,normal
nmjkkchd-1,normal
nmjlidlp-1,normal
nmkcjjpi-1,normal
nmkdegol-1,normal
nmkfmbci-1,normal
nmkghjbj-1,normal
nmkoeebe-1,normal
nmkpbjmn-1,normal
nmlcbnaj-1,normal
nmlefmob-1,normal
nmlmcoii-1,normal
nmlnhioc-1,normal
nmnamhbo-1,normal
nmnjngbn-1,normal
nmnpocpi-1,normal
nmobbpel-1,normal
nmodhnlf-1,normal
nmofbcjk-1,normal
nmofkmnc-1,normal
nmohejld-1,normal
nmoikflc-1,normal
nmoiolfb-1,normal
nmojioia-1,normal
nmonogoh-1,tumor
nmoockjk-1,normal
nmpheekb-1,normal
nmppccfj-1,normal
nnaclmlm-1,normal
nnadcfel-1,normal
nnaffedj-1,normal
nnalclpe-1,normal
nnbgppoc-1,normal
nnbojcib-1,normal
nnbpnmoi-1,normal
nncbabmc-1,normal
nncfolmp-1,normal
nncgnjpp-1,normal
nncldggn-1,normal
nndnhckm-1,normal
nnedgmkh-1,normal
nneefijo-1,normal
nnehdlod-1,normal
nnekpilp-1,normal
nnelalgp-1,tumor
nnfaifco-1,normal
nnfhcnak-1,normal
nnfkhoed-1,normal
nnfligpm-1,normal
nnfnnjig-1,normal
nngdnege-1,tumor
nngebmmg-1,tumor
nngfhppp-1,normal
nngnlgok-1,normal
nnhadjcg-1,normal
nnhkggom-1,normal
nnhlohbj-1,normal
nnhmliji-1,normal
nnianbdj-1,normal
nniapjfi-1,normal
nniceobi-1,normal
nnifmdgi-1,normal
nnjhobfi-1,normal
nnkfighd-1,normal
nnkggoej-1,normal
nnklkljg-1,normal
nnlamnpf-1,normal
nnlmbpao-1,normal
nnlpbcgc-1,normal
nnmdkand-1,normal
nnmfjacl-1,normal
nnmjlacn-1,normal
nnmpbflk-1,normal
nnndieeg-1,normal
nnngkkne-1,normal
nnocibdb-1,normal
nnodmpgb-1,normal
nnohjkml-1,normal
nnomiibg-1,normal
nnondbfl-1,normal
nnonjbih-1,normal
nnpdblgo-1,normal
nnpglbkk-1,normal
nnpgnjjn-1,normal
nnpiolbo-1,normal
noadodnc-1,normal
noakjccd-1,normal
noamkffe-1,normal
noampinh-1,normal
nobaechm-1,normal
nobhifjc-1,normal
nobhnpgi-1,normal
nobickao-1,normal
noblbhme-1,normal
noblhghi-1,normal
noblighi-1,normal
nobodjhc-1,normal
nobopmbi-1,normal
nocecmmo-1,normal
nochmgfa-1,normal
nocmnbhk-1,normal
nocomdja-1,normal
nodcbblm-1,normal
noddjfbn-1,normal
nodlglaa-1,normal
nodpfndn-1,normal
noejhami-1,normal
nofafbnf-1,normal
nofkllej-1,normal
noflejeg-1,normal
nogakopk-1,normal
noghpfhf-1,normal
nogkmllk-1,normal
noglolkl-1,normal
nohcnpln-1,normal
noheahfm-1,tumor
nohikilf-1,normal
nohippmb-1,tumor
nohkdlkm-1,normal
nohnanfo-1,normal
nohohhkj-1,normal
noigfpfe-1,normal
noijkplh-1,tumor
noioikli-1,tumor
nojplgbg-1,normal
nokcangm-1,normal
nokjahdb-1,normal
nokjcihm-1,normal
nokminip-1,normal
nolbhogg-1,normal
nolldmop-1,normal
nomfcoha-1,tumor
nomhcnbi-1,normal
nonahoal-1,tumor
nondikoa-1,normal
nonfblfj-1,normal
nonlkdfh-1,normal
noohfccp-1,normal
nooloofn-1,normal
noomonpm-1,normal
noooioaj-1,normal
nopchkjl-1,normal
nopfabbh-1,normal
nopffaob-1,normal
npaelddc-1,normal
npanofdd-1,normal
npbbpcgc-1,normal
npbmdjbj-1,normal
npbppmdp-1,normal
npcbenho-1,normal
npcibllp-1,normal
npddnkmj-1,normal
npdfaiel-1,normal
npdgkepb-1,normal
npeegpkk-1,normal
npemgidn-1,normal
npfhjbgb-1,normal
npgfmipp-1,normal
npgheled-1,normal
npginjdn-1,normal
npgjgjje-1,normal
npgmhcad-1,normal
nphknkff-1,normal
nphpbjgi-1,normal
npiaeion-1,normal
npiofmhp-1,normal
npjfpjjn-1,normal
npjhjjgl-1,normal
npjjdncl-1,normal
npjmocpj-1,normal
npjoakgk-1,normal
npjocaoj-1,normal
npkadbmc-1,normal
npmafded-1,normal
npmgcdie-1,normal
npmgemec-1,normal
npmgmmbb-1,normal
npmhfdic-1,normal
npmnkeni-1,normal
npogfloc-1,normal
npomjokg-1,normal
nppggipn-1,normal
nppkiolf-1,normal
oaahboii-1,normal
oaaiooeh-1,normal
oaappkcp-1,normal
oabhakfm-1,normal
oabjfpjd-1,normal
oabmbhph-1,normal
oabngmek-1,normal
oaceedka-1,normal
oaceimdh-1,normal
oacemopj-1,normal
oacfggad-1,normal
oackidfd-1,normal
oaclmdha-1,normal
oacnjdfc-1,normal
oacpobnh-1,normal
oadambei-1,normal
oadeaaao-1,normal
oadfpjmh-1,normal
oadlmcpg-1,normal
oadmlpce-1,normal
oadmmopa-1,normal
oadopppn-1,normal
oaegfepg-1,normal
oaepecji-1,normal
oaepjjpc-1,normal
oafbgjin-1,normal
oafeppkn-1,normal
oaffabfn-1,normal
oafiicke-1,normal
oafojmnn-1,normal
oagdhemj-1,normal
oagilgih-1,normal
oagjlpka-1,normal
oagkmcjb-1,normal
oagnkgea-1,normal
oagocdnl-1,normal
oagpbeej-1,normal
oahgbfke-1,normal
oahhaind-1,normal
oahiifnm-1,normal
oahlipen-1,normal
oahnfnfe-1,normal
oahpjbcc-1,normal
oaiackee-1,normal
oaieakei-1,normal
oaigbnen-1,normal
oaijbaed-1,normal
oaiodlkl-1,normal
oaipbnlj-1,normal
oajdafja-1,normal
oajffmic-1,normal
oajjmlnp-1,normal
oajlakep-1,normal
oajmlkfn-1,normal
oajmpdfb-1,normal
oajnbnac-1,normal
oajnmfjc-1,normal
oajpkhcg-1,normal
oakbhfgm-1,normal
oakdaonp-1,normal
oakeemch-1,normal
oakglaao-1,normal
oakhalmo-1,normal
oakhhemn-1,normal
oakipefc-1,normal
oakjelnp-1,normal
oakkannp-1,normal
oakmfagi-1,normal
oakojocm-1,normal
oalbjcip-1,normal
oalilmhp-1,normal
oalkfbce-1,normal
oambengd-1,normal
oamdgcof-1,normal
oamfkffg-1,tumor
oamgeing-1,tumor
oamhkcfc-1,tumor
oamjdfde-1,normal
oamkcbdl-1,tumor
oammmjdh-1,normal
oamnmnik-1,normal
oampdefg-1,normal
oampdmbj-1,normal
oanagilf-1,normal
oanaoapc-1,normal
oancpcmd-1,normal
oanhpklf-1,normal
oanokkaf-1,normal
oaockkij-1,normal
oaodaipe-1,normal
oaoedckp-1,normal
oaoofbnn-1,normal
oapaeien-1,normal
oapciclg-1,normal
oapciggi-1,normal
oaphknno-1,tumor
oapkcbfe-1,tumor
oaplfohj-1,normal
obadepbj-1,tumor
obagjcio-1,normal
obaiflip-1,tumor
obbeoill-1,normal
obcdafcb-1,normal
obcdhpmd-1,normal
obcdomfo-1,normal
obceflbd-1,normal
obchbbog-1,normal
obckfiak-1,normal
obcldphh-1,normal
obcpnaao-1,normal
obdgbpgd-1,normal
obdidfpe-1,tumor
obdjmoab-1,tumor
obdmfdfe-1,normal
obdoekmh-1,normal
obeaeeeo-1,normal
obeahnhp-1,normal
obedddgj-1,normal
obedmoip-1,normal
obeeaahb-1,normal
obeilfem-1,normal
obeimdcp-1,normal
obeipeam-1,normal
obepgfhn-1,normal
obfeonal-1,normal
obfhiojb-1,normal
obfjpnib-1,normal
obfkonhn-1,normal
obfojkkg-1,normal
obfpppad-1,normal
obgahlno-1,normal
obgcihhe-1,tumor
obgenjhl-1,tumor
obgfkffn-1,tumor
obgiggol-1,normal
obgjinkh-1,normal
obgomkgk-1,normal
obhlcoli-1,normal
obhmhbdh-1,normal
obhpoaoa-1,normal
obifbkah-1,tumor
obihjgjd-1,normal
obikimld-1,normal
obiomejf-1,normal
obippoap-1,normal
objgeajc-1,tumor
objhlakn-1,tumor
objihjii-1,tumor
objjhiad-1,normal
objmklfp-1,normal
objpmnka-1,normal
obkdmghi-1,normal
obkhlkfb-1,normal
obkikllk-1,normal
obkmjpfl-1,normal
obldagba-1,normal
oblmfbid-1,normal
oblngdpi-1,normal
obmdmcff-1,normal
obmghfem-1,normal
obmhfmke-1,normal
obmjkjek-1,normal
obmpbpek-1,tumor
obnajbah-1,normal
obnbahnb-1,tumor
obndiooh-1,tumor
obnhbpma-1,tumor
obnlnpai-1,normal
obobbpnj-1,normal
oboekala-1,normal
obohdodg-1,normal
obomgncd-1,normal
obpepaik-1,normal
obpgfkmc-1,normal
obpgkiem-1,tumor
obpjjioe-1,tumor
obpphdnp-1,normal
ocadeggp-1,tumor
ocaeaakj-1,normal
ocaecenp-1,normal
ocagehlc-1,tumor
ocaknojb-1,tumor
ocapkjah-1,normal
ocbapagl-1,normal
ocblgbmf-1,normal
occenjef-1,normal
occhedgn-1,normal
occkcanf-1,tumor
ocdalnil-1,tumor
ocddnlcn-1,tumor
ocdgpnek-1,tumor
ocdhbokl-1,normal
oceabhfe-1,normal
oceimjnf-1,normal
ocejibjo-1,normal
ocekebkc-1,tumor
ocemdghn-1,tumor
ocemknnk-1,normal
ocfeffmh-1,normal
ocfgalkf-1,normal
ocfkfcbp-1,normal
ocgfmccj-1,normal
ocggebjf-1,normal
ochcbmfh-1,normal
ochkpfic-1,normal
ochmemfi-1,normal
ocidhipa-1,normal
ocigdaan-1,normal
ocinohie-1,normal
ocjagjec-1,normal
ocjffddm-1,normal
ocjhflko-1,normal
ocjigohg-1,normal
ocjjbhfh-1,normal
ocjkmjgk-1,normal
ockaipba-1,normal
ockbaapm-1,normal
ockgebbh-1,normal
ockjkboh-1,normal
ockjlgjo-1,normal
ockladpm-1,tumor
ockmmjpg-1,normal
ocldmbnm-1,normal
ocljmjeo-1,normal
oclkejgp-1,tumor
oclmkici-1,normal
ocmfjnlp-1,normal
ocnahjgi-1,normal
ocnapnhg-1,normal
ocnbchpg-1,normal
ocnbnipj-1,normal
ocnigime-1,tumor
ocnldkmj-1,normal
ocoalhne-1,normal
ocojcecp-1,normal
ocpcaobg-1,normal
ocpgfdmh-1,normal
ocpmngbd-1,normal
ocpmnkgo-1,normal
ocpnebje-1,normal
odaodkdn-1,normal
odbbpnph-1,normal
odbimabj-1,normal
odbmelhk-1,normal
odccgomb-1,normal
odchenkd-1,normal
odchlkgo-1,normal
odcjlpni-1,normal
odcppiii-1,normal
oddacinn-1,normal
oddcdamb-1,normal
odddhppd-1,normal
oddfecha-1,normal
oddjbkmh-1,normal
oddjpieg-1,normal
oddnbpjm-1,normal
odeeegek-1,normal
odekbnpi-1,normal
odempahl-1,normal
odeobnnf-1,normal
odfljmom-1,normal
odfpeeop-1,tumor
odgfkhil-1,tumor
odgibgik-1,normal
odgkjicj-1,normal
odhcbhbf-1,tumor
odhckaha-1,tumor
odhdckoa-1,tumor
odhfngbf-1,tumor
odhihmnc-1,tumor
odhinfjo-1,tumor
odhldaoj-1,tumor
odhodmhd-1,normal
odhojfpe-1,tumor
odholobi-1,tumor
odijflmf-1,normal
odinennk-1,tumor
odipdgbe-1,normal
odldlfcd-1,normal
odlefckb-1,normal
odlgjecd-1,normal
odlgoadk-1,normal
odlhkiha-1,normal
odlnokij-1,tumor
odlokmjp-1,normal
odlpennc-1,tumor
odmahckk-1,tumor
odmfjpof-1,tumor
odmgbbdp-1,tumor
odmnajod-1,tumor
odmncong-1,normal
odmpnbnd-1,tumor
odnangko-1,tumor
odncjpgj-1,normal
odnfmmkd-1,normal
odnhgnkc-1,normal
odnlljdc-1,normal
ododcdgf-1,normal
ododkdje-1,normal
odollpll-1,normal
odpacfhb-1,normal
odpdpnnb-1,tumor
odpejocg-1,normal
odpjchpl-1,normal
odpnbheb-1,normal
oeadacfj-1,normal
oeadcflp-1,normal
oeaifddk-1,normal
oealihfb-1,tumor
oeamnlpl-1,tumor
oeaoljik-1,tumor
oebmlcpm-1,normal
oebneinj-1,normal
oeciomod-1,normal
oeclpngi-1,normal
oecnfckj-1,normal
oecnjfln-1,normal
oedeceol-1,tumor
oedepfmo-1,tumor
oedkjndg-1,normal
oednonka-1,normal
oeedecpc-1,normal
oeeebppl-1,normal
oeefpjbo-1,tumor
oeehmhjp-1,tumor
oeemmmin-1,normal
oefidncn-1,normal
oefjplch-1,normal
oefljlem-1,normal
oefmknbe-1,normal
oegcoikh-1,normal
oegfpbgi-1,normal
oegodcib-1,normal
oegphlak-1,normal
oegphllm-1,tumor
oehamall-1,tumor
oehckfjd-1,normal
oehfeinh-1,normal
oehhbeeb-1,normal
oehimfbo-1,normal
oehinigh-1,tumor
oehjdlii-1,normal
oehkcahf-1,normal
oehlphgd-1,tumor
oehmhkem-1,tumor
oehobbpl-1,tumor
oeicgdmo-1,normal
oeidnohc-1,normal
oeiehhna-1,normal
oeipblmh-1,normal
oejgihch-1,tumor
oejhifcp-1,normal
oejlkngo-1,normal
oejplnml-1,normal
oekgcphj-1,tumor
oeklmgjf-1,normal
oelmbjgn-1,normal
oelmdcac-1,normal
oelnibkl-1,normal
oeloiaoc-1,normal
oelpkill-1,normal
oemdomdo-1,normal
oemedned-1,normal
oemgmodi-1,normal
oemlkbfg-1,normal
oemlnhdh-1,normal
oencdfeg-1,normal
oengmjkm-1,normal
oenkojge-1,normal
oenmhoni-1,normal
oeoiecog-1,normal
oeojebjj-1,normal
oepaajbo-1,normal
oepappoj-1,normal
oepipmoi-1,normal
oeplebli-1,normal
ofabjnnf-1,normal
ofbfjbkm-1,normal
ofbggnnj-1,normal
ofbjmcnk-1,tumor
ofcbbagl-1,normal
ofclcdha-1,normal
ofddkifk-1,normal
ofdjhndi-1,normal
ofepbfpn-1,normal
ofgadglf-1,normal
ofgeidcf-1,normal
ofgipenk-1,normal
ofhhddbo-1,normal
ofhkefln-1,normal
ofidemkf-1,normal
ofieebbf-1,normal
ofjjbbmc-1,normal
ofkmfalk-1,normal
oflninik-1,normal
ofmgdkgc-1,normal
ofmhfllk-1,normal
ofnomfid-1,normal
ofpgpoam-1,normal
ofpifbdn-1,normal
ofpkgoek-1,normal
ofplodpe-1,tumor
ogalhapo-1,normal
ogbbfcai-1,normal
ogbceell-1,normal
ogbigkeo-1,normal
ogccemdo-1,normal
ogchnlhd-1,normal
ogcjmmbm-1,normal
ogcligkp-1,normal
ogcmbojn-1,normal
ogdghejl-1,normal
ogdjjcec-1,normal
ogdlmnpn-1,normal
ogdmcghm-1,normal
ogdmddkm-1,normal
ogdmehmm-1,normal
ogdpmeej-1,normal
ogeebein-1,normal
ogeefcmj-1,normal
ogeefcno-1,tumor
ogemjmkk-1,normal
ogfolpkc-1,normal
ogiepmgl-1,normal
ogifijad-1,normal
ogipkjkd-1,normal
ogjhalhn-1,normal
ogjlblfb-1,normal
ogkmchai-1,normal
oglafinc-1,normal
oglbipod-1,normal
ogmmmjoo-1,normal
ognhoihe-1,normal
ognndhho-1,normal
ognngbeg-1,normal
ognpdpgb-1,normal
ogomgjhi-1,normal
ogpeoijj-1,normal
ogppjodk-1,normal
ohainoee-1,normal
ohbcebpd-1,normal
ohbcnjha-1,normal
ohbikcba-1,normal
ohcfflja-1,normal
ohdolodh-1,normal
ohehaakd-1,normal
ohehdemg-1,normal
ohgkfdlh-1,normal
ohhbfkmf-1,tumor
ohhepono-1,normal
ohhgkeph-1,normal
ohiebfci-1,normal
ohkjeaap-1,normal
ohkolend-1,normal
ohlkfffp-1,normal
ohmibjoi-1,normal
ohnjdnma-1,normal
ohnpbnlf-1,normal
ohoeeaaj-1,normal
ohpbcmoo-1,normal
ohpmolfj-1,normal
ohpogplf-1,normal
ohppimmf-1,normal
oibhaeca-1,normal
oibkggmi-1,normal
oibmcajp-1,normal
oiboinha-1,normal
oicenmkn-1,normal
