,type_of_sampling,number,n_genes,mean_countsxcell,nmi,ari,F1score_all,F1score_gain,F1score_loss,ROC_gains,PR_gains,ROC_loss,PR_loss
5,counts,1.0,25691,370.47476,0.14273032177832434,0.13837929480793376,0.570135846342009,0.7453531349761898,0,0.797720340229738,0.14127398917925854,0.5167160348754418,0.0018588945568431452
4,counts,5.0,25691,1852.3746,0.4862111071037041,0.5362149686251377,0.6746830625840612,0.8621603831670702,0.03062382643769677,0.8921317347892904,0.501134713327622,0.5180274157842629,0.0018552324465337087
3,counts,10.0,25691,3704.75,0.6855498938567719,0.6342737749013906,0.7130097448948619,0.8775061388718937,0.18238482090743016,0.9067602670515041,0.6287767971101579,0.5569522153961166,0.003038552291498292
2,counts,20.0,25691,7409.5,0.7958454150878826,0.8430101165731159,0.7857004714105341,0.8941879583915128,0.4857289437202004,0.9223072740630904,0.690136674102701,0.6650346787837135,0.02032143175980264
1,counts,50.0,25691,18523.75,0.9199535822346475,0.9505589308249212,0.8337433506171547,0.89952079461705,0.6748992001695437,0.9280562142529833,0.7161646937913316,0.7634696937267068,0.12077526757452449
0,counts,70.0,25691,25933.25,0.8880861441109124,0.9194090571351156,0.8389566461901493,0.899266915643177,0.6994268470831393,0.928150736761281,0.7154562997550263,0.7802858165421988,0.1488945117023709
6,counts,100.0,25691,37047.5,0.9131748578150658,0.9340196886915808,0.8377373551868953,0.8900612891669284,0.7193019936898966,0.9207292193600943,0.6690565369603156,0.7924674139888321,0.13921789801269496
